Period,Number,BigSmall,Color
20260527100010983,2,Small,Red
20260527100010982,2,Small,Red
20260527100010981,4,Small,Red
20260527100010980,7,Big,Green
20260527100010979,1,Small,Green
20260527100010978,1,Small,Green
20260527100010977,2,Small,Red
20260527100010976,6,Big,Red
20260527100010975,2,Small,Red
20260527100010974,8,Big,Red
20260527100010973,2,Small,Red
20260527100010972,6,Big,Red
20260527100010971,1,Small,Green
20260527100010970,9,Big,Green
20260527100010969,4,Small,Red
20260527100010968,5,Big,Green Violet
20260527100010967,8,Big,Red
20260527100010966,4,Small,Red
20260527100010965,7,Big,Green
20260527100010964,4,Small,Red
20260527100010963,0,Small,Red Violet
20260527100010962,8,Big,Red
20260527100010961,0,Small,Red Violet
20260527100010960,6,Big,Red
20260527100010959,7,Big,Green
20260527100010958,1,Small,Green
20260527100010957,6,Big,Red
20260527100010956,5,Big,Green Violet
20260527100010955,8,Big,Red
20260527100010954,9,Big,Green
20260527100010953,6,Big,Red
20260527100010952,9,Big,Green
20260527100010951,9,Big,Green
20260527100010950,8,Big,Red
20260527100010949,1,Small,Green
20260527100010948,3,Small,Green
20260527100010947,9,Big,Green
20260527100010946,0,Small,Red Violet
20260527100010945,9,Big,Green
20260527100010944,3,Small,Green
20260527100010943,1,Small,Green
20260527100010942,5,Big,Green Violet
20260527100010941,1,Small,Green
20260527100010940,4,Small,Red
20260527100010939,5,Big,Green Violet
20260527100010938,4,Small,Red
20260527100010937,4,Small,Red
20260527100010936,7,Big,Green
20260527100010935,8,Big,Red
20260527100010934,3,Small,Green
20260527100010933,8,Big,Red
20260527100010932,5,Big,Green Violet
20260527100010931,0,Small,Red Violet
20260527100010930,2,Small,Red
20260527100010929,8,Big,Red
20260527100010928,9,Big,Green
20260527100010927,4,Small,Red
20260527100010926,7,Big,Green
20260527100010925,3,Small,Green
20260527100010924,9,Big,Green
20260527100010923,2,Small,Red
20260527100010922,6,Big,Red
20260527100010921,5,Big,Green Violet
20260527100010920,0,Small,Red Violet
20260527100010919,0,Small,Red Violet
20260527100010918,6,Big,Red
20260527100010917,6,Big,Red
20260527100010916,4,Small,Red
20260527100010915,1,Small,Green
20260527100010914,3,Small,Green
20260527100010913,5,Big,Green Violet
20260527100010912,8,Big,Red
20260527100010911,2,Small,Red
20260527100010910,3,Small,Green
20260527100010909,5,Big,Green Violet
20260527100010908,2,Small,Red
20260527100010907,6,Big,Red
20260527100010906,5,Big,Green Violet
20260527100010905,2,Small,Red
20260527100010904,8,Big,Red
20260527100010903,1,Small,Green
20260527100010902,7,Big,Green
20260527100010901,6,Big,Red
20260527100010900,5,Big,Green Violet
20260527100010899,5,Big,Green Violet
20260527100010898,8,Big,Red
20260527100010897,7,Big,Green
20260527100010896,6,Big,Red
20260527100010895,1,Small,Green
20260527100010894,2,Small,Red
20260527100010893,0,Small,Red Violet
20260527100010892,8,Big,Red
20260527100010891,4,Small,Red
20260527100010890,0,Small,Red Violet
20260527100010889,0,Small,Red Violet
20260527100010888,0,Small,Red Violet
20260527100010887,3,Small,Green
20260527100010886,1,Small,Green
20260527100010885,0,Small,Red Violet
20260527100010884,6,Big,Red
20260527100010883,2,Small,Red
20260527100010882,7,Big,Green
20260527100010881,3,Small,Green
20260527100010880,4,Small,Red
20260527100010879,1,Small,Green
20260527100010878,0,Small,Red Violet
20260527100010877,6,Big,Red
20260527100010876,4,Small,Red
20260527100010875,9,Big,Green
20260527100010874,4,Small,Red
20260527100010873,7,Big,Green
20260527100010872,2,Small,Red
20260527100010871,2,Small,Red
20260527100010870,5,Big,Green Violet
20260527100010869,6,Big,Red
20260527100010868,5,Big,Green Violet
20260527100010867,5,Big,Green Violet
20260527100010866,3,Small,Green
20260527100010865,2,Small,Red
20260527100010864,9,Big,Green
20260527100010863,5,Big,Green Violet
20260527100010862,5,Big,Green Violet
20260527100010861,5,Big,Green Violet
20260527100010860,3,Small,Green
20260527100010859,3,Small,Green
20260527100010858,6,Big,Red
20260527100010857,3,Small,Green
20260527100010856,7,Big,Green
20260527100010855,6,Big,Red
20260527100010854,8,Big,Red
20260527100010853,7,Big,Green
20260527100010852,0,Small,Red Violet
20260527100010851,4,Small,Red
20260527100010850,7,Big,Green
20260527100010849,4,Small,Red
20260527100010848,6,Big,Red
20260527100010847,7,Big,Green
20260527100010846,3,Small,Green
20260527100010845,2,Small,Red
20260527100010844,9,Big,Green
20260527100010843,3,Small,Green
20260527100010842,0,Small,Red Violet
20260527100010841,3,Small,Green
20260527100010840,3,Small,Green
20260527100010839,6,Big,Red
20260527100010838,2,Small,Red
20260527100010837,4,Small,Red
20260527100010836,8,Big,Red
20260527100010835,8,Big,Red
20260527100010834,7,Big,Green
20260527100010833,4,Small,Red
20260527100010832,8,Big,Red
20260527100010831,4,Small,Red
20260527100010830,9,Big,Green
20260527100010829,4,Small,Red
20260527100010828,0,Small,Red Violet
20260527100010827,9,Big,Green
20260527100010826,0,Small,Red Violet
20260527100010825,3,Small,Green
20260527100010824,6,Big,Red
20260527100010823,6,Big,Red
20260527100010822,9,Big,Green
20260527100010821,2,Small,Red
20260527100010820,9,Big,Green
20260527100010819,0,Small,Red Violet
20260527100010818,2,Small,Red
20260527100010817,2,Small,Red
20260527100010816,3,Small,Green
20260527100010815,4,Small,Red
20260527100010814,7,Big,Green
20260527100010813,0,Small,Red Violet
20260527100010812,0,Small,Red Violet
20260527100010811,8,Big,Red
20260527100010810,8,Big,Red
20260527100010809,5,Big,Green Violet
20260527100010808,4,Small,Red
20260527100010807,8,Big,Red
20260527100010806,3,Small,Green
20260527100010805,7,Big,Green
20260527100010804,7,Big,Green
20260527100010803,9,Big,Green
20260527100010802,7,Big,Green
20260527100010801,3,Small,Green
20260527100010800,0,Small,Red Violet
20260527100010799,0,Small,Red Violet
20260527100010798,1,Small,Green
20260527100010797,8,Big,Red
20260527100010796,3,Small,Green
20260527100010795,3,Small,Green
20260527100010794,7,Big,Green
20260527100010793,9,Big,Green
20260527100010792,5,Big,Green Violet
20260527100010791,9,Big,Green
20260527100010790,1,Small,Green
20260527100010789,2,Small,Red
20260527100010788,1,Small,Green
20260527100010787,0,Small,Red Violet
20260527100010786,4,Small,Red
20260527100010785,6,Big,Red
20260527100010784,6,Big,Red
20260527100010783,1,Small,Green
20260527100010782,7,Big,Green
20260527100010781,1,Small,Green
20260527100010780,0,Small,Red Violet
20260527100010779,9,Big,Green
20260527100010778,7,Big,Green
20260527100010777,5,Big,Green Violet
20260527100010776,6,Big,Red
20260527100010775,3,Small,Green
20260527100010774,4,Small,Red
20260527100010773,9,Big,Green
20260527100010772,1,Small,Green
20260527100010771,3,Small,Green
20260527100010770,8,Big,Red
20260527100010769,9,Big,Green
20260527100010768,0,Small,Red Violet
20260527100010767,5,Big,Green Violet
20260527100010766,2,Small,Red
20260527100010765,4,Small,Red
20260527100010764,1,Small,Green
20260527100010763,0,Small,Red Violet
20260527100010762,1,Small,Green
20260527100010761,0,Small,Red Violet
20260527100010760,3,Small,Green
20260527100010759,2,Small,Red
20260527100010758,8,Big,Red
20260527100010757,5,Big,Green Violet
20260527100010756,9,Big,Green
20260527100010755,4,Small,Red
20260527100010754,1,Small,Green
20260527100010753,4,Small,Red
20260527100010752,3,Small,Green
20260527100010751,8,Big,Red
20260527100010750,1,Small,Green
20260527100010749,6,Big,Red
20260527100010748,1,Small,Green
20260527100010747,9,Big,Green
20260527100010746,8,Big,Red
20260527100010745,6,Big,Red
20260527100010744,0,Small,Red Violet
20260527100010743,1,Small,Green
20260527100010742,4,Small,Red
20260527100010741,6,Big,Red
20260527100010740,2,Small,Red
20260527100010739,0,Small,Red Violet
20260527100010738,5,Big,Green Violet
20260527100010737,4,Small,Red
20260527100010736,9,Big,Green
20260527100010735,6,Big,Red
20260527100010734,0,Small,Red Violet
20260527100010733,6,Big,Red
20260527100010732,3,Small,Green
20260527100010731,8,Big,Red
20260527100010730,5,Big,Green Violet
20260527100010729,7,Big,Green
20260527100010728,6,Big,Red
20260527100010727,7,Big,Green
20260527100010726,6,Big,Red
20260527100010725,9,Big,Green
20260527100010724,5,Big,Green Violet
20260527100010723,9,Big,Green
20260527100010722,2,Small,Red
20260527100010721,1,Small,Green
20260527100010720,2,Small,Red
20260527100010719,2,Small,Red
20260527100010718,9,Big,Green
20260527100010717,3,Small,Green
20260527100010716,1,Small,Green
20260527100010715,7,Big,Green
20260527100010714,6,Big,Red
20260527100010713,1,Small,Green
20260527100010712,8,Big,Red
20260527100010711,9,Big,Green
20260527100010710,8,Big,Red
20260527100010709,3,Small,Green
20260527100010708,3,Small,Green
20260527100010707,7,Big,Green
20260527100010706,7,Big,Green
20260527100010705,2,Small,Red
20260527100010704,7,Big,Green
20260527100010703,3,Small,Green
20260527100010702,1,Small,Green
20260527100010701,2,Small,Red
20260527100010700,6,Big,Red
20260527100010699,6,Big,Red
20260527100010698,1,Small,Green
20260527100010697,3,Small,Green
20260527100010696,2,Small,Red
20260527100010695,5,Big,Green Violet
20260527100010694,6,Big,Red
20260527100010693,3,Small,Green
20260527100010692,0,Small,Red Violet
20260527100010691,9,Big,Green
20260527100010690,2,Small,Red
20260527100010689,8,Big,Red
20260527100010688,4,Small,Red
20260527100010687,1,Small,Green
20260527100010686,3,Small,Green
20260527100010685,1,Small,Green
20260527100010684,6,Big,Red
20260527100010683,6,Big,Red
20260527100010682,9,Big,Green
20260527100010681,9,Big,Green
20260527100010680,5,Big,Green Violet
20260527100010679,2,Small,Red
20260527100010678,3,Small,Green
20260527100010677,7,Big,Green
20260527100010676,5,Big,Green Violet
20260527100010675,3,Small,Green
20260527100010674,3,Small,Green
20260527100010673,6,Big,Red
20260527100010672,6,Big,Red
20260527100010671,6,Big,Red
20260527100010670,2,Small,Red
20260527100010669,7,Big,Green
20260527100010668,8,Big,Red
20260527100010667,2,Small,Red
20260527100010666,7,Big,Green
20260527100010665,9,Big,Green
20260527100010664,3,Small,Green
20260527100010663,3,Small,Green
20260527100010662,1,Small,Green
20260527100010661,7,Big,Green
20260527100010660,6,Big,Red
20260527100010659,3,Small,Green
20260527100010658,6,Big,Red
20260527100010657,5,Big,Green Violet
20260527100010656,7,Big,Green
20260527100010655,4,Small,Red
20260527100010654,4,Small,Red
20260527100010653,5,Big,Green Violet
20260527100010652,7,Big,Green
20260527100010651,8,Big,Red
20260527100010650,1,Small,Green
20260527100010649,6,Big,Red
20260527100010648,1,Small,Green
20260527100010647,0,Small,Red Violet
20260527100010646,1,Small,Green
20260527100010645,2,Small,Red
20260527100010644,9,Big,Green
20260527100010643,6,Big,Red
20260527100010642,8,Big,Red
20260527100010641,9,Big,Green
20260527100010640,3,Small,Green
20260527100010639,0,Small,Red Violet
20260527100010638,7,Big,Green
20260527100010637,0,Small,Red Violet
20260527100010636,5,Big,Green Violet
20260527100010635,4,Small,Red
20260527100010634,4,Small,Red
20260527100010633,2,Small,Red
20260527100010632,7,Big,Green
20260527100010631,3,Small,Green
20260527100010630,0,Small,Red Violet
20260527100010629,2,Small,Red
20260527100010628,9,Big,Green
20260527100010627,5,Big,Green Violet
20260527100010626,6,Big,Red
20260527100010625,5,Big,Green Violet
20260527100010624,5,Big,Green Violet
20260527100010623,0,Small,Red Violet
20260527100010622,7,Big,Green
20260527100010621,0,Small,Red Violet
20260527100010620,5,Big,Green Violet
20260527100010619,4,Small,Red
20260527100010618,5,Big,Green Violet
20260527100010617,0,Small,Red Violet
20260527100010616,7,Big,Green
20260527100010615,6,Big,Red
20260527100010614,9,Big,Green
20260527100010613,8,Big,Red
20260527100010612,5,Big,Green Violet
20260527100010611,8,Big,Red
20260527100010610,6,Big,Red
20260527100010609,4,Small,Red
20260527100010608,0,Small,Red Violet
20260527100010607,0,Small,Red Violet
20260527100010606,7,Big,Green
20260527100010605,4,Small,Red
20260527100010604,1,Small,Green
20260527100010603,8,Big,Red
20260527100010602,1,Small,Green
20260527100010601,9,Big,Green
20260527100010600,7,Big,Green
20260527100010599,1,Small,Green
20260527100010598,8,Big,Red
20260527100010597,9,Big,Green
20260527100010596,0,Small,Red Violet
20260527100010595,8,Big,Red
20260527100010594,0,Small,Red Violet
20260527100010593,1,Small,Green
20260527100010592,8,Big,Red
20260527100010591,5,Big,Green Violet
20260527100010590,8,Big,Red
20260527100010589,9,Big,Green
20260527100010588,5,Big,Green Violet
20260527100010587,3,Small,Green
20260527100010586,1,Small,Green
20260527100010585,1,Small,Green
20260527100010584,4,Small,Red
20260527100010583,4,Small,Red
20260527100010582,9,Big,Green
20260527100010581,6,Big,Red
20260527100010580,6,Big,Red
20260527100010579,7,Big,Green
20260527100010578,5,Big,Green Violet
20260527100010577,0,Small,Red Violet
20260527100010576,6,Big,Red
20260527100010575,2,Small,Red
20260527100010574,0,Small,Red Violet
20260527100010573,4,Small,Red
20260527100010572,1,Small,Green
20260527100010571,8,Big,Red
20260527100010570,8,Big,Red
20260527100010569,5,Big,Green Violet
20260527100010568,0,Small,Red Violet
20260527100010567,7,Big,Green
20260527100010566,0,Small,Red Violet
20260527100010565,4,Small,Red
20260527100010564,2,Small,Red
20260527100010563,9,Big,Green
20260527100010562,7,Big,Green
20260527100010561,1,Small,Green
20260527100010560,2,Small,Red
20260527100010559,5,Big,Green Violet
20260527100010558,4,Small,Red
20260527100010557,5,Big,Green Violet
20260527100010556,8,Big,Red
20260527100010555,7,Big,Green
20260527100010554,1,Small,Green
20260527100010553,4,Small,Red
20260527100010552,7,Big,Green
20260527100010551,5,Big,Green Violet
20260527100010550,4,Small,Red
20260527100010549,4,Small,Red
20260527100010548,7,Big,Green
20260527100010547,3,Small,Green
20260527100010546,4,Small,Red
20260527100010545,4,Small,Red
20260527100010544,5,Big,Green Violet
20260527100010543,4,Small,Red
20260527100010542,9,Big,Green
20260527100010541,7,Big,Green
20260527100010540,7,Big,Green
20260527100010539,5,Big,Green Violet
20260527100010538,2,Small,Red
20260527100010537,3,Small,Green
20260527100010536,9,Big,Green
20260527100010535,5,Big,Green Violet
20260527100010534,6,Big,Red
20260527100010533,0,Small,Red Violet
20260527100010532,4,Small,Red
20260527100010531,8,Big,Red
20260527100010530,8,Big,Red
20260527100010529,6,Big,Red
20260527100010528,1,Small,Green
20260527100010527,0,Small,Red Violet
20260527100010526,2,Small,Red
20260527100010525,1,Small,Green
20260527100010524,6,Big,Red
20260527100010523,1,Small,Green
20260527100010522,6,Big,Red
20260527100010521,9,Big,Green
20260527100010520,8,Big,Red
20260527100010519,7,Big,Green
20260527100010518,2,Small,Red
20260527100010517,5,Big,Green Violet
20260527100010516,4,Small,Red
20260527100010515,9,Big,Green
20260527100010514,0,Small,Red Violet
20260527100010513,8,Big,Red
20260527100010512,3,Small,Green
20260527100010511,2,Small,Red
20260527100010510,4,Small,Red
20260527100010509,3,Small,Green
20260527100010508,1,Small,Green
20260527100010507,2,Small,Red
20260527100010506,3,Small,Green
20260527100010505,4,Small,Red
20260527100010504,4,Small,Red
20260527100010503,5,Big,Green Violet
20260527100010502,6,Big,Red
20260527100010501,0,Small,Red Violet
20260527100010500,9,Big,Green
20260527100010499,9,Big,Green
20260527100010498,0,Small,Red Violet
20260527100010497,5,Big,Green Violet
20260527100010496,2,Small,Red
20260527100010495,1,Small,Green
20260527100010494,4,Small,Red
20260527100010493,2,Small,Red
20260527100010492,1,Small,Green
20260527100010491,5,Big,Green Violet
20260527100010490,7,Big,Green
20260527100010489,4,Small,Red
20260527100010488,9,Big,Green
20260527100010487,9,Big,Green
20260527100010486,5,Big,Green Violet
20260527100010485,7,Big,Green
20260527100010484,2,Small,Red
20260527100010483,4,Small,Red
20260527100010482,7,Big,Green
20260527100010481,0,Small,Red Violet
20260527100010480,0,Small,Red Violet
20260527100010479,4,Small,Red
20260527100010478,0,Small,Red Violet
20260527100010477,8,Big,Red
20260527100010476,7,Big,Green
20260527100010475,5,Big,Green Violet
20260527100010474,4,Small,Red
20260527100010473,3,Small,Green
20260527100010472,3,Small,Green
20260527100010471,1,Small,Green
20260527100010470,3,Small,Green
20260527100010469,0,Small,Red Violet
20260527100010468,0,Small,Red Violet
20260527100010467,1,Small,Green
20260527100010466,3,Small,Green
20260527100010465,0,Small,Red Violet
20260527100010464,5,Big,Green Violet
20260527100010463,0,Small,Red Violet
20260527100010462,2,Small,Red
20260527100010461,7,Big,Green
20260527100010460,4,Small,Red
20260527100010459,7,Big,Green
20260527100010458,3,Small,Green
20260527100010457,8,Big,Red
20260527100010456,9,Big,Green
20260527100010455,0,Small,Red Violet
20260527100010454,6,Big,Red
20260527100010453,0,Small,Red Violet
20260527100010452,7,Big,Green
20260527100010451,3,Small,Green
20260527100010450,9,Big,Green
20260527100010449,0,Small,Red Violet
20260527100010448,1,Small,Green
20260527100010447,1,Small,Green
20260527100010446,3,Small,Green
20260527100010445,4,Small,Red
20260527100010444,4,Small,Red
20260527100010443,3,Small,Green
20260527100010442,5,Big,Green Violet
20260527100010441,3,Small,Green
20260527100010440,1,Small,Green
20260527100010439,2,Small,Red
20260527100010438,2,Small,Red
20260527100010437,0,Small,Red Violet
20260527100010436,4,Small,Red
20260527100010435,0,Small,Red Violet
20260527100010434,0,Small,Red Violet
20260527100010433,2,Small,Red
20260527100010432,4,Small,Red
20260527100010431,2,Small,Red
20260527100010430,1,Small,Green
20260527100010429,1,Small,Green
20260527100010428,5,Big,Green Violet
20260527100010427,6,Big,Red
20260527100010426,7,Big,Green
20260527100010425,9,Big,Green
20260527100010424,8,Big,Red
20260527100010423,2,Small,Red
20260527100010422,0,Small,Red Violet
20260527100010421,3,Small,Green
20260527100010420,1,Small,Green
20260527100010419,6,Big,Red
20260527100010418,9,Big,Green
20260527100010417,2,Small,Red
20260527100010416,9,Big,Green
20260527100010415,0,Small,Red Violet
20260527100010414,9,Big,Green
20260527100010413,3,Small,Green
20260527100010412,5,Big,Green Violet
20260527100010411,1,Small,Green
20260527100010410,5,Big,Green Violet
20260527100010409,2,Small,Red
20260527100010408,3,Small,Green
20260527100010407,1,Small,Green
20260527100010406,7,Big,Green
20260527100010405,8,Big,Red
20260527100010404,6,Big,Red
20260527100010403,1,Small,Green
20260527100010402,8,Big,Red
20260527100010401,0,Small,Red Violet
20260527100010400,6,Big,Red
20260527100010399,4,Small,Red
20260527100010398,8,Big,Red
20260527100010397,7,Big,Green
20260527100010396,1,Small,Green
20260527100010395,4,Small,Red
20260527100010394,0,Small,Red Violet
20260527100010393,5,Big,Green Violet
20260527100010392,5,Big,Green Violet
20260527100010391,1,Small,Green
20260527100010390,1,Small,Green
20260527100010389,5,Big,Green Violet
20260527100010388,6,Big,Red
20260527100010387,6,Big,Red
20260527100010386,3,Small,Green
20260527100010385,8,Big,Red
20260527100010384,2,Small,Red
20260527100010383,4,Small,Red
20260527100010382,4,Small,Red
20260527100010381,3,Small,Green
20260527100010380,1,Small,Green
20260527100010379,7,Big,Green
20260527100010378,7,Big,Green
20260527100010377,1,Small,Green
20260527100010376,7,Big,Green
20260527100010375,5,Big,Green Violet
20260527100010374,1,Small,Green
20260527100010373,6,Big,Red
20260527100010372,8,Big,Red
20260527100010371,2,Small,Red
20260527100010370,1,Small,Green
20260527100010369,7,Big,Green
20260527100010368,1,Small,Green
20260527100010367,1,Small,Green
20260527100010366,2,Small,Red
20260527100010365,9,Big,Green
20260527100010364,9,Big,Green
20260527100010363,5,Big,Green Violet
20260527100010362,9,Big,Green
20260527100010361,4,Small,Red
20260527100010360,6,Big,Red
20260527100010359,8,Big,Red
20260527100010358,3,Small,Green
20260527100010357,1,Small,Green
20260527100010356,7,Big,Green
20260527100010355,5,Big,Green Violet
20260527100010354,4,Small,Red
20260527100010353,6,Big,Red
20260527100010352,6,Big,Red
20260527100010351,9,Big,Green
20260527100010350,0,Small,Red Violet
20260527100010349,3,Small,Green
20260527100010348,7,Big,Green
20260527100010347,1,Small,Green
20260527100010346,3,Small,Green
20260527100010345,1,Small,Green
20260527100010344,8,Big,Red
20260527100010343,1,Small,Green
20260527100010342,0,Small,Red Violet
20260527100010341,2,Small,Red
20260527100010340,7,Big,Green
20260527100010339,3,Small,Green
20260527100010338,0,Small,Red Violet
20260527100010337,3,Small,Green
20260527100010336,3,Small,Green
20260527100010335,5,Big,Green Violet
20260527100010334,7,Big,Green
20260527100010333,3,Small,Green
20260527100010332,1,Small,Green
20260527100010331,5,Big,Green Violet
20260527100010330,7,Big,Green
20260527100010329,6,Big,Red
20260527100010328,5,Big,Green Violet
20260527100010327,7,Big,Green
20260527100010326,8,Big,Red
20260527100010325,8,Big,Red
20260527100010324,7,Big,Green
20260527100010323,0,Small,Red Violet
20260527100010322,2,Small,Red
20260527100010321,7,Big,Green
20260527100010320,7,Big,Green
20260527100010319,4,Small,Red
20260527100010318,6,Big,Red
20260527100010317,5,Big,Green Violet
20260527100010316,0,Small,Red Violet
20260527100010315,6,Big,Red
20260527100010314,3,Small,Green
20260527100010313,9,Big,Green
20260527100010312,9,Big,Green
20260527100010311,1,Small,Green
20260527100010310,1,Small,Green
20260527100010309,4,Small,Red
20260527100010308,7,Big,Green
20260527100010307,6,Big,Red
20260527100010306,0,Small,Red Violet
20260527100010305,2,Small,Red
20260527100010304,5,Big,Green Violet
20260527100010303,7,Big,Green
20260527100010302,0,Small,Red Violet
20260527100010301,3,Small,Green
20260527100010300,8,Big,Red
20260527100010299,7,Big,Green
20260527100010298,0,Small,Red Violet
20260527100010297,5,Big,Green Violet
20260527100010296,3,Small,Green
20260527100010295,0,Small,Red Violet
20260527100010294,0,Small,Red Violet
20260527100010293,0,Small,Red Violet
20260527100010292,7,Big,Green
20260527100010291,6,Big,Red
20260527100010290,0,Small,Red Violet
20260527100010289,0,Small,Red Violet
20260527100010288,5,Big,Green Violet
20260527100010287,7,Big,Green
20260527100010286,5,Big,Green Violet
20260527100010285,2,Small,Red
20260527100010284,8,Big,Red
20260527100010283,4,Small,Red
20260527100010282,9,Big,Green
20260527100010281,1,Small,Green
20260527100010280,1,Small,Green
20260527100010279,6,Big,Red
20260527100010278,7,Big,Green
20260527100010277,6,Big,Red
20260527100010276,2,Small,Red
20260527100010275,1,Small,Green
20260527100010274,6,Big,Red
20260527100010273,1,Small,Green
20260527100010272,5,Big,Green Violet
20260527100010271,2,Small,Red
20260527100010270,7,Big,Green
20260527100010269,8,Big,Red
20260527100010268,8,Big,Red
20260527100010267,1,Small,Green
20260527100010266,2,Small,Red
20260527100010265,3,Small,Green
20260527100010264,7,Big,Green
20260527100010263,9,Big,Green
20260527100010262,0,Small,Red Violet
20260527100010261,4,Small,Red
20260527100010260,9,Big,Green
20260527100010259,4,Small,Red
20260527100010258,6,Big,Red
20260527100010257,0,Small,Red Violet
20260527100010256,4,Small,Red
20260527100010255,6,Big,Red
20260527100010254,4,Small,Red
20260527100010253,2,Small,Red
20260527100010252,6,Big,Red
20260527100010251,1,Small,Green
20260527100010250,1,Small,Green
20260527100010249,5,Big,Green Violet
20260527100010248,9,Big,Green
20260527100010247,8,Big,Red
20260527100010246,2,Small,Red
20260527100010245,2,Small,Red
20260527100010244,8,Big,Red
20260527100010243,6,Big,Red
20260527100010242,1,Small,Green
20260527100010241,7,Big,Green
20260527100010240,7,Big,Green
20260527100010239,8,Big,Red
20260527100010238,2,Small,Red
20260527100010237,9,Big,Green
20260527100010236,9,Big,Green
20260527100010235,5,Big,Green Violet
20260527100010234,3,Small,Green
20260527100010233,5,Big,Green Violet
20260527100010232,6,Big,Red
20260527100010231,1,Small,Green
20260527100010230,1,Small,Green
20260527100010229,4,Small,Red
20260527100010228,8,Big,Red
20260527100010227,7,Big,Green
20260527100010226,6,Big,Red
20260527100010225,4,Small,Red
20260527100010224,7,Big,Green
20260527100010223,4,Small,Red
20260527100010222,1,Small,Green
20260527100010221,5,Big,Green Violet
20260527100010220,6,Big,Red
20260527100010219,0,Small,Red Violet
20260527100010218,1,Small,Green
20260527100010217,3,Small,Green
20260527100010216,8,Big,Red
20260527100010215,2,Small,Red
20260527100010214,2,Small,Red
20260527100010213,1,Small,Green
20260527100010212,1,Small,Green
20260527100010211,1,Small,Green
20260527100010210,6,Big,Red
20260527100010209,9,Big,Green
20260527100010208,4,Small,Red
20260527100010207,9,Big,Green
20260527100010206,9,Big,Green
20260527100010205,5,Big,Green Violet
20260527100010204,0,Small,Red Violet
20260527100010203,9,Big,Green
20260527100010202,9,Big,Green
20260527100010201,0,Small,Red Violet
20260527100010200,3,Small,Green
20260527100010199,3,Small,Green
20260527100010198,2,Small,Red
20260527100010197,6,Big,Red
20260527100010196,2,Small,Red
20260527100010195,7,Big,Green
20260527100010194,7,Big,Green
20260527100010193,7,Big,Green
20260527100010192,3,Small,Green
20260527100010191,3,Small,Green
20260527100010190,9,Big,Green
20260527100010189,6,Big,Red
20260527100010188,2,Small,Red
20260527100010187,2,Small,Red
20260527100010186,6,Big,Red
20260527100010185,1,Small,Green
20260527100010184,6,Big,Red
20260527100010183,8,Big,Red
20260527100010182,6,Big,Red
20260527100010181,2,Small,Red
20260527100010180,1,Small,Green
20260527100010179,6,Big,Red
20260527100010178,2,Small,Red
20260527100010177,8,Big,Red
20260527100010176,5,Big,Green Violet
20260527100010175,7,Big,Green
20260527100010174,1,Small,Green
20260527100010173,0,Small,Red Violet
20260527100010172,1,Small,Green
20260527100010171,2,Small,Red
20260527100010170,0,Small,Red Violet
20260527100010169,7,Big,Green
20260527100010168,9,Big,Green
20260527100010167,6,Big,Red
20260527100010166,4,Small,Red
20260527100010165,1,Small,Green
20260527100010164,9,Big,Green
20260527100010163,3,Small,Green
20260527100010162,7,Big,Green
20260527100010161,3,Small,Green
20260527100010160,4,Small,Red
20260527100010159,8,Big,Red
20260527100010158,3,Small,Green
20260527100010157,9,Big,Green
20260527100010156,5,Big,Green Violet
20260527100010155,4,Small,Red
20260527100010154,5,Big,Green Violet
20260527100010153,7,Big,Green
20260527100010152,3,Small,Green
20260527100010151,5,Big,Green Violet
20260527100010150,3,Small,Green
20260527100010149,9,Big,Green
20260527100010148,2,Small,Red
20260527100010147,3,Small,Green
20260527100010146,1,Small,Green
20260527100010145,1,Small,Green
20260527100010144,4,Small,Red
20260527100010143,1,Small,Green
20260527100010142,0,Small,Red Violet
20260527100010141,3,Small,Green
20260527100010140,7,Big,Green
20260527100010139,4,Small,Red
20260527100010138,2,Small,Red
20260527100010137,7,Big,Green
20260527100010136,7,Big,Green
20260527100010135,1,Small,Green
20260527100010134,5,Big,Green Violet
20260527100010133,6,Big,Red
20260527100010132,1,Small,Green
20260527100010131,2,Small,Red
20260527100010130,7,Big,Green
20260527100010129,9,Big,Green
20260527100010128,1,Small,Green
20260527100010127,2,Small,Red
20260527100010126,2,Small,Red
20260527100010125,2,Small,Red
20260527100010124,3,Small,Green
20260527100010123,5,Big,Green Violet
20260527100010122,4,Small,Red
20260527100010121,0,Small,Red Violet
20260527100010120,9,Big,Green
20260527100010119,8,Big,Red
20260527100010118,6,Big,Red
20260527100010117,8,Big,Red
20260527100010116,2,Small,Red
20260527100010115,3,Small,Green
20260527100010114,8,Big,Red
20260527100010113,9,Big,Green
20260527100010112,2,Small,Red
20260527100010111,4,Small,Red
20260527100010110,8,Big,Red
20260527100010109,7,Big,Green
20260527100010108,7,Big,Green
20260527100010107,6,Big,Red
20260527100010106,4,Small,Red
20260527100010105,5,Big,Green Violet
20260527100010104,8,Big,Red
20260527100010103,0,Small,Red Violet
20260527100010102,3,Small,Green
20260527100010101,0,Small,Red Violet
20260527100010100,3,Small,Green
20260527100010099,6,Big,Red
20260527100010098,1,Small,Green
20260527100010097,2,Small,Red
20260527100010096,0,Small,Red Violet
20260527100010095,3,Small,Green
20260527100010094,4,Small,Red
20260527100010093,0,Small,Red Violet
20260527100010092,3,Small,Green
20260527100010091,5,Big,Green Violet
20260527100010090,0,Small,Red Violet
20260527100010089,2,Small,Red
20260527100010088,9,Big,Green
20260527100010087,3,Small,Green
20260527100010086,9,Big,Green
20260527100010085,1,Small,Green
20260527100010084,3,Small,Green
20260527100010083,7,Big,Green
20260527100010082,5,Big,Green Violet
20260527100010081,9,Big,Green
20260527100010080,0,Small,Red Violet
20260527100010079,2,Small,Red
20260527100010078,1,Small,Green
20260527100010077,7,Big,Green
20260527100010076,0,Small,Red Violet
20260527100010075,5,Big,Green Violet
20260527100010074,3,Small,Green
20260527100010073,7,Big,Green
20260527100010072,3,Small,Green
20260527100010071,4,Small,Red
20260527100010070,7,Big,Green
20260527100010069,2,Small,Red
20260527100010068,9,Big,Green
20260527100010067,8,Big,Red
20260527100010066,0,Small,Red Violet
20260527100010065,6,Big,Red
20260527100010064,5,Big,Green Violet
20260527100010063,3,Small,Green
20260527100010062,4,Small,Red
20260527100010061,5,Big,Green Violet
20260527100010060,0,Small,Red Violet
20260527100010059,5,Big,Green Violet
20260527100010058,9,Big,Green
20260527100010057,4,Small,Red
20260527100010056,3,Small,Green
20260527100010055,6,Big,Red
20260527100010054,4,Small,Red
20260527100010053,2,Small,Red
20260527100010052,4,Small,Red
20260527100010051,4,Small,Red
20260527100010050,5,Big,Green Violet
20260527100010049,3,Small,Green
20260527100010048,2,Small,Red
20260527100010047,0,Small,Red Violet
20260527100010046,1,Small,Green
20260527100010045,9,Big,Green
20260527100010044,2,Small,Red
20260527100010043,8,Big,Red
20260527100010042,9,Big,Green
20260527100010041,9,Big,Green
20260527100010040,2,Small,Red
20260527100010039,3,Small,Green
20260527100010038,5,Big,Green Violet
20260527100010037,4,Small,Red
20260527100010036,7,Big,Green
20260527100010035,8,Big,Red
20260527100010034,8,Big,Red
20260527100010033,9,Big,Green
20260527100010032,7,Big,Green
20260527100010031,5,Big,Green Violet
20260527100010030,1,Small,Green
20260527100010029,9,Big,Green
20260527100010028,5,Big,Green Violet
20260527100010027,9,Big,Green
20260527100010026,5,Big,Green Violet
20260527100010025,2,Small,Red
20260527100010024,2,Small,Red
20260527100010023,8,Big,Red
20260527100010022,6,Big,Red
20260527100010021,8,Big,Red
20260527100010020,5,Big,Green Violet
20260527100010019,1,Small,Green
20260527100010018,9,Big,Green
20260527100010017,8,Big,Red
20260527100010016,6,Big,Red
20260527100010015,8,Big,Red
20260527100010014,0,Small,Red Violet
20260527100010013,6,Big,Red
20260527100010012,7,Big,Green
20260527100010011,1,Small,Green
20260527100010010,0,Small,Red Violet
20260527100010009,5,Big,Green Violet
20260527100010008,8,Big,Red
20260527100010007,3,Small,Green
20260527100010006,0,Small,Red Violet
20260527100010005,9,Big,Green
20260527100010004,0,Small,Red Violet
20260527100010003,6,Big,Red
20260527100010002,8,Big,Red
20260527100010001,1,Small,Green
20260527100010000,2,Small,Red
20260527100009999,0,Small,Red Violet
20260527100009998,6,Big,Red
20260527100009997,2,Small,Red
20260527100009996,8,Big,Red
20260527100009995,1,Small,Green
20260527100009994,0,Small,Red Violet
20260527100009993,2,Small,Red
20260527100009992,3,Small,Green
20260527100009991,1,Small,Green
20260527100009990,6,Big,Red
20260527100009989,8,Big,Red
20260527100009988,4,Small,Red
20260527100009987,0,Small,Red Violet
20260527100009986,2,Small,Red
20260527100009985,7,Big,Green
20260527100009984,2,Small,Red
20260527100009983,1,Small,Green
20260527100009982,9,Big,Green
20260527100009981,7,Big,Green
20260527100009980,2,Small,Red
20260527100009979,2,Small,Red
20260527100009978,3,Small,Green
20260527100009977,2,Small,Red
20260527100009976,0,Small,Red Violet
20260527100009975,3,Small,Green
20260527100009974,8,Big,Red
20260527100009973,8,Big,Red
20260527100009972,8,Big,Red
20260527100009971,7,Big,Green
20260527100009970,2,Small,Red
20260527100009969,5,Big,Green Violet
20260527100009968,3,Small,Green
20260527100009967,0,Small,Red Violet
20260527100009966,3,Small,Green
20260527100009965,7,Big,Green
20260527100009964,6,Big,Red
20260527100009963,5,Big,Green Violet
20260527100009962,9,Big,Green
20260527100009961,6,Big,Red
20260527100009960,0,Small,Red Violet
20260527100009959,6,Big,Red
20260527100009958,5,Big,Green Violet
20260527100009957,1,Small,Green
20260527100009956,7,Big,Green
20260527100009955,6,Big,Red
20260527100009954,5,Big,Green Violet
20260527100009953,3,Small,Green
20260527100009952,9,Big,Green
20260527100009951,7,Big,Green
20260527100009950,7,Big,Green
20260527100009949,7,Big,Green
20260527100009948,3,Small,Green
20260527100009947,4,Small,Red
20260527100009946,7,Big,Green
20260527100009945,6,Big,Red
20260527100009944,6,Big,Red
20260527100009943,2,Small,Red
20260527100009942,1,Small,Green
20260527100009941,2,Small,Red
20260527100009940,4,Small,Red
20260527100009939,9,Big,Green
20260527100009938,5,Big,Green Violet
20260527100009937,1,Small,Green
20260527100009936,2,Small,Red
20260527100009935,2,Small,Red
20260527100009934,9,Big,Green
20260527100009933,5,Big,Green Violet
20260527100009932,3,Small,Green
20260527100009931,6,Big,Red
20260527100009930,6,Big,Red
20260527100009929,1,Small,Green
20260527100009928,0,Small,Red Violet
20260527100009927,5,Big,Green Violet
20260527100009926,8,Big,Red
20260527100009925,1,Small,Green
20260527100009924,0,Small,Red Violet
20260527100009923,7,Big,Green
20260527100009922,3,Small,Green
20260527100009921,0,Small,Red Violet
20260527100009920,4,Small,Red
20260527100009919,7,Big,Green
20260527100009918,6,Big,Red
20260527100009917,6,Big,Red
20260527100009916,4,Small,Red
20260527100009915,1,Small,Green
20260527100009914,6,Big,Red
20260527100009913,4,Small,Red
20260527100009912,9,Big,Green
20260527100009911,6,Big,Red
20260527100009910,0,Small,Red Violet
20260527100009909,7,Big,Green
20260527100009908,8,Big,Red
20260527100009907,6,Big,Red
20260527100009906,8,Big,Red
20260527100009905,3,Small,Green
20260527100009904,5,Big,Green Violet
20260527100009903,8,Big,Red
20260527100009902,3,Small,Green
20260527100009901,0,Small,Red Violet
20260527100009900,0,Small,Red Violet
20260527100009899,9,Big,Green
20260527100009898,4,Small,Red
20260527100009897,2,Small,Red
20260527100009896,7,Big,Green
20260527100009895,4,Small,Red
20260527100009894,3,Small,Green
20260527100009893,0,Small,Red Violet
20260527100009892,9,Big,Green
20260527100009891,3,Small,Green
20260527100009890,5,Big,Green Violet
20260527100009889,3,Small,Green
20260527100009888,4,Small,Red
20260527100009887,8,Big,Red
20260527100009886,7,Big,Green
20260527100009885,9,Big,Green
20260527100009884,9,Big,Green
20260527100009883,9,Big,Green
20260527100009882,7,Big,Green
20260527100009881,3,Small,Green
20260527100009880,4,Small,Red
20260527100009879,9,Big,Green
20260527100009878,2,Small,Red
20260527100009877,8,Big,Red
20260527100009876,2,Small,Red
20260527100009875,6,Big,Red
20260527100009874,6,Big,Red
20260527100009873,2,Small,Red
20260527100009872,3,Small,Green
20260527100009871,3,Small,Green
20260527100009870,6,Big,Red
20260527100009869,3,Small,Green
20260527100009868,5,Big,Green Violet
20260527100009867,2,Small,Red
20260527100009866,6,Big,Red
20260527100009865,2,Small,Red
20260527100009864,0,Small,Red Violet
20260527100009863,8,Big,Red
20260527100009862,5,Big,Green Violet
20260527100009861,8,Big,Red
20260527100009860,2,Small,Red
20260527100009859,4,Small,Red
20260527100009858,4,Small,Red
20260527100009857,8,Big,Red
20260527100009856,8,Big,Red
20260527100009855,7,Big,Green
20260527100009854,6,Big,Red
20260527100009853,8,Big,Red
20260527100009852,2,Small,Red
20260527100009851,0,Small,Red Violet
20260527100009850,3,Small,Green
20260527100009849,4,Small,Red
20260527100009848,3,Small,Green
20260527100009847,9,Big,Green
20260527100009846,3,Small,Green
20260527100009845,2,Small,Red
20260527100009844,9,Big,Green
20260527100009843,7,Big,Green
20260527100009842,2,Small,Red
20260527100009841,1,Small,Green
20260527100009840,4,Small,Red
20260527100009839,0,Small,Red Violet
20260527100009838,2,Small,Red
20260527100009837,0,Small,Red Violet
20260527100009836,2,Small,Red
20260527100009835,5,Big,Green Violet
20260527100009834,0,Small,Red Violet
20260527100009833,1,Small,Green
20260527100009832,0,Small,Red Violet
20260527100009831,3,Small,Green
20260527100009830,2,Small,Red
20260527100009829,0,Small,Red Violet
20260527100009828,5,Big,Green Violet
20260527100009827,2,Small,Red
20260527100009826,5,Big,Green Violet
20260527100009825,9,Big,Green
20260527100009824,1,Small,Green
20260527100009823,6,Big,Red
20260527100009822,9,Big,Green
20260527100009821,2,Small,Red
20260527100009820,0,Small,Red Violet
20260527100009819,0,Small,Red Violet
20260527100009818,4,Small,Red
20260527100009817,8,Big,Red
20260527100009816,6,Big,Red
20260527100009815,6,Big,Red
20260527100009814,4,Small,Red
20260527100009813,1,Small,Green
20260527100009812,5,Big,Green Violet
20260527100009811,6,Big,Red
20260527100009810,2,Small,Red
20260527100009809,8,Big,Red
20260527100009808,6,Big,Red
20260527100009807,6,Big,Red
20260527100009806,2,Small,Red
20260527100009805,4,Small,Red
20260527100009804,8,Big,Red
20260527100009803,6,Big,Red
20260527100009802,6,Big,Red
20260527100009801,7,Big,Green
20260527100009800,2,Small,Red
20260527100009799,7,Big,Green
20260527100009798,3,Small,Green
20260527100009797,6,Big,Red
20260527100009796,1,Small,Green
20260527100009795,7,Big,Green
20260527100009794,3,Small,Green
20260527100009793,3,Small,Green
20260527100009792,4,Small,Red
20260527100009791,9,Big,Green
20260527100009790,0,Small,Red Violet
20260527100009789,2,Small,Red
20260527100009788,7,Big,Green
20260527100009787,5,Big,Green Violet
20260527100009786,1,Small,Green
20260527100009785,0,Small,Red Violet
20260527100009784,4,Small,Red
20260527100009783,5,Big,Green Violet
20260527100009782,1,Small,Green
20260527100009781,2,Small,Red
20260527100009780,5,Big,Green Violet
20260527100009779,8,Big,Red
20260527100009778,1,Small,Green
20260527100009777,1,Small,Green
20260527100009776,7,Big,Green
20260527100009775,7,Big,Green
20260527100009774,8,Big,Red
20260527100009773,2,Small,Red
20260527100009772,0,Small,Red Violet
20260527100009771,4,Small,Red
20260527100009770,1,Small,Green
20260527100009769,0,Small,Red Violet
20260527100009768,2,Small,Red
20260527100009767,5,Big,Green Violet
20260527100009766,3,Small,Green
20260527100009765,7,Big,Green
20260527100009764,3,Small,Green
20260527100009763,1,Small,Green
20260527100009762,3,Small,Green
20260527100009761,8,Big,Red
20260527100009760,5,Big,Green Violet
20260527100009759,4,Small,Red
20260527100009758,2,Small,Red
20260527100009757,1,Small,Green
20260527100009756,2,Small,Red
20260527100009755,3,Small,Green
20260527100009754,2,Small,Red
20260527100009753,4,Small,Red
20260527100009752,8,Big,Red
20260527100009751,2,Small,Red
20260527100009750,5,Big,Green Violet
20260527100009749,9,Big,Green
20260527100009748,2,Small,Red
20260527100009747,3,Small,Green
20260527100009746,7,Big,Green
20260527100009745,2,Small,Red
20260527100009744,7,Big,Green
20260527100009743,7,Big,Green
20260527100009742,4,Small,Red
20260527100009741,1,Small,Green
20260527100009740,4,Small,Red
20260527100009739,0,Small,Red Violet
20260527100009738,5,Big,Green Violet
20260527100009737,8,Big,Red
20260527100009736,6,Big,Red
20260527100009735,2,Small,Red
20260527100009734,1,Small,Green
20260527100009733,2,Small,Red
20260527100009732,6,Big,Red
20260527100009731,2,Small,Red
20260527100009730,4,Small,Red
20260527100009729,0,Small,Red Violet
20260527100009728,7,Big,Green
20260527100009727,8,Big,Red
20260527100009726,6,Big,Red
20260527100009725,1,Small,Green
20260527100009724,4,Small,Red
20260527100009723,8,Big,Red
20260527100009722,3,Small,Green
20260527100009721,0,Small,Red Violet
20260527100009720,0,Small,Red Violet
20260527100009719,3,Small,Green
20260527100009718,5,Big,Green Violet
20260527100009717,8,Big,Red
20260527100009716,3,Small,Green
20260527100009715,0,Small,Red Violet
20260527100009714,5,Big,Green Violet
20260527100009713,5,Big,Green Violet
20260527100009712,1,Small,Green
20260527100009711,2,Small,Red
20260527100009710,8,Big,Red
20260527100009709,2,Small,Red
20260527100009708,8,Big,Red
20260527100009707,5,Big,Green Violet
20260527100009706,8,Big,Red
20260527100009705,5,Big,Green Violet
20260527100009704,9,Big,Green
20260527100009703,7,Big,Green
20260527100009702,5,Big,Green Violet
20260527100009701,2,Small,Red
20260527100009700,9,Big,Green
20260527100009699,7,Big,Green
20260527100009698,5,Big,Green Violet
20260527100009697,0,Small,Red Violet
20260527100009696,0,Small,Red Violet
20260527100009695,2,Small,Red
20260527100009694,9,Big,Green
20260527100009693,2,Small,Red
20260527100009692,2,Small,Red
20260527100009691,7,Big,Green
20260527100009690,7,Big,Green
20260527100009689,5,Big,Green Violet
20260527100009688,4,Small,Red
20260527100009687,6,Big,Red
20260527100009686,6,Big,Red
20260527100009685,8,Big,Red
20260527100009684,6,Big,Red
20260527100009683,5,Big,Green Violet
20260527100009682,3,Small,Green
20260527100009681,9,Big,Green
20260527100009680,7,Big,Green
20260527100009679,4,Small,Red
20260527100009678,7,Big,Green
20260527100009677,8,Big,Red
20260527100009676,3,Small,Green
20260527100009675,5,Big,Green Violet
20260527100009674,2,Small,Red
20260527100009673,8,Big,Red
20260527100009672,8,Big,Red
20260527100009671,2,Small,Red
20260527100009670,5,Big,Green Violet
20260527100009669,7,Big,Green
20260527100009668,9,Big,Green
20260527100009667,9,Big,Green
20260527100009666,3,Small,Green
20260527100009665,8,Big,Red
20260527100009664,7,Big,Green
20260527100009663,3,Small,Green
20260527100009662,0,Small,Red Violet
20260527100009661,3,Small,Green
20260527100009660,8,Big,Red
20260527100009659,4,Small,Red
20260527100009658,8,Big,Red
20260527100009657,4,Small,Red
20260527100009656,0,Small,Red Violet
20260527100009655,1,Small,Green
20260527100009654,6,Big,Red
20260527100009653,0,Small,Red Violet
20260527100009652,8,Big,Red
20260527100009651,3,Small,Green
20260527100009650,4,Small,Red
20260527100009649,8,Big,Red
20260527100009648,5,Big,Green Violet
20260527100009647,0,Small,Red Violet
20260527100009646,5,Big,Green Violet
20260527100009645,9,Big,Green
20260527100009644,7,Big,Green
20260527100009643,5,Big,Green Violet
20260527100009642,1,Small,Green
20260527100009641,6,Big,Red
20260527100009640,6,Big,Red
20260527100009639,3,Small,Green
20260527100009638,0,Small,Red Violet
20260527100009637,0,Small,Red Violet
20260527100009636,1,Small,Green
20260527100009635,4,Small,Red
20260527100009634,6,Big,Red
20260527100009633,0,Small,Red Violet
20260527100009632,8,Big,Red
20260527100009631,1,Small,Green
20260527100009630,9,Big,Green
20260527100009629,2,Small,Red
20260527100009628,5,Big,Green Violet
20260527100009627,0,Small,Red Violet
20260527100009626,6,Big,Red
20260527100009625,3,Small,Green
20260527100009624,1,Small,Green
20260527100009623,9,Big,Green
20260527100009622,6,Big,Red
20260527100009621,4,Small,Red
20260527100009620,0,Small,Red Violet
20260527100009619,0,Small,Red Violet
20260527100009618,4,Small,Red
20260527100009617,9,Big,Green
20260527100009616,1,Small,Green
20260527100009615,4,Small,Red
20260527100009614,2,Small,Red
20260527100009613,1,Small,Green
20260527100009612,8,Big,Red
20260527100009611,1,Small,Green
20260527100009610,4,Small,Red
20260527100009609,6,Big,Red
20260527100009608,5,Big,Green Violet
20260527100009607,4,Small,Red
20260527100009606,6,Big,Red
20260527100009605,7,Big,Green
20260527100009604,6,Big,Red
20260527100009603,8,Big,Red
20260527100009602,8,Big,Red
20260527100009601,7,Big,Green
20260527100009600,3,Small,Green
20260527100009599,5,Big,Green Violet
20260527100009598,1,Small,Green
20260527100009597,0,Small,Red Violet
20260527100009596,7,Big,Green
20260527100009595,9,Big,Green
20260527100009594,3,Small,Green
20260527100009593,0,Small,Red Violet
20260527100009592,0,Small,Red Violet
20260527100009591,9,Big,Green
20260527100009590,9,Big,Green
20260527100009589,2,Small,Red
20260527100009588,7,Big,Green
20260527100009587,0,Small,Red Violet
20260527100009586,3,Small,Green
20260527100009585,6,Big,Red
20260527100009584,4,Small,Red
20260527100009583,3,Small,Green
20260527100009582,9,Big,Green
20260527100009581,1,Small,Green
20260527100009580,3,Small,Green
20260527100009579,7,Big,Green
20260527100009578,5,Big,Green Violet
20260527100009577,8,Big,Red
20260527100009576,6,Big,Red
20260527100009575,7,Big,Green
20260527100009574,1,Small,Green
20260527100009573,1,Small,Green
20260527100009572,9,Big,Green
20260527100009571,9,Big,Green
20260527100009570,7,Big,Green
20260527100009569,2,Small,Red
20260527100009568,6,Big,Red
20260527100009567,9,Big,Green
20260527100009566,2,Small,Red
20260527100009565,2,Small,Red
20260527100009564,2,Small,Red
20260527100009563,8,Big,Red
20260527100009562,4,Small,Red
20260527100009561,6,Big,Red
20260527100009560,5,Big,Green Violet
20260527100009559,8,Big,Red
20260527100009558,4,Small,Red
20260527100009557,7,Big,Green
20260527100009556,3,Small,Green
20260527100009555,3,Small,Green
20260527100009554,6,Big,Red
20260527100009553,3,Small,Green
20260527100009552,3,Small,Green
20260527100009551,7,Big,Green
20260527100009550,8,Big,Red
20260527100009549,8,Big,Red
20260527100009548,1,Small,Green
20260527100009547,0,Small,Red Violet
20260527100009546,3,Small,Green
20260527100009545,3,Small,Green
20260527100009544,2,Small,Red
20260527100009543,5,Big,Green Violet
20260527100009542,2,Small,Red
20260527100009541,9,Big,Green
20260527100009540,6,Big,Red
20260527100009539,1,Small,Green
20260527100009538,4,Small,Red
20260527100009537,5,Big,Green Violet
20260527100009536,6,Big,Red
20260527100009535,4,Small,Red
20260527100009534,4,Small,Red
20260527100009533,3,Small,Green
20260527100009532,9,Big,Green
20260527100009531,1,Small,Green
20260527100009530,0,Small,Red Violet
20260527100009529,9,Big,Green
20260527100009528,5,Big,Green Violet
20260527100009527,4,Small,Red
20260527100009526,7,Big,Green
20260527100009525,8,Big,Red
20260527100009524,3,Small,Green
20260527100009523,3,Small,Green
20260527100009522,3,Small,Green
20260527100009521,7,Big,Green
20260527100009520,3,Small,Green
20260527100009519,4,Small,Red
20260527100009518,2,Small,Red
20260527100009517,6,Big,Red
20260527100009516,4,Small,Red
20260527100009515,0,Small,Red Violet
20260527100009514,2,Small,Red
20260527100009513,3,Small,Green
20260527100009512,7,Big,Green
20260527100009511,8,Big,Red
20260527100009510,3,Small,Green
20260527100009509,3,Small,Green
20260527100009508,4,Small,Red
20260527100009507,8,Big,Red
20260527100009506,3,Small,Green
20260527100009505,6,Big,Red
20260527100009504,9,Big,Green
20260527100009503,3,Small,Green
20260527100009502,8,Big,Red
20260527100009501,7,Big,Green
20260527100009500,0,Small,Red Violet
20260527100009499,9,Big,Green
20260527100009498,1,Small,Green
20260527100009497,8,Big,Red
20260527100009496,1,Small,Green
20260527100009495,0,Small,Red Violet
20260527100009494,9,Big,Green
20260527100009493,6,Big,Red
20260527100009492,1,Small,Green
20260527100009491,6,Big,Red
20260527100009490,8,Big,Red
20260527100009489,0,Small,Red Violet
20260527100009488,5,Big,Green Violet
20260527100009487,2,Small,Red
20260527100009486,0,Small,Red Violet
20260527100009485,5,Big,Green Violet
20260527100009484,5,Big,Green Violet
20260527100009483,5,Big,Green Violet
20260527100009482,9,Big,Green
20260527100009481,6,Big,Red
20260527100009480,3,Small,Green
20260527100009479,9,Big,Green
20260527100009478,7,Big,Green
20260527100009477,2,Small,Red
20260527100009476,3,Small,Green
20260527100009475,6,Big,Red
20260527100009474,9,Big,Green
20260527100009473,6,Big,Red
20260527100009472,2,Small,Red
20260527100009471,1,Small,Green
20260527100009470,9,Big,Green
20260527100009469,7,Big,Green
20260527100009468,1,Small,Green
20260527100009467,4,Small,Red
20260527100009466,3,Small,Green
20260527100009465,6,Big,Red
20260527100009464,2,Small,Red
20260527100009463,7,Big,Green
20260527100009462,6,Big,Red
20260527100009461,9,Big,Green
20260527100009460,0,Small,Red Violet
20260527100009459,1,Small,Green
20260527100009458,7,Big,Green
20260527100009457,1,Small,Green
20260527100009456,2,Small,Red
20260527100009455,0,Small,Red Violet
20260527100009454,2,Small,Red
20260527100009453,6,Big,Red
20260527100009452,6,Big,Red
20260527100009451,3,Small,Green
20260527100009450,4,Small,Red
20260527100009449,6,Big,Red
20260527100009448,4,Small,Red
20260527100009447,7,Big,Green
20260527100009446,8,Big,Red
20260527100009445,9,Big,Green
20260527100009444,3,Small,Green
20260527100009443,0,Small,Red Violet
20260527100009442,5,Big,Green Violet
20260527100009441,9,Big,Green
20260527100009440,6,Big,Red
20260527100009439,9,Big,Green
20260527100009438,9,Big,Green
20260527100009437,2,Small,Red
20260527100009436,3,Small,Green
20260527100009435,3,Small,Green
20260527100009434,9,Big,Green
20260527100009433,3,Small,Green
20260527100009432,5,Big,Green Violet
20260527100009431,7,Big,Green
20260527100009430,2,Small,Red
20260527100009429,8,Big,Red
20260527100009428,2,Small,Red
20260527100009427,4,Small,Red
20260527100009426,7,Big,Green
20260527100009425,3,Small,Green
20260527100009424,8,Big,Red
20260527100009423,3,Small,Green
20260527100009422,6,Big,Red
20260527100009421,2,Small,Red
20260527100009420,7,Big,Green
20260527100009419,8,Big,Red
20260527100009418,8,Big,Red
20260527100009417,5,Big,Green Violet
20260527100009416,5,Big,Green Violet
20260527100009415,4,Small,Red
20260527100009414,1,Small,Green
20260527100009413,1,Small,Green
20260527100009412,1,Small,Green
20260527100009411,3,Small,Green
20260527100009410,6,Big,Red
20260527100009409,2,Small,Red
20260527100009408,3,Small,Green
20260527100009407,0,Small,Red Violet
20260527100009406,3,Small,Green
20260527100009405,3,Small,Green
20260527100009404,6,Big,Red
20260527100009403,2,Small,Red
20260527100009402,7,Big,Green
20260527100009401,9,Big,Green
20260527100009400,1,Small,Green
20260527100009399,0,Small,Red Violet
20260527100009398,0,Small,Red Violet
20260527100009397,9,Big,Green
20260527100009396,3,Small,Green
20260527100009395,4,Small,Red
20260527100009394,5,Big,Green Violet
20260527100009393,1,Small,Green
20260527100009392,5,Big,Green Violet
20260527100009391,9,Big,Green
20260527100009390,5,Big,Green Violet
20260527100009389,5,Big,Green Violet
20260527100009388,8,Big,Red
20260527100009387,4,Small,Red
20260527100009386,4,Small,Red
20260527100009385,2,Small,Red
20260527100009384,8,Big,Red
20260527100009383,0,Small,Red Violet
20260527100009382,2,Small,Red
20260527100009381,7,Big,Green
20260527100009380,8,Big,Red
20260527100009379,4,Small,Red
20260527100009378,2,Small,Red
20260527100009377,6,Big,Red
20260527100009376,2,Small,Red
20260527100009375,2,Small,Red
20260527100009374,5,Big,Green Violet
20260527100009373,1,Small,Green
20260527100009372,8,Big,Red
20260527100009371,1,Small,Green
20260527100009370,2,Small,Red
20260527100009369,8,Big,Red
20260527100009368,9,Big,Green
20260527100009367,7,Big,Green
20260527100009366,5,Big,Green Violet
20260527100009365,0,Small,Red Violet
20260527100009364,7,Big,Green
20260527100009363,7,Big,Green
20260527100009362,9,Big,Green
20260527100009361,2,Small,Red
20260527100009360,3,Small,Green
20260527100009359,5,Big,Green Violet
20260527100009358,7,Big,Green
20260527100009357,7,Big,Green
20260527100009356,9,Big,Green
20260527100009355,8,Big,Red
20260527100009354,5,Big,Green Violet
20260527100009353,6,Big,Red
20260527100009352,4,Small,Red
20260527100009351,2,Small,Red
20260527100009350,6,Big,Red
20260527100009349,0,Small,Red Violet
20260527100009348,3,Small,Green
20260527100009347,2,Small,Red
20260527100009346,8,Big,Red
20260527100009345,7,Big,Green
20260527100009344,3,Small,Green
20260527100009343,2,Small,Red
20260527100009342,4,Small,Red
20260527100009341,1,Small,Green
20260527100009340,5,Big,Green Violet
20260527100009339,5,Big,Green Violet
20260527100009338,8,Big,Red
20260527100009337,0,Small,Red Violet
20260527100009336,6,Big,Red
20260527100009335,1,Small,Green
20260527100009334,4,Small,Red
20260527100009333,4,Small,Red
20260527100009332,1,Small,Green
20260527100009331,8,Big,Red
20260527100009330,0,Small,Red Violet
20260527100009329,7,Big,Green
20260527100009328,0,Small,Red Violet
20260527100009327,5,Big,Green Violet
20260527100009326,8,Big,Red
20260527100009325,6,Big,Red
20260527100009324,2,Small,Red
20260527100009323,7,Big,Green
20260527100009322,8,Big,Red
20260527100009321,8,Big,Red
20260527100009320,5,Big,Green Violet
20260527100009319,8,Big,Red
20260527100009318,2,Small,Red
20260527100009317,2,Small,Red
20260527100009316,6,Big,Red
20260527100009315,9,Big,Green
20260527100009314,2,Small,Red
20260527100009313,3,Small,Green
20260527100009312,8,Big,Red
20260527100009311,5,Big,Green Violet
20260527100009310,9,Big,Green
20260527100009309,0,Small,Red Violet
20260527100009308,7,Big,Green
20260527100009307,7,Big,Green
20260527100009306,5,Big,Green Violet
20260527100009305,6,Big,Red
20260527100009304,0,Small,Red Violet
20260527100009303,2,Small,Red
20260527100009302,3,Small,Green
20260527100009301,2,Small,Red
20260527100009300,1,Small,Green
20260527100009299,3,Small,Green
20260527100009298,4,Small,Red
20260527100009297,7,Big,Green
20260527100009296,5,Big,Green Violet
20260527100009295,6,Big,Red
20260527100009294,6,Big,Red
20260527100009293,8,Big,Red
20260527100009292,0,Small,Red Violet
20260527100009291,8,Big,Red
20260527100009290,8,Big,Red
20260527100009289,4,Small,Red
20260527100009288,4,Small,Red
20260527100009287,6,Big,Red
20260527100009286,7,Big,Green
20260527100009285,4,Small,Red
20260527100009284,3,Small,Green
20260527100009283,4,Small,Red
20260527100009282,0,Small,Red Violet
20260527100009281,6,Big,Red
20260527100009280,4,Small,Red
20260527100009279,7,Big,Green
20260527100009278,9,Big,Green
20260527100009277,4,Small,Red
20260527100009276,6,Big,Red
20260527100009275,6,Big,Red
20260527100009274,0,Small,Red Violet
20260527100009273,8,Big,Red
20260527100009272,8,Big,Red
20260527100009271,0,Small,Red Violet
20260527100009270,2,Small,Red
20260527100009269,4,Small,Red
20260527100009268,8,Big,Red
20260527100009267,1,Small,Green
20260527100009266,4,Small,Red
20260527100009265,4,Small,Red
20260527100009264,6,Big,Red
20260527100009263,6,Big,Red
20260527100009262,3,Small,Green
20260527100009261,4,Small,Red
20260527100009260,3,Small,Green
20260527100009259,0,Small,Red Violet
20260527100009258,0,Small,Red Violet
20260527100009257,0,Small,Red Violet
20260527100009256,7,Big,Green
20260527100009255,1,Small,Green
20260527100009254,8,Big,Red
20260527100009253,0,Small,Red Violet
20260527100009252,3,Small,Green
20260527100009251,6,Big,Red
20260527100009250,2,Small,Red
20260527100009249,6,Big,Red
20260527100009248,1,Small,Green
20260527100009247,0,Small,Red Violet
20260527100009246,8,Big,Red
20260527100009245,1,Small,Green
20260527100009244,3,Small,Green
20260527100009243,8,Big,Red
20260527100009242,1,Small,Green
20260527100009241,5,Big,Green Violet
20260527100009240,0,Small,Red Violet
20260527100009239,9,Big,Green
20260527100009238,5,Big,Green Violet
20260527100009237,5,Big,Green Violet
20260527100009236,2,Small,Red
20260527100009235,2,Small,Red
20260527100009234,9,Big,Green
20260527100009233,0,Small,Red Violet
20260527100009232,1,Small,Green
20260527100009231,2,Small,Red
20260527100009230,2,Small,Red
20260527100009229,7,Big,Green
20260527100009228,2,Small,Red
20260527100009227,8,Big,Red
20260527100009226,8,Big,Red
20260527100009225,5,Big,Green Violet
20260527100009224,8,Big,Red
20260527100009223,9,Big,Green
20260527100009222,1,Small,Green
20260527100009221,3,Small,Green
20260527100009220,5,Big,Green Violet
20260527100009219,9,Big,Green
20260527100009218,9,Big,Green
20260527100009217,7,Big,Green
20260527100009216,3,Small,Green
20260527100009215,2,Small,Red
20260527100009214,8,Big,Red
20260527100009213,0,Small,Red Violet
20260527100009212,9,Big,Green
20260527100009211,1,Small,Green
20260527100009210,2,Small,Red
20260527100009209,2,Small,Red
20260527100009208,3,Small,Green
20260527100009207,6,Big,Red
20260527100009206,2,Small,Red
20260527100009205,0,Small,Red Violet
20260527100009204,5,Big,Green Violet
20260527100009203,8,Big,Red
20260527100009202,3,Small,Green
20260527100009201,1,Small,Green
20260527100009200,5,Big,Green Violet
20260527100009199,5,Big,Green Violet
20260527100009198,4,Small,Red
20260527100009197,8,Big,Red
20260527100009196,1,Small,Green
20260527100009195,7,Big,Green
20260527100009194,7,Big,Green
20260527100009193,7,Big,Green
20260527100009192,3,Small,Green
20260527100009191,5,Big,Green Violet
20260527100009190,1,Small,Green
20260527100009189,3,Small,Green
20260527100009188,8,Big,Red
20260527100009187,7,Big,Green
20260527100009186,7,Big,Green
20260527100009185,9,Big,Green
20260527100009184,4,Small,Red
20260527100009183,3,Small,Green
20260527100009182,7,Big,Green
20260527100009181,7,Big,Green
20260527100009180,2,Small,Red
20260527100009179,3,Small,Green
20260527100009178,0,Small,Red Violet
20260527100009177,0,Small,Red Violet
20260527100009176,4,Small,Red
20260527100009175,1,Small,Green
20260527100009174,1,Small,Green
20260527100009173,2,Small,Red
20260527100009172,9,Big,Green
20260527100009171,2,Small,Red
20260527100009170,2,Small,Red
20260527100009169,8,Big,Red
20260527100009168,5,Big,Green Violet
20260527100009167,6,Big,Red
20260527100009166,0,Small,Red Violet
20260527100009165,7,Big,Green
20260527100009164,3,Small,Green
20260527100009163,7,Big,Green
20260527100009162,7,Big,Green
20260527100009161,1,Small,Green
20260527100009160,1,Small,Green
20260527100009159,9,Big,Green
20260527100009158,3,Small,Green
20260527100009157,2,Small,Red
20260527100009156,1,Small,Green
20260527100009155,5,Big,Green Violet
20260527100009154,0,Small,Red Violet
20260527100009153,7,Big,Green
20260527100009152,4,Small,Red
20260527100009151,0,Small,Red Violet
20260527100009150,2,Small,Red
20260527100009149,3,Small,Green
20260527100009148,5,Big,Green Violet
20260527100009147,5,Big,Green Violet
20260527100009146,7,Big,Green
20260527100009145,4,Small,Red
20260527100009144,9,Big,Green
20260527100009143,7,Big,Green
20260527100009142,0,Small,Red Violet
20260527100009141,0,Small,Red Violet
20260527100009140,2,Small,Red
20260527100009139,4,Small,Red
20260527100009138,8,Big,Red
20260527100009137,4,Small,Red
20260527100009136,9,Big,Green
20260527100009135,6,Big,Red
20260527100009134,6,Big,Red
20260527100009133,1,Small,Green
20260527100009132,4,Small,Red
20260527100009131,4,Small,Red
20260527100009130,3,Small,Green
20260527100009129,8,Big,Red
20260527100009128,9,Big,Green
20260527100009127,8,Big,Red
20260527100009126,6,Big,Red
20260527100009125,4,Small,Red
20260527100009124,2,Small,Red
20260527100009123,3,Small,Green
20260527100009122,4,Small,Red
20260527100009121,8,Big,Red
20260527100009120,0,Small,Red Violet
20260527100009119,2,Small,Red
20260527100009118,0,Small,Red Violet
20260527100009117,0,Small,Red Violet
20260527100009116,2,Small,Red
20260527100009115,6,Big,Red
20260527100009114,4,Small,Red
20260527100009113,4,Small,Red
20260527100009112,4,Small,Red
20260527100009111,5,Big,Green Violet
20260527100009110,3,Small,Green
20260527100009109,0,Small,Red Violet
20260527100009108,1,Small,Green
20260527100009107,0,Small,Red Violet
20260527100009106,5,Big,Green Violet
20260527100009105,7,Big,Green
20260527100009104,2,Small,Red
20260527100009103,5,Big,Green Violet
20260527100009102,0,Small,Red Violet
20260527100009101,2,Small,Red
20260527100009100,2,Small,Red
20260527100009099,8,Big,Red
20260527100009098,7,Big,Green
20260527100009097,4,Small,Red
20260527100009096,6,Big,Red
20260527100009095,7,Big,Green
20260527100009094,5,Big,Green Violet
20260527100009093,4,Small,Red
20260527100009092,3,Small,Green
20260527100009091,1,Small,Green
20260527100009090,4,Small,Red
20260527100009089,4,Small,Red
20260527100009088,8,Big,Red
20260527100009087,4,Small,Red
20260527100009086,8,Big,Red
20260527100009085,7,Big,Green
20260527100009084,9,Big,Green
20260527100009083,0,Small,Red Violet
20260527100009082,8,Big,Red
20260527100009081,3,Small,Green
20260527100009080,3,Small,Green
20260527100009079,1,Small,Green
20260527100009078,8,Big,Red
20260527100009077,9,Big,Green
20260527100009076,6,Big,Red
20260527100009075,2,Small,Red
20260527100009074,7,Big,Green
20260527100009073,2,Small,Red
20260527100009072,9,Big,Green
20260527100009071,3,Small,Green
20260527100009070,2,Small,Red
20260527100009069,4,Small,Red
20260527100009068,5,Big,Green Violet
20260527100009067,7,Big,Green
20260527100009066,4,Small,Red
20260527100009065,4,Small,Red
20260527100009064,3,Small,Green
20260527100009063,8,Big,Red
20260527100009062,6,Big,Red
20260527100009061,3,Small,Green
20260527100009060,9,Big,Green
20260527100009059,6,Big,Red
20260527100009058,0,Small,Red Violet
20260527100009057,1,Small,Green
20260527100009056,3,Small,Green
20260527100009055,9,Big,Green
20260527100009054,3,Small,Green
20260527100009053,7,Big,Green
20260527100009052,2,Small,Red
20260527100009051,6,Big,Red
20260527100009050,7,Big,Green
20260527100009049,6,Big,Red
20260527100009048,6,Big,Red
20260527100009047,1,Small,Green
20260527100009046,1,Small,Green
20260527100009045,1,Small,Green
20260527100009044,1,Small,Green
20260527100009043,0,Small,Red Violet
20260527100009042,1,Small,Green
20260527100009041,5,Big,Green Violet
20260527100009040,1,Small,Green
20260527100009039,0,Small,Red Violet
20260527100009038,4,Small,Red
20260527100009037,7,Big,Green
20260527100009036,4,Small,Red
20260527100009035,6,Big,Red
20260527100009034,1,Small,Green
20260527100009033,4,Small,Red
20260527100009032,0,Small,Red Violet
20260527100009031,9,Big,Green
20260527100009030,0,Small,Red Violet
20260527100009029,2,Small,Red
20260527100009028,1,Small,Green
20260527100009027,0,Small,Red Violet
20260527100009026,6,Big,Red
20260527100009025,7,Big,Green
20260527100009024,6,Big,Red
20260527100009023,9,Big,Green
20260527100009022,9,Big,Green
20260527100009021,0,Small,Red Violet
20260527100009020,2,Small,Red
20260527100009019,1,Small,Green
20260527100009018,9,Big,Green
20260527100009017,4,Small,Red
20260527100009016,4,Small,Red
20260527100009015,3,Small,Green
20260527100009014,6,Big,Red
20260527100009013,7,Big,Green
20260527100009012,8,Big,Red
20260527100009011,3,Small,Green
20260527100009010,9,Big,Green
20260527100009009,0,Small,Red Violet
20260527100009008,3,Small,Green
20260527100009007,7,Big,Green
20260527100009006,6,Big,Red
20260527100009005,2,Small,Red
20260527100009004,0,Small,Red Violet
20260527100009003,1,Small,Green
20260527100009002,9,Big,Green
20260527100009001,3,Small,Green
20260527100009000,5,Big,Green Violet
20260527100008999,6,Big,Red
20260527100008998,6,Big,Red
20260527100008997,7,Big,Green
20260527100008996,6,Big,Red
20260527100008995,6,Big,Red
20260527100008994,6,Big,Red
20260527100008993,4,Small,Red
20260527100008992,9,Big,Green
20260527100008991,9,Big,Green
20260527100008990,1,Small,Green
20260527100008989,6,Big,Red
20260527100008988,9,Big,Green
20260527100008987,5,Big,Green Violet
20260527100008986,4,Small,Red
20260527100008985,4,Small,Red
20260527100008984,4,Small,Red
20260527100008983,2,Small,Red
20260527100008982,9,Big,Green
20260527100008981,2,Small,Red
20260527100008980,8,Big,Red
20260527100008979,1,Small,Green
20260527100008978,7,Big,Green
20260527100008977,4,Small,Red
20260527100008976,1,Small,Green
20260527100008975,0,Small,Red Violet
20260527100008974,8,Big,Red
20260527100008973,0,Small,Red Violet
20260527100008972,3,Small,Green
20260527100008971,8,Big,Red
20260527100008970,1,Small,Green
20260527100008969,9,Big,Green
20260527100008968,6,Big,Red
20260527100008967,9,Big,Green
20260527100008966,2,Small,Red
20260527100008965,5,Big,Green Violet
20260527100008964,1,Small,Green
20260527100008963,3,Small,Green
20260527100008962,1,Small,Green
20260527100008961,3,Small,Green
20260527100008960,1,Small,Green
20260527100008959,7,Big,Green
20260527100008958,2,Small,Red
20260527100008957,3,Small,Green
20260527100008956,5,Big,Green Violet
20260527100008955,5,Big,Green Violet
20260527100008954,6,Big,Red
20260527100008953,6,Big,Red
20260527100008952,8,Big,Red
20260527100008951,0,Small,Red Violet
20260527100008950,2,Small,Red
20260527100008949,1,Small,Green
20260527100008948,1,Small,Green
20260527100008947,2,Small,Red
20260527100008946,6,Big,Red
20260527100008945,9,Big,Green
20260527100008944,0,Small,Red Violet
20260527100008943,1,Small,Green
20260527100008942,5,Big,Green Violet
20260527100008941,1,Small,Green
20260527100008940,8,Big,Red
20260527100008939,0,Small,Red Violet
20260527100008938,3,Small,Green
20260527100008937,0,Small,Red Violet
20260527100008936,0,Small,Red Violet
20260527100008935,9,Big,Green
20260527100008934,3,Small,Green
20260527100008933,4,Small,Red
20260527100008932,4,Small,Red
20260527100008931,6,Big,Red
20260527100008930,5,Big,Green Violet
20260527100008929,7,Big,Green
20260527100008928,5,Big,Green Violet
20260527100008927,6,Big,Red
20260527100008926,7,Big,Green
20260527100008925,8,Big,Red
20260527100008924,7,Big,Green
20260527100008923,0,Small,Red Violet
20260527100008922,8,Big,Red
20260527100008921,3,Small,Green
20260527100008920,0,Small,Red Violet
20260527100008919,8,Big,Red
20260527100008918,5,Big,Green Violet
20260527100008917,7,Big,Green
20260527100008916,9,Big,Green
20260527100008915,9,Big,Green
20260527100008914,1,Small,Green
20260527100008913,4,Small,Red
20260527100008912,6,Big,Red
20260527100008911,2,Small,Red
20260527100008910,4,Small,Red
20260527100008909,0,Small,Red Violet
20260527100008908,4,Small,Red
20260527100008907,3,Small,Green
20260527100008906,5,Big,Green Violet
20260527100008905,3,Small,Green
20260527100008904,8,Big,Red
20260527100008903,1,Small,Green
20260527100008902,8,Big,Red
20260527100008901,2,Small,Red
20260527100008900,3,Small,Green
20260527100008899,5,Big,Green Violet
20260527100008898,1,Small,Green
20260527100008897,3,Small,Green
20260527100008896,9,Big,Green
20260527100008895,6,Big,Red
20260527100008894,3,Small,Green
20260527100008893,9,Big,Green
20260527100008892,5,Big,Green Violet
20260527100008891,7,Big,Green
20260527100008890,8,Big,Red
20260527100008889,0,Small,Red Violet
20260527100008888,2,Small,Red
20260527100008887,6,Big,Red
20260527100008886,2,Small,Red
20260527100008885,5,Big,Green Violet
20260527100008884,3,Small,Green
20260527100008883,6,Big,Red
20260527100008882,2,Small,Red
20260527100008881,2,Small,Red
20260527100008880,0,Small,Red Violet
20260527100008879,8,Big,Red
20260527100008878,6,Big,Red
20260527100008877,1,Small,Green
20260527100008876,7,Big,Green
20260527100008875,4,Small,Red
20260527100008874,4,Small,Red
20260527100008873,1,Small,Green
20260527100008872,7,Big,Green
20260527100008871,7,Big,Green
20260527100008870,3,Small,Green
20260527100008869,7,Big,Green
20260527100008868,2,Small,Red
20260527100008867,1,Small,Green
20260527100008866,2,Small,Red
20260527100008865,8,Big,Red
20260527100008864,6,Big,Red
20260527100008863,1,Small,Green
20260527100008862,8,Big,Red
20260527100008861,0,Small,Red Violet
20260527100008860,0,Small,Red Violet
20260527100008859,7,Big,Green
20260527100008858,7,Big,Green
20260527100008857,5,Big,Green Violet
20260527100008856,3,Small,Green
20260527100008855,1,Small,Green
20260527100008854,5,Big,Green Violet
20260527100008853,7,Big,Green
20260527100008852,9,Big,Green
20260527100008851,3,Small,Green
20260527100008850,7,Big,Green
20260527100008849,5,Big,Green Violet
20260527100008848,7,Big,Green
20260527100008847,9,Big,Green
20260527100008846,7,Big,Green
20260527100008845,7,Big,Green
20260527100008844,0,Small,Red Violet
20260527100008843,6,Big,Red
20260527100008842,5,Big,Green Violet
20260527100008841,1,Small,Green
20260527100008840,1,Small,Green
20260527100008839,1,Small,Green
20260527100008838,7,Big,Green
20260527100008837,8,Big,Red
20260527100008836,3,Small,Green
20260527100008835,5,Big,Green Violet
20260527100008834,0,Small,Red Violet
20260527100008833,3,Small,Green
20260527100008832,1,Small,Green
20260527100008831,8,Big,Red
20260527100008830,9,Big,Green
20260527100008829,4,Small,Red
20260527100008828,4,Small,Red
20260527100008827,9,Big,Green
20260527100008826,1,Small,Green
20260527100008825,8,Big,Red
20260527100008824,0,Small,Red Violet
20260527100008823,8,Big,Red
20260527100008822,6,Big,Red
20260527100008821,9,Big,Green
20260527100008820,3,Small,Green
20260527100008819,6,Big,Red
20260527100008818,2,Small,Red
20260527100008817,5,Big,Green Violet
20260527100008816,2,Small,Red
20260527100008815,0,Small,Red Violet
20260527100008814,9,Big,Green
20260527100008813,5,Big,Green Violet
20260527100008812,3,Small,Green
20260527100008811,4,Small,Red
20260527100008810,1,Small,Green
20260527100008809,2,Small,Red
20260527100008808,6,Big,Red
20260527100008807,7,Big,Green
20260527100008806,7,Big,Green
20260527100008805,5,Big,Green Violet
20260527100008804,4,Small,Red
20260527100008803,9,Big,Green
20260527100008802,5,Big,Green Violet
20260527100008801,4,Small,Red
20260527100008800,3,Small,Green
20260527100008799,7,Big,Green
20260527100008798,6,Big,Red
20260527100008797,2,Small,Red
20260527100008796,8,Big,Red
20260527100008795,9,Big,Green
20260527100008794,7,Big,Green
20260527100008793,9,Big,Green
20260527100008792,7,Big,Green
20260527100008791,7,Big,Green
20260527100008790,1,Small,Green
20260527100008789,8,Big,Red
20260527100008788,4,Small,Red
20260527100008787,3,Small,Green
20260527100008786,9,Big,Green
20260527100008785,1,Small,Green
20260527100008784,6,Big,Red
20260527100008783,6,Big,Red
20260527100008782,1,Small,Green
20260527100008781,8,Big,Red
20260527100008780,1,Small,Green
20260527100008779,0,Small,Red Violet
20260527100008778,8,Big,Red
20260527100008777,3,Small,Green
20260527100008776,8,Big,Red
20260527100008775,2,Small,Red
20260527100008774,3,Small,Green
20260527100008773,3,Small,Green
20260527100008772,4,Small,Red
20260527100008771,9,Big,Green
20260527100008770,2,Small,Red
20260527100008769,7,Big,Green
20260527100008768,7,Big,Green
20260527100008767,2,Small,Red
20260527100008766,3,Small,Green
20260527100008765,5,Big,Green Violet
20260527100008764,7,Big,Green
20260527100008763,8,Big,Red
20260527100008762,4,Small,Red
20260527100008761,6,Big,Red
20260527100008760,6,Big,Red
20260527100008759,3,Small,Green
20260527100008758,5,Big,Green Violet
20260527100008757,3,Small,Green
20260527100008756,2,Small,Red
20260527100008755,1,Small,Green
20260527100008754,7,Big,Green
20260527100008753,0,Small,Red Violet
20260527100008752,5,Big,Green Violet
20260527100008751,5,Big,Green Violet
20260527100008750,6,Big,Red
20260527100008749,6,Big,Red
20260527100008748,0,Small,Red Violet
20260527100008747,3,Small,Green
20260527100008746,8,Big,Red
20260527100008745,6,Big,Red
20260527100008744,8,Big,Red
20260527100008743,1,Small,Green
20260527100008742,3,Small,Green
20260527100008741,0,Small,Red Violet
20260527100008740,6,Big,Red
20260527100008739,4,Small,Red
20260527100008738,8,Big,Red
20260527100008737,2,Small,Red
20260527100008736,1,Small,Green
20260527100008735,1,Small,Green
20260527100008734,3,Small,Green
20260527100008733,9,Big,Green
20260527100008732,8,Big,Red
20260527100008731,9,Big,Green
20260527100008730,0,Small,Red Violet
20260527100008729,6,Big,Red
20260527100008728,4,Small,Red
20260527100008727,5,Big,Green Violet
20260527100008726,8,Big,Red
20260527100008725,6,Big,Red
20260527100008724,9,Big,Green
20260527100008723,6,Big,Red
20260527100008722,4,Small,Red
20260527100008721,1,Small,Green
20260527100008720,0,Small,Red Violet
20260527100008719,2,Small,Red
20260527100008718,1,Small,Green
20260527100008717,3,Small,Green
20260527100008716,3,Small,Green
20260527100008715,9,Big,Green
20260527100008714,3,Small,Green
20260527100008713,3,Small,Green
20260527100008712,5,Big,Green Violet
20260527100008711,2,Small,Red
20260527100008710,2,Small,Red
20260527100008709,4,Small,Red
20260527100008708,6,Big,Red
20260527100008707,9,Big,Green
20260527100008706,5,Big,Green Violet
20260527100008705,9,Big,Green
20260527100008704,6,Big,Red
20260527100008703,2,Small,Red
20260527100008702,6,Big,Red
20260527100008701,7,Big,Green
20260527100008700,6,Big,Red
20260527100008699,8,Big,Red
20260527100008698,3,Small,Green
20260527100008697,7,Big,Green
20260527100008696,2,Small,Red
20260527100008695,5,Big,Green Violet
20260527100008694,2,Small,Red
20260527100008693,4,Small,Red
20260527100008692,7,Big,Green
20260527100008691,4,Small,Red
20260527100008690,7,Big,Green
20260527100008689,1,Small,Green
20260527100008688,7,Big,Green
20260527100008687,7,Big,Green
20260527100008686,2,Small,Red
20260527100008685,0,Small,Red Violet
20260527100008684,4,Small,Red
20260527100008683,9,Big,Green
20260527100008682,6,Big,Red
20260527100008681,8,Big,Red
20260527100008680,2,Small,Red
20260527100008679,7,Big,Green
20260527100008678,1,Small,Green
20260527100008677,6,Big,Red
20260527100008676,9,Big,Green
20260527100008675,9,Big,Green
20260527100008674,6,Big,Red
20260527100008673,9,Big,Green
20260527100008672,8,Big,Red
20260527100008671,8,Big,Red
20260527100008670,5,Big,Green Violet
20260527100008669,9,Big,Green
20260527100008668,0,Small,Red Violet
20260527100008667,0,Small,Red Violet
20260527100008666,1,Small,Green
20260527100008665,0,Small,Red Violet
20260527100008664,0,Small,Red Violet
20260527100008663,8,Big,Red
20260527100008662,1,Small,Green
20260527100008661,1,Small,Green
20260527100008660,8,Big,Red
20260527100008659,6,Big,Red
20260527100008658,1,Small,Green
20260527100008657,1,Small,Green
20260527100008656,3,Small,Green
20260527100008655,4,Small,Red
20260527100008654,4,Small,Red
20260527100008653,0,Small,Red Violet
20260527100008652,4,Small,Red
20260527100008651,1,Small,Green
20260527100008650,0,Small,Red Violet
20260527100008649,9,Big,Green
20260527100008648,4,Small,Red
20260527100008647,5,Big,Green Violet
20260527100008646,0,Small,Red Violet
20260527100008645,7,Big,Green
20260527100008644,1,Small,Green
20260527100008643,3,Small,Green
20260527100008642,8,Big,Red
20260527100008641,7,Big,Green
20260527100008640,7,Big,Green
20260527100008639,1,Small,Green
20260527100008638,2,Small,Red
20260527100008637,2,Small,Red
20260527100008636,4,Small,Red
20260527100008635,1,Small,Green
20260527100008634,3,Small,Green
20260527100008633,0,Small,Red Violet
20260527100008632,3,Small,Green
20260527100008631,6,Big,Red
20260527100008630,1,Small,Green
20260527100008629,7,Big,Green
20260527100008628,9,Big,Green
20260527100008627,8,Big,Red
20260527100008626,4,Small,Red
20260527100008625,3,Small,Green
20260527100008624,5,Big,Green Violet
20260527100008623,9,Big,Green
20260527100008622,5,Big,Green Violet
20260527100008621,0,Small,Red Violet
20260527100008620,2,Small,Red
20260527100008619,8,Big,Red
20260527100008618,4,Small,Red
20260527100008617,5,Big,Green Violet
20260527100008616,3,Small,Green
20260527100008615,9,Big,Green
20260527100008614,0,Small,Red Violet
20260527100008613,9,Big,Green
20260527100008612,0,Small,Red Violet
20260527100008611,9,Big,Green
20260527100008610,7,Big,Green
20260527100008609,5,Big,Green Violet
20260527100008608,4,Small,Red
20260527100008607,4,Small,Red
20260527100008606,9,Big,Green
20260527100008605,1,Small,Green
20260527100008604,1,Small,Green
20260527100008603,2,Small,Red
20260527100008602,9,Big,Green
20260527100008601,2,Small,Red
20260527100008600,2,Small,Red
20260527100008599,0,Small,Red Violet
20260527100008598,1,Small,Green
20260527100008597,9,Big,Green
20260527100008596,9,Big,Green
20260527100008595,9,Big,Green
20260527100008594,8,Big,Red
20260527100008593,5,Big,Green Violet
20260527100008592,1,Small,Green
20260527100008591,4,Small,Red
20260527100008590,0,Small,Red Violet
20260527100008589,4,Small,Red
20260527100008588,4,Small,Red
20260527100008587,0,Small,Red Violet
20260527100008586,0,Small,Red Violet
20260527100008585,9,Big,Green
20260527100008584,2,Small,Red
20260527100008583,2,Small,Red
20260527100008582,6,Big,Red
20260527100008581,9,Big,Green
20260527100008580,1,Small,Green
20260527100008579,0,Small,Red Violet
20260527100008578,2,Small,Red
20260527100008577,9,Big,Green
20260527100008576,3,Small,Green
20260527100008575,0,Small,Red Violet
20260527100008574,2,Small,Red
20260527100008573,9,Big,Green
20260527100008572,9,Big,Green
20260527100008571,7,Big,Green
20260527100008570,3,Small,Green
20260527100008569,5,Big,Green Violet
20260527100008568,4,Small,Red
20260527100008567,8,Big,Red
20260527100008566,4,Small,Red
20260527100008565,3,Small,Green
20260527100008564,9,Big,Green
20260527100008563,4,Small,Red
20260527100008562,2,Small,Red
20260527100008561,9,Big,Green
20260527100008560,9,Big,Green
20260527100008559,2,Small,Red
20260527100008558,3,Small,Green
20260527100008557,6,Big,Red
20260527100008556,8,Big,Red
20260527100008555,2,Small,Red
20260527100008554,9,Big,Green
20260527100008553,1,Small,Green
20260527100008552,7,Big,Green
20260527100008551,8,Big,Red
20260527100008550,8,Big,Red
20260527100008549,1,Small,Green
20260527100008548,6,Big,Red
20260527100008547,9,Big,Green
20260527100008546,2,Small,Red
20260527100008545,6,Big,Red
20260527100008544,8,Big,Red
20260527100008543,8,Big,Red
20260527100008542,0,Small,Red Violet
20260527100008541,9,Big,Green
20260527100008540,6,Big,Red
20260527100008539,6,Big,Red
20260527100008538,4,Small,Red
20260527100008537,2,Small,Red
20260527100008536,6,Big,Red
20260527100008535,0,Small,Red Violet
20260527100008534,1,Small,Green
20260527100008533,5,Big,Green Violet
20260527100008532,9,Big,Green
20260527100008531,4,Small,Red
20260527100008530,1,Small,Green
20260527100008529,5,Big,Green Violet
20260527100008528,2,Small,Red
20260527100008527,9,Big,Green
20260527100008526,3,Small,Green
20260527100008525,3,Small,Green
20260527100008524,1,Small,Green
20260527100008523,0,Small,Red Violet
20260527100008522,1,Small,Green
20260527100008521,4,Small,Red
20260527100008520,6,Big,Red
20260527100008519,4,Small,Red
20260527100008518,6,Big,Red
20260527100008517,7,Big,Green
20260527100008516,6,Big,Red
20260527100008515,2,Small,Red
20260527100008514,8,Big,Red
20260527100008513,2,Small,Red
20260527100008512,7,Big,Green
20260527100008511,2,Small,Red
20260527100008510,3,Small,Green
20260527100008509,4,Small,Red
20260527100008508,5,Big,Green Violet
20260527100008507,8,Big,Red
20260527100008506,2,Small,Red
20260527100008505,6,Big,Red
20260527100008504,4,Small,Red
20260527100008503,3,Small,Green
20260527100008502,9,Big,Green
20260527100008501,7,Big,Green
20260527100008500,1,Small,Green
20260527100008499,6,Big,Red
20260527100008498,0,Small,Red Violet
20260527100008497,3,Small,Green
20260527100008496,5,Big,Green Violet
20260527100008495,4,Small,Red
20260527100008494,7,Big,Green
20260527100008493,7,Big,Green
20260527100008492,8,Big,Red
20260527100008491,1,Small,Green
20260527100008490,3,Small,Green
20260527100008489,8,Big,Red
20260527100008488,5,Big,Green Violet
20260527100008487,3,Small,Green
20260527100008486,9,Big,Green
20260527100008485,6,Big,Red
20260527100008484,1,Small,Green
20260527100008483,1,Small,Green
20260527100008482,2,Small,Red
20260527100008481,1,Small,Green
20260527100008480,6,Big,Red
20260527100008479,8,Big,Red
20260527100008478,3,Small,Green
20260527100008477,4,Small,Red
20260527100008476,9,Big,Green
20260527100008475,2,Small,Red
20260527100008474,5,Big,Green Violet
20260527100008473,8,Big,Red
20260527100008472,0,Small,Red Violet
20260527100008471,6,Big,Red
20260527100008470,9,Big,Green
20260527100008469,4,Small,Red
20260527100008468,5,Big,Green Violet
20260527100008467,6,Big,Red
20260527100008466,3,Small,Green
20260527100008465,2,Small,Red
20260527100008464,1,Small,Green
20260527100008463,5,Big,Green Violet
20260527100008462,3,Small,Green
20260527100008461,8,Big,Red
20260527100008460,3,Small,Green
20260527100008459,0,Small,Red Violet
20260527100008458,4,Small,Red
20260527100008457,5,Big,Green Violet
20260527100008456,0,Small,Red Violet
20260527100008455,6,Big,Red
20260527100008454,2,Small,Red
20260527100008453,5,Big,Green Violet
20260527100008452,8,Big,Red
20260527100008451,1,Small,Green
20260527100008450,8,Big,Red
20260527100008449,2,Small,Red
20260527100008448,9,Big,Green
20260527100008447,8,Big,Red
20260527100008446,6,Big,Red
20260527100008445,2,Small,Red
20260527100008444,7,Big,Green
20260527100008443,2,Small,Red
20260527100008442,4,Small,Red
20260527100008441,7,Big,Green
20260527100008440,4,Small,Red
20260527100008439,7,Big,Green
20260527100008438,3,Small,Green
20260527100008437,6,Big,Red
20260527100008436,4,Small,Red
20260527100008435,1,Small,Green
20260527100008434,2,Small,Red
20260527100008433,6,Big,Red
20260527100008432,0,Small,Red Violet
20260527100008431,5,Big,Green Violet
20260527100008430,1,Small,Green
20260527100008429,9,Big,Green
20260527100008428,6,Big,Red
20260527100008427,9,Big,Green
20260527100008426,3,Small,Green
20260527100008425,2,Small,Red
20260527100008424,6,Big,Red
20260527100008423,7,Big,Green
20260527100008422,6,Big,Red
20260527100008421,2,Small,Red
20260527100008420,6,Big,Red
20260527100008419,0,Small,Red Violet
20260527100008418,4,Small,Red
20260527100008417,0,Small,Red Violet
20260527100008416,8,Big,Red
20260527100008415,9,Big,Green
20260527100008414,2,Small,Red
20260527100008413,7,Big,Green
20260527100008412,4,Small,Red
20260527100008411,6,Big,Red
20260527100008410,9,Big,Green
20260527100008409,1,Small,Green
20260527100008408,2,Small,Red
20260527100008407,3,Small,Green
20260527100008406,7,Big,Green
20260527100008405,0,Small,Red Violet
20260527100008404,5,Big,Green Violet
20260527100008403,5,Big,Green Violet
20260527100008402,0,Small,Red Violet
20260527100008401,9,Big,Green
20260527100008400,8,Big,Red
20260527100008399,6,Big,Red
20260527100008398,5,Big,Green Violet
20260527100008397,8,Big,Red
20260527100008396,7,Big,Green
20260527100008395,9,Big,Green
20260527100008394,5,Big,Green Violet
20260527100008393,9,Big,Green
20260527100008392,2,Small,Red
20260527100008391,7,Big,Green
20260527100008390,4,Small,Red
20260527100008389,4,Small,Red
20260527100008388,8,Big,Red
20260527100008387,5,Big,Green Violet
20260527100008386,7,Big,Green
20260527100008385,8,Big,Red
20260527100008384,7,Big,Green
20260527100008383,4,Small,Red
20260527100008382,9,Big,Green
20260527100008381,9,Big,Green
20260527100008380,9,Big,Green
20260527100008379,7,Big,Green
20260527100008378,2,Small,Red
20260527100008377,0,Small,Red Violet
20260527100008376,3,Small,Green
20260527100008375,8,Big,Red
20260527100008374,3,Small,Green
20260527100008373,7,Big,Green
20260527100008372,2,Small,Red
20260527100008371,2,Small,Red
20260527100008370,7,Big,Green
20260527100008369,4,Small,Red
20260527100008368,1,Small,Green
20260527100008367,0,Small,Red Violet
20260527100008366,3,Small,Green
20260527100008365,9,Big,Green
20260527100008364,8,Big,Red
20260527100008363,4,Small,Red
20260527100008362,5,Big,Green Violet
20260527100008361,9,Big,Green
20260527100008360,9,Big,Green
20260527100008359,1,Small,Green
20260527100008358,2,Small,Red
20260527100008357,6,Big,Red
20260527100008356,5,Big,Green Violet
20260527100008355,1,Small,Green
20260527100008354,6,Big,Red
20260527100008353,2,Small,Red
20260527100008352,7,Big,Green
20260527100008351,5,Big,Green Violet
20260527100008350,9,Big,Green
20260527100008349,8,Big,Red
20260527100008348,0,Small,Red Violet
20260527100008347,4,Small,Red
20260527100008346,5,Big,Green Violet
20260527100008345,9,Big,Green
20260527100008344,4,Small,Red
20260527100008343,0,Small,Red Violet
20260527100008342,8,Big,Red
20260527100008341,3,Small,Green
20260527100008340,5,Big,Green Violet
20260527100008339,9,Big,Green
20260527100008338,0,Small,Red Violet
20260527100008337,2,Small,Red
20260527100008336,8,Big,Red
20260527100008335,3,Small,Green
20260527100008334,1,Small,Green
20260527100008333,0,Small,Red Violet
20260527100008332,7,Big,Green
20260527100008331,7,Big,Green
20260527100008330,6,Big,Red
20260527100008329,4,Small,Red
20260527100008328,0,Small,Red Violet
20260527100008327,3,Small,Green
20260527100008326,4,Small,Red
20260527100008325,5,Big,Green Violet
20260527100008324,1,Small,Green
20260527100008323,8,Big,Red
20260527100008322,1,Small,Green
20260527100008321,9,Big,Green
20260527100008320,2,Small,Red
20260527100008319,2,Small,Red
20260527100008318,2,Small,Red
20260527100008317,5,Big,Green Violet
20260527100008316,8,Big,Red
20260527100008315,8,Big,Red
20260527100008314,5,Big,Green Violet
20260527100008313,7,Big,Green
20260527100008312,2,Small,Red
20260527100008311,1,Small,Green
20260527100008310,7,Big,Green
20260527100008309,9,Big,Green
20260527100008308,6,Big,Red
20260527100008307,4,Small,Red
20260527100008306,6,Big,Red
20260527100008305,4,Small,Red
20260527100008304,7,Big,Green
20260527100008303,7,Big,Green
20260527100008302,3,Small,Green
20260527100008301,3,Small,Green
20260527100008300,1,Small,Green
20260527100008299,0,Small,Red Violet
20260527100008298,9,Big,Green
20260527100008297,4,Small,Red
20260527100008296,9,Big,Green
20260527100008295,7,Big,Green
20260527100008294,8,Big,Red
20260527100008293,2,Small,Red
20260527100008292,6,Big,Red
20260527100008291,2,Small,Red
20260527100008290,2,Small,Red
20260527100008289,4,Small,Red
20260527100008288,8,Big,Red
20260527100008287,0,Small,Red Violet
20260527100008286,4,Small,Red
20260527100008285,1,Small,Green
20260527100008284,9,Big,Green
20260527100008283,4,Small,Red
20260527100008282,8,Big,Red
20260527100008281,8,Big,Red
20260527100008280,3,Small,Green
20260527100008279,9,Big,Green
20260527100008278,3,Small,Green
20260527100008277,9,Big,Green
20260527100008276,9,Big,Green
20260527100008275,0,Small,Red Violet
20260527100008274,6,Big,Red
20260527100008273,8,Big,Red
20260527100008272,0,Small,Red Violet
20260527100008271,4,Small,Red
20260527100008270,4,Small,Red
20260527100008269,9,Big,Green
20260527100008268,8,Big,Red
20260527100008267,8,Big,Red
20260527100008266,5,Big,Green Violet
20260527100008265,6,Big,Red
20260527100008264,9,Big,Green
20260527100008263,5,Big,Green Violet
20260527100008262,6,Big,Red
20260527100008261,1,Small,Green
20260527100008260,2,Small,Red
20260527100008259,8,Big,Red
20260527100008258,7,Big,Green
20260527100008257,0,Small,Red Violet
20260527100008256,6,Big,Red
20260527100008255,9,Big,Green
20260527100008254,1,Small,Green
20260527100008253,4,Small,Red
20260527100008252,2,Small,Red
20260527100008251,8,Big,Red
20260527100008250,8,Big,Red
20260527100008249,9,Big,Green
20260527100008248,0,Small,Red Violet
20260527100008247,4,Small,Red
20260527100008246,0,Small,Red Violet
20260527100008245,2,Small,Red
20260527100008244,1,Small,Green
20260527100008243,8,Big,Red
20260527100008242,7,Big,Green
20260527100008241,3,Small,Green
20260527100008240,5,Big,Green Violet
20260527100008239,9,Big,Green
20260527100008238,9,Big,Green
20260527100008237,6,Big,Red
20260527100008236,2,Small,Red
20260527100008235,4,Small,Red
20260527100008234,8,Big,Red
20260527100008233,5,Big,Green Violet
20260527100008232,9,Big,Green
20260527100008231,5,Big,Green Violet
20260527100008230,9,Big,Green
20260527100008229,7,Big,Green
20260527100008228,4,Small,Red
20260527100008227,3,Small,Green
20260527100008226,6,Big,Red
20260527100008225,3,Small,Green
20260527100008224,2,Small,Red
20260527100008223,8,Big,Red
20260527100008222,1,Small,Green
20260527100008221,5,Big,Green Violet
20260527100008220,6,Big,Red
20260527100008219,5,Big,Green Violet
20260527100008218,6,Big,Red
20260527100008217,8,Big,Red
20260527100008216,2,Small,Red
20260527100008215,1,Small,Green
20260527100008214,0,Small,Red Violet
20260527100008213,2,Small,Red
20260527100008212,7,Big,Green
20260527100008211,6,Big,Red
20260527100008210,9,Big,Green
20260527100008209,9,Big,Green
20260527100008208,4,Small,Red
20260527100008207,9,Big,Green
20260527100008206,8,Big,Red
20260527100008205,0,Small,Red Violet
20260527100008204,5,Big,Green Violet
20260527100008203,6,Big,Red
20260527100008202,1,Small,Green
20260527100008201,2,Small,Red
20260527100008200,0,Small,Red Violet
20260527100008199,3,Small,Green
20260527100008198,5,Big,Green Violet
20260527100008197,0,Small,Red Violet
20260527100008196,3,Small,Green
20260527100008195,0,Small,Red Violet
20260527100008194,5,Big,Green Violet
20260527100008193,1,Small,Green
20260527100008192,8,Big,Red
20260527100008191,0,Small,Red Violet
20260527100008190,4,Small,Red
20260527100008189,4,Small,Red
20260527100008188,9,Big,Green
20260527100008187,6,Big,Red
20260527100008186,9,Big,Green
20260527100008185,8,Big,Red
20260527100008184,3,Small,Green
20260527100008183,8,Big,Red
20260527100008182,1,Small,Green
20260527100008181,9,Big,Green
20260527100008180,2,Small,Red
20260527100008179,7,Big,Green
20260527100008178,5,Big,Green Violet
20260527100008177,8,Big,Red
20260527100008176,2,Small,Red
20260527100008175,2,Small,Red
20260527100008174,1,Small,Green
20260527100008173,4,Small,Red
20260527100008172,4,Small,Red
20260527100008171,4,Small,Red
20260527100008170,0,Small,Red Violet
20260527100008169,7,Big,Green
20260527100008168,2,Small,Red
20260527100008167,9,Big,Green
20260527100008166,0,Small,Red Violet
20260527100008165,0,Small,Red Violet
20260527100008164,7,Big,Green
20260527100008163,8,Big,Red
20260527100008162,8,Big,Red
20260527100008161,9,Big,Green
20260527100008160,4,Small,Red
20260527100008159,4,Small,Red
20260527100008158,4,Small,Red
20260527100008157,8,Big,Red
20260527100008156,2,Small,Red
20260527100008155,6,Big,Red
20260527100008154,3,Small,Green
20260527100008153,3,Small,Green
20260527100008152,2,Small,Red
20260527100008151,0,Small,Red Violet
20260527100008150,0,Small,Red Violet
20260527100008149,4,Small,Red
20260527100008148,9,Big,Green
20260527100008147,4,Small,Red
20260527100008146,9,Big,Green
20260527100008145,5,Big,Green Violet
20260527100008144,6,Big,Red
20260527100008143,3,Small,Green
20260527100008142,5,Big,Green Violet
20260527100008141,8,Big,Red
20260527100008140,2,Small,Red
20260527100008139,9,Big,Green
20260527100008138,1,Small,Green
20260527100008137,9,Big,Green
20260527100008136,9,Big,Green
20260527100008135,1,Small,Green
20260527100008134,1,Small,Green
20260527100008133,0,Small,Red Violet
20260527100008132,2,Small,Red
20260527100008131,0,Small,Red Violet
20260527100008130,6,Big,Red
20260527100008129,7,Big,Green
20260527100008128,3,Small,Green
20260527100008127,2,Small,Red
20260527100008126,3,Small,Green
20260527100008125,3,Small,Green
20260527100008124,4,Small,Red
20260527100008123,0,Small,Red Violet
20260527100008122,9,Big,Green
20260527100008121,2,Small,Red
20260527100008120,0,Small,Red Violet
20260527100008119,5,Big,Green Violet
20260527100008118,4,Small,Red
20260527100008117,9,Big,Green
20260527100008116,7,Big,Green
20260527100008115,5,Big,Green Violet
20260527100008114,1,Small,Green
20260527100008113,2,Small,Red
20260527100008112,3,Small,Green
20260527100008111,9,Big,Green
20260527100008110,5,Big,Green Violet
20260527100008109,2,Small,Red
20260527100008108,6,Big,Red
20260527100008107,8,Big,Red
20260527100008106,9,Big,Green
20260527100008105,5,Big,Green Violet
20260527100008104,7,Big,Green
20260527100008103,9,Big,Green
20260527100008102,1,Small,Green
20260527100008101,4,Small,Red
20260527100008100,2,Small,Red
20260527100008099,9,Big,Green
20260527100008098,8,Big,Red
20260527100008097,3,Small,Green
20260527100008096,7,Big,Green
20260527100008095,8,Big,Red
20260527100008094,4,Small,Red
20260527100008093,7,Big,Green
20260527100008092,5,Big,Green Violet
20260527100008091,9,Big,Green
20260527100008090,6,Big,Red
20260527100008089,2,Small,Red
20260527100008088,5,Big,Green Violet
20260527100008087,4,Small,Red
20260527100008086,1,Small,Green
20260527100008085,1,Small,Green
20260527100008084,6,Big,Red
20260527100008083,7,Big,Green
20260527100008082,5,Big,Green Violet
20260527100008081,6,Big,Red
20260527100008080,8,Big,Red
20260527100008079,7,Big,Green
20260527100008078,7,Big,Green
20260527100008077,1,Small,Green
20260527100008076,6,Big,Red
20260527100008075,9,Big,Green
20260527100008074,8,Big,Red
20260527100008073,4,Small,Red
20260527100008072,7,Big,Green
20260527100008071,4,Small,Red
20260527100008070,3,Small,Green
20260527100008069,3,Small,Green
20260527100008068,9,Big,Green
20260527100008067,1,Small,Green
20260527100008066,6,Big,Red
20260527100008065,8,Big,Red
20260527100008064,2,Small,Red
20260527100008063,1,Small,Green
20260527100008062,7,Big,Green
20260527100008061,5,Big,Green Violet
20260527100008060,5,Big,Green Violet
20260527100008059,8,Big,Red
20260527100008058,1,Small,Green
20260527100008057,2,Small,Red
20260527100008056,0,Small,Red Violet
20260527100008055,2,Small,Red
20260527100008054,8,Big,Red
20260527100008053,1,Small,Green
20260527100008052,2,Small,Red
20260527100008051,7,Big,Green
20260527100008050,9,Big,Green
20260527100008049,6,Big,Red
20260527100008048,5,Big,Green Violet
20260527100008047,8,Big,Red
20260527100008046,9,Big,Green
20260527100008045,4,Small,Red
20260527100008044,0,Small,Red Violet
20260527100008043,1,Small,Green
20260527100008042,4,Small,Red
20260527100008041,4,Small,Red
20260527100008040,9,Big,Green
20260527100008039,1,Small,Green
20260527100008038,2,Small,Red
20260527100008037,1,Small,Green
20260527100008036,7,Big,Green
20260527100008035,1,Small,Green
20260527100008034,5,Big,Green Violet
20260527100008033,8,Big,Red
20260527100008032,6,Big,Red
20260527100008031,0,Small,Red Violet
20260527100008030,2,Small,Red
20260527100008029,0,Small,Red Violet
20260527100008028,2,Small,Red
20260527100008027,9,Big,Green
20260527100008026,4,Small,Red
20260527100008025,1,Small,Green
20260527100008024,8,Big,Red
20260527100008023,2,Small,Red
20260527100008022,9,Big,Green
20260527100008021,2,Small,Red
20260527100008020,0,Small,Red Violet
20260527100008019,2,Small,Red
20260527100008018,3,Small,Green
20260527100008017,3,Small,Green
20260527100008016,9,Big,Green
20260527100008015,3,Small,Green
20260527100008014,3,Small,Green
20260527100008013,4,Small,Red
20260527100008012,6,Big,Red
20260527100008011,4,Small,Red
20260527100008010,7,Big,Green
20260527100008009,0,Small,Red Violet
20260527100008008,8,Big,Red
20260527100008007,9,Big,Green
20260527100008006,3,Small,Green
20260527100008005,5,Big,Green Violet
20260527100008004,3,Small,Green
20260527100008003,1,Small,Green
20260527100008002,6,Big,Red
20260527100008001,5,Big,Green Violet
20260527100008000,0,Small,Red Violet
20260527100007999,9,Big,Green
20260527100007998,1,Small,Green
20260527100007997,9,Big,Green
20260527100007996,1,Small,Green
20260527100007995,0,Small,Red Violet
20260527100007994,4,Small,Red
20260527100007993,5,Big,Green Violet
20260527100007992,0,Small,Red Violet
20260527100007991,0,Small,Red Violet
20260527100007990,9,Big,Green
20260527100007989,6,Big,Red
20260527100007988,2,Small,Red
20260527100007987,4,Small,Red
20260527100007986,1,Small,Green
20260527100007985,2,Small,Red
20260527100007984,1,Small,Green
20260527100007983,5,Big,Green Violet
20260527100007982,4,Small,Red
20260527100007981,9,Big,Green
20260527100007980,4,Small,Red
20260527100007979,3,Small,Green
20260527100007978,5,Big,Green Violet
20260527100007977,1,Small,Green
20260527100007976,1,Small,Green
20260527100007975,9,Big,Green
20260527100007974,1,Small,Green
20260527100007973,2,Small,Red
20260527100007972,0,Small,Red Violet
20260527100007971,7,Big,Green
20260527100007970,1,Small,Green
20260527100007969,8,Big,Red
20260527100007968,1,Small,Green
20260527100007967,6,Big,Red
20260527100007966,5,Big,Green Violet
20260527100007965,2,Small,Red
20260527100007964,6,Big,Red
20260527100007963,8,Big,Red
20260527100007962,7,Big,Green
20260527100007961,0,Small,Red Violet
20260527100007960,1,Small,Green
20260527100007959,8,Big,Red
20260527100007958,9,Big,Green
20260527100007957,8,Big,Red
20260527100007956,3,Small,Green
20260527100007955,9,Big,Green
20260527100007954,5,Big,Green Violet
20260527100007953,8,Big,Red
20260527100007952,9,Big,Green
20260527100007951,5,Big,Green Violet
20260527100007950,0,Small,Red Violet
20260527100007949,6,Big,Red
20260527100007948,4,Small,Red
20260527100007947,3,Small,Green
20260527100007946,5,Big,Green Violet
20260527100007945,5,Big,Green Violet
20260527100007944,7,Big,Green
20260527100007943,5,Big,Green Violet
20260527100007942,5,Big,Green Violet
20260527100007941,3,Small,Green
20260527100007940,6,Big,Red
20260527100007939,8,Big,Red
20260527100007938,2,Small,Red
20260527100007937,2,Small,Red
20260527100007936,9,Big,Green
20260527100007935,9,Big,Green
20260527100007934,9,Big,Green
20260527100007933,8,Big,Red
20260527100007932,4,Small,Red
20260527100007931,8,Big,Red
20260527100007930,7,Big,Green
20260527100007929,9,Big,Green
20260527100007928,6,Big,Red
20260527100007927,5,Big,Green Violet
20260527100007926,4,Small,Red
20260527100007925,8,Big,Red
20260527100007924,3,Small,Green
20260527100007923,4,Small,Red
20260527100007922,2,Small,Red
20260527100007921,8,Big,Red
20260527100007920,7,Big,Green
20260527100007919,9,Big,Green
20260527100007918,4,Small,Red
20260527100007917,8,Big,Red
20260527100007916,8,Big,Red
20260527100007915,0,Small,Red Violet
20260527100007914,8,Big,Red
20260527100007913,1,Small,Green
20260527100007912,3,Small,Green
20260527100007911,8,Big,Red
20260527100007910,7,Big,Green
20260527100007909,2,Small,Red
20260527100007908,4,Small,Red
20260527100007907,1,Small,Green
20260527100007906,3,Small,Green
20260527100007905,5,Big,Green Violet
20260527100007904,1,Small,Green
20260527100007903,5,Big,Green Violet
20260527100007902,3,Small,Green
20260527100007901,6,Big,Red
20260527100007900,2,Small,Red
20260527100007899,8,Big,Red
20260527100007898,3,Small,Green
20260527100007897,2,Small,Red
20260527100007896,0,Small,Red Violet
20260527100007895,8,Big,Red
20260527100007894,3,Small,Green
20260527100007893,7,Big,Green
20260527100007892,6,Big,Red
20260527100007891,3,Small,Green
20260527100007890,1,Small,Green
20260527100007889,4,Small,Red
20260527100007888,1,Small,Green
20260527100007887,3,Small,Green
20260527100007886,2,Small,Red
20260527100007885,7,Big,Green
20260527100007884,8,Big,Red
20260527100007883,8,Big,Red
20260527100007882,7,Big,Green
20260527100007881,0,Small,Red Violet
20260527100007880,5,Big,Green Violet
20260527100007879,4,Small,Red
20260527100007878,2,Small,Red
20260527100007877,0,Small,Red Violet
20260527100007876,4,Small,Red
20260527100007875,9,Big,Green
20260527100007874,6,Big,Red
20260527100007873,4,Small,Red
20260527100007872,4,Small,Red
20260527100007871,6,Big,Red
20260527100007870,8,Big,Red
20260527100007869,3,Small,Green
20260527100007868,6,Big,Red
20260527100007867,5,Big,Green Violet
20260527100007866,8,Big,Red
20260527100007865,4,Small,Red
20260527100007864,2,Small,Red
20260527100007863,3,Small,Green
20260527100007862,9,Big,Green
20260527100007861,0,Small,Red Violet
20260527100007860,4,Small,Red
20260527100007859,6,Big,Red
20260527100007858,7,Big,Green
20260527100007857,5,Big,Green Violet
20260527100007856,4,Small,Red
20260527100007855,6,Big,Red
20260527100007854,6,Big,Red
20260527100007853,6,Big,Red
20260527100007852,9,Big,Green
20260527100007851,4,Small,Red
20260527100007850,3,Small,Green
20260527100007849,1,Small,Green
20260527100007848,8,Big,Red
20260527100007847,2,Small,Red
20260527100007846,7,Big,Green
20260527100007845,3,Small,Green
20260527100007844,3,Small,Green
20260527100007843,7,Big,Green
20260527100007842,8,Big,Red
20260527100007841,4,Small,Red
20260527100007840,1,Small,Green
20260527100007839,4,Small,Red
20260527100007838,0,Small,Red Violet
20260527100007837,2,Small,Red
20260527100007836,8,Big,Red
20260527100007835,5,Big,Green Violet
20260527100007834,7,Big,Green
20260527100007833,3,Small,Green
20260527100007832,1,Small,Green
20260527100007831,3,Small,Green
20260527100007830,1,Small,Green
20260527100007829,1,Small,Green
20260527100007828,1,Small,Green
20260527100007827,6,Big,Red
20260527100007826,8,Big,Red
20260527100007825,3,Small,Green
20260527100007824,8,Big,Red
20260527100007823,7,Big,Green
20260527100007822,9,Big,Green
20260527100007821,1,Small,Green
20260527100007820,5,Big,Green Violet
20260527100007819,6,Big,Red
20260527100007818,0,Small,Red Violet
20260527100007817,8,Big,Red
20260527100007816,9,Big,Green
20260527100007815,0,Small,Red Violet
20260527100007814,9,Big,Green
20260527100007813,0,Small,Red Violet
20260527100007812,8,Big,Red
20260527100007811,7,Big,Green
20260527100007810,4,Small,Red
20260527100007809,4,Small,Red
20260527100007808,4,Small,Red
20260527100007807,8,Big,Red
20260527100007806,7,Big,Green
20260527100007805,1,Small,Green
20260527100007804,9,Big,Green
20260527100007803,2,Small,Red
20260527100007802,6,Big,Red
20260527100007801,2,Small,Red
20260527100007800,7,Big,Green
20260527100007799,8,Big,Red
20260527100007798,0,Small,Red Violet
20260527100007797,3,Small,Green
20260527100007796,8,Big,Red
20260527100007795,7,Big,Green
20260527100007794,3,Small,Green
20260527100007793,3,Small,Green
20260527100007792,6,Big,Red
20260527100007791,0,Small,Red Violet
20260527100007790,2,Small,Red
20260527100007789,5,Big,Green Violet
20260527100007788,2,Small,Red
20260527100007787,6,Big,Red
20260527100007786,0,Small,Red Violet
20260527100007785,2,Small,Red
20260527100007784,6,Big,Red
20260527100007783,1,Small,Green
20260527100007782,8,Big,Red
20260527100007781,7,Big,Green
20260527100007780,8,Big,Red
20260527100007779,4,Small,Red
20260527100007778,5,Big,Green Violet
20260527100007777,5,Big,Green Violet
20260527100007776,1,Small,Green
20260527100007775,4,Small,Red
20260527100007774,6,Big,Red
20260527100007773,8,Big,Red
20260527100007772,7,Big,Green
20260527100007771,3,Small,Green
20260527100007770,8,Big,Red
20260527100007769,2,Small,Red
20260527100007768,8,Big,Red
20260527100007767,7,Big,Green
20260527100007766,9,Big,Green
20260527100007765,7,Big,Green
20260527100007764,0,Small,Red Violet
20260527100007763,2,Small,Red
20260527100007762,4,Small,Red
20260527100007761,5,Big,Green Violet
20260527100007760,4,Small,Red
20260527100007759,2,Small,Red
20260527100007758,5,Big,Green Violet
20260527100007757,2,Small,Red
20260527100007756,7,Big,Green
20260527100007755,8,Big,Red
20260527100007754,2,Small,Red
20260527100007753,8,Big,Red
20260527100007752,1,Small,Green
20260527100007751,8,Big,Red
20260527100007750,1,Small,Green
20260527100007749,7,Big,Green
20260527100007748,0,Small,Red Violet
20260527100007747,5,Big,Green Violet
20260527100007746,7,Big,Green
20260527100007745,6,Big,Red
20260527100007744,8,Big,Red
20260527100007743,7,Big,Green
20260527100007742,0,Small,Red Violet
20260527100007741,0,Small,Red Violet
20260527100007740,3,Small,Green
20260527100007739,4,Small,Red
20260527100007738,4,Small,Red
20260527100007737,8,Big,Red
20260527100007736,7,Big,Green
20260527100007735,7,Big,Green
20260527100007734,7,Big,Green
20260527100007733,3,Small,Green
20260527100007732,7,Big,Green
20260527100007731,9,Big,Green
20260527100007730,3,Small,Green
20260527100007729,9,Big,Green
20260527100007728,3,Small,Green
20260527100007727,9,Big,Green
20260527100007726,3,Small,Green
20260527100007725,3,Small,Green
20260527100007724,9,Big,Green
20260527100007723,6,Big,Red
20260527100007722,5,Big,Green Violet
20260527100007721,6,Big,Red
20260527100007720,1,Small,Green
20260527100007719,4,Small,Red
20260527100007718,8,Big,Red
20260527100007717,8,Big,Red
20260527100007716,4,Small,Red
20260527100007715,9,Big,Green
20260527100007714,9,Big,Green
20260527100007713,9,Big,Green
20260527100007712,5,Big,Green Violet
20260527100007711,4,Small,Red
20260527100007710,0,Small,Red Violet
20260527100007709,6,Big,Red
20260527100007708,7,Big,Green
20260527100007707,8,Big,Red
20260527100007706,0,Small,Red Violet
20260527100007705,2,Small,Red
20260527100007704,4,Small,Red
20260527100007703,5,Big,Green Violet
20260527100007702,5,Big,Green Violet
20260527100007701,4,Small,Red
20260527100007700,1,Small,Green
20260527100007699,2,Small,Red
20260527100007698,5,Big,Green Violet
20260527100007697,7,Big,Green
20260527100007696,3,Small,Green
20260527100007695,8,Big,Red
20260527100007694,0,Small,Red Violet
20260527100007693,0,Small,Red Violet
20260527100007692,2,Small,Red
20260527100007691,8,Big,Red
20260527100007690,0,Small,Red Violet
20260527100007689,6,Big,Red
20260527100007688,0,Small,Red Violet
20260527100007687,0,Small,Red Violet
20260527100007686,2,Small,Red
20260527100007685,0,Small,Red Violet
20260527100007684,8,Big,Red
20260527100007683,9,Big,Green
20260527100007682,1,Small,Green
20260527100007681,6,Big,Red
20260527100007680,4,Small,Red
20260527100007679,5,Big,Green Violet
20260527100007678,0,Small,Red Violet
20260527100007677,5,Big,Green Violet
20260527100007676,2,Small,Red
20260527100007675,3,Small,Green
20260527100007674,1,Small,Green
20260527100007673,6,Big,Red
20260527100007672,9,Big,Green
20260527100007671,3,Small,Green
20260527100007670,9,Big,Green
20260527100007669,4,Small,Red
20260527100007668,1,Small,Green
20260527100007667,5,Big,Green Violet
20260527100007666,6,Big,Red
20260527100007665,3,Small,Green
20260527100007664,6,Big,Red
20260527100007663,9,Big,Green
20260527100007662,4,Small,Red
20260527100007661,1,Small,Green
20260527100007660,3,Small,Green
20260527100007659,0,Small,Red Violet
20260527100007658,9,Big,Green
20260527100007657,1,Small,Green
20260527100007656,5,Big,Green Violet
20260527100007655,9,Big,Green
20260527100007654,3,Small,Green
20260527100007653,4,Small,Red
20260527100007652,0,Small,Red Violet
20260527100007651,8,Big,Red
20260527100007650,8,Big,Red
20260527100007649,3,Small,Green
20260527100007648,9,Big,Green
20260527100007647,8,Big,Red
20260527100007646,7,Big,Green
20260527100007645,8,Big,Red
20260527100007644,2,Small,Red
20260527100007643,3,Small,Green
20260527100007642,6,Big,Red
20260527100007641,3,Small,Green
20260527100007640,1,Small,Green
20260527100007639,7,Big,Green
20260527100007638,4,Small,Red
20260527100007637,2,Small,Red
20260527100007636,4,Small,Red
20260527100007635,9,Big,Green
20260527100007634,4,Small,Red
20260527100007633,6,Big,Red
20260527100007632,0,Small,Red Violet
20260527100007631,4,Small,Red
20260527100007630,7,Big,Green
20260527100007629,0,Small,Red Violet
20260527100007628,3,Small,Green
20260527100007627,0,Small,Red Violet
20260527100007626,1,Small,Green
20260527100007625,4,Small,Red
20260527100007624,3,Small,Green
20260527100007623,4,Small,Red
20260527100007622,9,Big,Green
20260527100007621,2,Small,Red
20260527100007620,4,Small,Red
20260527100007619,1,Small,Green
20260527100007618,4,Small,Red
20260527100007617,6,Big,Red
20260527100007616,1,Small,Green
20260527100007615,4,Small,Red
20260527100007614,6,Big,Red
20260527100007613,2,Small,Red
20260527100007612,1,Small,Green
20260527100007611,9,Big,Green
20260527100007610,9,Big,Green
20260527100007609,0,Small,Red Violet
20260527100007608,8,Big,Red
20260527100007607,4,Small,Red
20260527100007606,2,Small,Red
20260527100007605,2,Small,Red
20260527100007604,4,Small,Red
20260527100007603,2,Small,Red
20260527100007602,9,Big,Green
20260527100007601,2,Small,Red
20260527100007600,8,Big,Red
20260527100007599,7,Big,Green
20260527100007598,1,Small,Green
20260527100007597,8,Big,Red
20260527100007596,4,Small,Red
20260527100007595,6,Big,Red
20260527100007594,8,Big,Red
20260527100007593,8,Big,Red
20260527100007592,6,Big,Red
20260527100007591,0,Small,Red Violet
20260527100007590,9,Big,Green
20260527100007589,7,Big,Green
20260527100007588,1,Small,Green
20260527100007587,3,Small,Green
20260527100007586,7,Big,Green
20260527100007585,9,Big,Green
20260527100007584,4,Small,Red
20260527100007583,7,Big,Green
20260527100007582,3,Small,Green
20260527100007581,5,Big,Green Violet
20260527100007580,5,Big,Green Violet
20260527100007579,6,Big,Red
20260527100007578,9,Big,Green
20260527100007577,9,Big,Green
20260527100007576,1,Small,Green
20260527100007575,7,Big,Green
20260527100007574,2,Small,Red
20260527100007573,8,Big,Red
20260527100007572,9,Big,Green
20260527100007571,8,Big,Red
20260527100007570,1,Small,Green
20260527100007569,6,Big,Red
20260527100007568,8,Big,Red
20260527100007567,3,Small,Green
20260527100007566,5,Big,Green Violet
20260527100007565,7,Big,Green
20260527100007564,2,Small,Red
20260527100007563,7,Big,Green
20260527100007562,2,Small,Red
20260527100007561,5,Big,Green Violet
20260527100007560,2,Small,Red
20260527100007559,5,Big,Green Violet
20260527100007558,4,Small,Red
20260527100007557,7,Big,Green
20260527100007556,8,Big,Red
20260527100007555,6,Big,Red
20260527100007554,1,Small,Green
20260527100007553,9,Big,Green
20260527100007552,8,Big,Red
20260527100007551,2,Small,Red
20260527100007550,9,Big,Green
20260527100007549,9,Big,Green
20260527100007548,9,Big,Green
20260527100007547,1,Small,Green
20260527100007546,9,Big,Green
20260527100007545,4,Small,Red
20260527100007544,3,Small,Green
20260527100007543,6,Big,Red
20260527100007542,6,Big,Red
20260527100007541,3,Small,Green
20260527100007540,9,Big,Green
20260527100007539,9,Big,Green
20260527100007538,5,Big,Green Violet
20260527100007537,7,Big,Green
20260527100007536,6,Big,Red
20260527100007535,5,Big,Green Violet
20260527100007534,5,Big,Green Violet
20260527100007533,6,Big,Red
20260527100007532,3,Small,Green
20260527100007531,4,Small,Red
20260527100007530,5,Big,Green Violet
20260527100007529,5,Big,Green Violet
20260527100007528,6,Big,Red
20260527100007527,9,Big,Green
20260527100007526,6,Big,Red
20260527100007525,7,Big,Green
20260527100007524,4,Small,Red
20260527100007523,6,Big,Red
20260527100007522,9,Big,Green
20260527100007521,4,Small,Red
20260527100007520,4,Small,Red
20260527100007519,9,Big,Green
20260527100007518,6,Big,Red
20260527100007517,3,Small,Green
20260527100007516,5,Big,Green Violet
20260527100007515,2,Small,Red
20260527100007514,6,Big,Red
20260527100007513,2,Small,Red
20260527100007512,2,Small,Red
20260527100007511,0,Small,Red Violet
20260527100007510,8,Big,Red
20260527100007509,4,Small,Red
20260527100007508,2,Small,Red
20260527100007507,4,Small,Red
20260527100007506,7,Big,Green
20260527100007505,1,Small,Green
20260527100007504,9,Big,Green
20260527100007503,9,Big,Green
20260527100007502,0,Small,Red Violet
20260527100007501,8,Big,Red
20260527100007500,2,Small,Red
20260527100007499,6,Big,Red
20260527100007498,7,Big,Green
20260527100007497,4,Small,Red
20260527100007496,9,Big,Green
20260527100007495,9,Big,Green
20260527100007494,9,Big,Green
20260527100007493,0,Small,Red Violet
20260527100007492,5,Big,Green Violet
20260527100007491,3,Small,Green
20260527100007490,5,Big,Green Violet
20260527100007489,8,Big,Red
20260527100007488,5,Big,Green Violet
20260527100007487,0,Small,Red Violet
20260527100007486,9,Big,Green
20260527100007485,4,Small,Red
20260527100007484,7,Big,Green
20260527100007483,6,Big,Red
20260527100007482,3,Small,Green
20260527100007481,2,Small,Red
20260527100007480,7,Big,Green
20260527100007479,5,Big,Green Violet
20260527100007478,6,Big,Red
20260527100007477,0,Small,Red Violet
20260527100007476,4,Small,Red
20260527100007475,6,Big,Red
20260527100007474,0,Small,Red Violet
20260527100007473,6,Big,Red
20260527100007472,0,Small,Red Violet
20260527100007471,7,Big,Green
20260527100007470,7,Big,Green
20260527100007469,7,Big,Green
20260527100007468,0,Small,Red Violet
20260527100007467,8,Big,Red
20260527100007466,6,Big,Red
20260527100007465,0,Small,Red Violet
20260527100007464,4,Small,Red
20260527100007463,4,Small,Red
20260527100007462,3,Small,Green
20260527100007461,0,Small,Red Violet
20260527100007460,8,Big,Red
20260527100007459,2,Small,Red
20260527100007458,7,Big,Green
20260527100007457,8,Big,Red
20260527100007456,8,Big,Red
20260527100007455,3,Small,Green
20260527100007454,4,Small,Red
20260527100007453,6,Big,Red
20260527100007452,6,Big,Red
20260527100007451,2,Small,Red
20260527100007450,8,Big,Red
20260527100007449,4,Small,Red
20260527100007448,3,Small,Green
20260527100007447,1,Small,Green
20260527100007446,5,Big,Green Violet
20260527100007445,2,Small,Red
20260527100007444,7,Big,Green
20260527100007443,0,Small,Red Violet
20260527100007442,0,Small,Red Violet
20260527100007441,1,Small,Green
20260527100007440,6,Big,Red
20260527100007439,6,Big,Red
20260527100007438,8,Big,Red
20260527100007437,2,Small,Red
20260527100007436,1,Small,Green
20260527100007435,8,Big,Red
20260527100007434,7,Big,Green
20260527100007433,3,Small,Green
20260527100007432,1,Small,Green
20260527100007431,0,Small,Red Violet
20260527100007430,2,Small,Red
20260527100007429,1,Small,Green
20260527100007428,0,Small,Red Violet
20260527100007427,1,Small,Green
20260527100007426,3,Small,Green
20260527100007425,0,Small,Red Violet
20260527100007424,4,Small,Red
20260527100007423,8,Big,Red
20260527100007422,4,Small,Red
20260527100007421,1,Small,Green
20260527100007420,3,Small,Green
20260527100007419,0,Small,Red Violet
20260527100007418,5,Big,Green Violet
20260527100007417,1,Small,Green
20260527100007416,7,Big,Green
20260527100007415,6,Big,Red
20260527100007414,8,Big,Red
20260527100007413,1,Small,Green
20260527100007412,4,Small,Red
20260527100007411,0,Small,Red Violet
20260527100007410,8,Big,Red
20260527100007409,3,Small,Green
20260527100007408,2,Small,Red
20260527100007407,7,Big,Green
20260527100007406,8,Big,Red
20260527100007405,1,Small,Green
20260527100007404,9,Big,Green
20260527100007403,3,Small,Green
20260527100007402,1,Small,Green
20260527100007401,4,Small,Red
20260527100007400,8,Big,Red
20260527100007399,0,Small,Red Violet
20260527100007398,7,Big,Green
20260527100007397,4,Small,Red
20260527100007396,2,Small,Red
20260527100007395,6,Big,Red
20260527100007394,3,Small,Green
20260527100007393,2,Small,Red
20260527100007392,6,Big,Red
20260527100007391,7,Big,Green
20260527100007390,5,Big,Green Violet
20260527100007389,6,Big,Red
20260527100007388,5,Big,Green Violet
20260527100007387,4,Small,Red
20260527100007386,5,Big,Green Violet
20260527100007385,0,Small,Red Violet
20260527100007384,4,Small,Red
20260527100007383,3,Small,Green
20260527100007382,3,Small,Green
20260527100007381,5,Big,Green Violet
20260527100007380,9,Big,Green
20260527100007379,0,Small,Red Violet
20260527100007378,6,Big,Red
20260527100007377,4,Small,Red
20260527100007376,0,Small,Red Violet
20260527100007375,1,Small,Green
20260527100007374,2,Small,Red
20260527100007373,6,Big,Red
20260527100007372,8,Big,Red
20260527100007371,4,Small,Red
20260527100007370,1,Small,Green
20260527100007369,2,Small,Red
20260527100007368,1,Small,Green
20260527100007367,2,Small,Red
20260527100007366,8,Big,Red
20260527100007365,0,Small,Red Violet
20260527100007364,4,Small,Red
20260527100007363,0,Small,Red Violet
20260527100007362,4,Small,Red
20260527100007361,0,Small,Red Violet
20260527100007360,6,Big,Red
20260527100007359,4,Small,Red
20260527100007358,4,Small,Red
20260527100007357,3,Small,Green
20260527100007356,1,Small,Green
20260527100007355,3,Small,Green
20260527100007354,6,Big,Red
20260527100007353,2,Small,Red
20260527100007352,1,Small,Green
20260527100007351,7,Big,Green
20260527100007350,9,Big,Green
20260527100007349,9,Big,Green
20260527100007348,0,Small,Red Violet
20260527100007347,4,Small,Red
20260527100007346,3,Small,Green
20260527100007345,8,Big,Red
20260527100007344,9,Big,Green
20260527100007343,2,Small,Red
20260527100007342,9,Big,Green
20260527100007341,7,Big,Green
20260527100007340,8,Big,Red
20260527100007339,4,Small,Red
20260527100007338,9,Big,Green
20260527100007337,2,Small,Red
20260527100007336,4,Small,Red
20260527100007335,0,Small,Red Violet
20260527100007334,6,Big,Red
20260527100007333,4,Small,Red
20260527100007332,9,Big,Green
20260527100007331,9,Big,Green
20260527100007330,3,Small,Green
20260527100007329,7,Big,Green
20260527100007328,9,Big,Green
20260527100007327,9,Big,Green
20260527100007326,8,Big,Red
20260527100007325,0,Small,Red Violet
20260527100007324,9,Big,Green
20260527100007323,0,Small,Red Violet
20260527100007322,8,Big,Red
20260527100007321,0,Small,Red Violet
20260527100007320,2,Small,Red
20260527100007319,2,Small,Red
20260527100007318,9,Big,Green
20260527100007317,5,Big,Green Violet
20260527100007316,6,Big,Red
20260527100007315,6,Big,Red
20260527100007314,5,Big,Green Violet
20260527100007313,6,Big,Red
20260527100007312,0,Small,Red Violet
20260527100007311,8,Big,Red
20260527100007310,2,Small,Red
20260527100007309,0,Small,Red Violet
20260527100007308,7,Big,Green
20260527100007307,6,Big,Red
20260527100007306,5,Big,Green Violet
20260527100007305,8,Big,Red
20260527100007304,6,Big,Red
20260527100007303,9,Big,Green
20260527100007302,6,Big,Red
20260527100007301,5,Big,Green Violet
20260527100007300,3,Small,Green
20260527100007299,3,Small,Green
20260527100007298,6,Big,Red
20260527100007297,5,Big,Green Violet
20260527100007296,7,Big,Green
20260527100007295,2,Small,Red
20260527100007294,7,Big,Green
20260527100007293,2,Small,Red
20260527100007292,5,Big,Green Violet
20260527100007291,3,Small,Green
20260527100007290,4,Small,Red
20260527100007289,4,Small,Red
20260527100007288,9,Big,Green
20260527100007287,6,Big,Red
20260527100007286,1,Small,Green
20260527100007285,7,Big,Green
20260527100007284,4,Small,Red
20260527100007283,9,Big,Green
20260527100007282,9,Big,Green
20260527100007281,6,Big,Red
20260527100007280,2,Small,Red
20260527100007279,0,Small,Red Violet
20260527100007278,1,Small,Green
20260527100007277,6,Big,Red
20260527100007276,7,Big,Green
20260527100007275,5,Big,Green Violet
20260527100007274,0,Small,Red Violet
20260527100007273,9,Big,Green
20260527100007272,2,Small,Red
20260527100007271,4,Small,Red
20260527100007270,0,Small,Red Violet
20260527100007269,1,Small,Green
20260527100007268,9,Big,Green
20260527100007267,5,Big,Green Violet
20260527100007266,0,Small,Red Violet
20260527100007265,1,Small,Green
20260527100007264,7,Big,Green
20260527100007263,9,Big,Green
20260527100007262,3,Small,Green
20260527100007261,2,Small,Red
20260527100007260,9,Big,Green
20260527100007259,9,Big,Green
20260527100007258,7,Big,Green
20260527100007257,3,Small,Green
20260527100007256,5,Big,Green Violet
20260527100007255,1,Small,Green
20260527100007254,1,Small,Green
20260527100007253,0,Small,Red Violet
20260527100007252,4,Small,Red
20260527100007251,7,Big,Green
20260527100007250,2,Small,Red
20260527100007249,9,Big,Green
20260527100007248,4,Small,Red
20260527100007247,0,Small,Red Violet
20260527100007246,4,Small,Red
20260527100007245,9,Big,Green
20260527100007244,1,Small,Green
20260527100007243,6,Big,Red
20260527100007242,8,Big,Red
20260527100007241,8,Big,Red
20260527100007240,3,Small,Green
20260527100007239,0,Small,Red Violet
20260527100007238,8,Big,Red
20260527100007237,0,Small,Red Violet
20260527100007236,0,Small,Red Violet
20260527100007235,3,Small,Green
20260527100007234,9,Big,Green
20260527100007233,9,Big,Green
20260527100007232,2,Small,Red
20260527100007231,8,Big,Red
20260527100007230,3,Small,Green
20260527100007229,3,Small,Green
20260527100007228,6,Big,Red
20260527100007227,2,Small,Red
20260527100007226,2,Small,Red
20260527100007225,3,Small,Green
20260527100007224,0,Small,Red Violet
20260527100007223,5,Big,Green Violet
20260527100007222,6,Big,Red
20260527100007221,5,Big,Green Violet
20260527100007220,7,Big,Green
20260527100007219,5,Big,Green Violet
20260527100007218,6,Big,Red
20260527100007217,0,Small,Red Violet
20260527100007216,2,Small,Red
20260527100007215,1,Small,Green
20260527100007214,1,Small,Green
20260527100007213,1,Small,Green
20260527100007212,0,Small,Red Violet
20260527100007211,4,Small,Red
20260527100007210,0,Small,Red Violet
20260527100007209,5,Big,Green Violet
20260527100007208,4,Small,Red
20260527100007207,7,Big,Green
20260527100007206,4,Small,Red
20260527100007205,2,Small,Red
20260527100007204,6,Big,Red
20260527100007203,4,Small,Red
20260527100007202,6,Big,Red
20260527100007201,9,Big,Green
20260527100007200,5,Big,Green Violet
20260527100007199,8,Big,Red
20260527100007198,3,Small,Green
20260527100007197,7,Big,Green
20260527100007196,4,Small,Red
20260527100007195,8,Big,Red
20260527100007194,1,Small,Green
20260527100007193,6,Big,Red
20260527100007192,1,Small,Green
20260527100007191,7,Big,Green
20260527100007190,4,Small,Red
20260527100007189,7,Big,Green
20260527100007188,4,Small,Red
20260527100007187,5,Big,Green Violet
20260527100007186,7,Big,Green
20260527100007185,7,Big,Green
20260527100007184,5,Big,Green Violet
20260527100007183,9,Big,Green
20260527100007182,4,Small,Red
20260527100007181,8,Big,Red
20260527100007180,4,Small,Red
20260527100007179,6,Big,Red
20260527100007178,7,Big,Green
20260527100007177,1,Small,Green
20260527100007176,5,Big,Green Violet
20260527100007175,1,Small,Green
20260527100007174,2,Small,Red
20260527100007173,7,Big,Green
20260527100007172,1,Small,Green
20260527100007171,3,Small,Green
20260527100007170,9,Big,Green
20260527100007169,7,Big,Green
20260527100007168,3,Small,Green
20260527100007167,6,Big,Red
20260527100007166,4,Small,Red
20260527100007165,7,Big,Green
20260527100007164,3,Small,Green
20260527100007163,6,Big,Red
20260527100007162,6,Big,Red
20260527100007161,5,Big,Green Violet
20260527100007160,2,Small,Red
20260527100007159,5,Big,Green Violet
20260527100007158,9,Big,Green
20260527100007157,4,Small,Red
20260527100007156,8,Big,Red
20260527100007155,1,Small,Green
20260527100007154,8,Big,Red
20260527100007153,2,Small,Red
20260527100007152,3,Small,Green
20260527100007151,7,Big,Green
20260527100007150,2,Small,Red
20260527100007149,4,Small,Red
20260527100007148,1,Small,Green
20260527100007147,4,Small,Red
20260527100007146,1,Small,Green
20260527100007145,2,Small,Red
20260527100007144,7,Big,Green
20260527100007143,0,Small,Red Violet
20260527100007142,8,Big,Red
20260527100007141,4,Small,Red
20260527100007140,9,Big,Green
20260527100007139,1,Small,Green
20260527100007138,9,Big,Green
20260527100007137,1,Small,Green
20260527100007136,0,Small,Red Violet
20260527100007135,6,Big,Red
20260527100007134,9,Big,Green
20260527100007133,8,Big,Red
20260527100007132,4,Small,Red
20260527100007131,1,Small,Green
20260527100007130,8,Big,Red
20260527100007129,4,Small,Red
20260527100007128,2,Small,Red
20260527100007127,3,Small,Green
20260527100007126,3,Small,Green
20260527100007125,8,Big,Red
20260527100007124,8,Big,Red
20260527100007123,3,Small,Green
20260527100007122,5,Big,Green Violet
20260527100007121,0,Small,Red Violet
20260527100007120,3,Small,Green
20260527100007119,7,Big,Green
20260527100007118,4,Small,Red
20260527100007117,0,Small,Red Violet
20260527100007116,6,Big,Red
20260527100007115,9,Big,Green
20260527100007114,1,Small,Green
20260527100007113,0,Small,Red Violet
20260527100007112,2,Small,Red
20260527100007111,9,Big,Green
20260527100007110,4,Small,Red
20260527100007109,8,Big,Red
20260527100007108,9,Big,Green
20260527100007107,8,Big,Red
20260527100007106,0,Small,Red Violet
20260527100007105,4,Small,Red
20260527100007104,3,Small,Green
20260527100007103,3,Small,Green
20260527100007102,6,Big,Red
20260527100007101,2,Small,Red
20260527100007100,7,Big,Green
20260527100007099,7,Big,Green
20260527100007098,5,Big,Green Violet
20260527100007097,7,Big,Green
20260527100007096,3,Small,Green
20260527100007095,4,Small,Red
20260527100007094,0,Small,Red Violet
20260527100007093,0,Small,Red Violet
20260527100007092,8,Big,Red
20260527100007091,3,Small,Green
20260527100007090,3,Small,Green
20260527100007089,8,Big,Red
20260527100007088,9,Big,Green
20260527100007087,8,Big,Red
20260527100007086,4,Small,Red
20260527100007085,6,Big,Red
20260527100007084,4,Small,Red
20260527100007083,4,Small,Red
20260527100007082,7,Big,Green
20260527100007081,0,Small,Red Violet
20260527100007080,7,Big,Green
20260527100007079,6,Big,Red
20260527100007078,7,Big,Green
20260527100007077,2,Small,Red
20260527100007076,7,Big,Green
20260527100007075,0,Small,Red Violet
20260527100007074,7,Big,Green
20260527100007073,4,Small,Red
20260527100007072,5,Big,Green Violet
20260527100007071,3,Small,Green
20260527100007070,8,Big,Red
20260527100007069,5,Big,Green Violet
20260527100007068,7,Big,Green
20260527100007067,8,Big,Red
20260527100007066,4,Small,Red
20260527100007065,0,Small,Red Violet
20260527100007064,5,Big,Green Violet
20260527100007063,8,Big,Red
20260527100007062,1,Small,Green
20260527100007061,0,Small,Red Violet
20260527100007060,6,Big,Red
20260527100007059,9,Big,Green
20260527100007058,0,Small,Red Violet
20260527100007057,2,Small,Red
20260527100007056,3,Small,Green
20260527100007055,4,Small,Red
20260527100007054,2,Small,Red
20260527100007053,9,Big,Green
20260527100007052,9,Big,Green
20260527100007051,5,Big,Green Violet
20260527100007050,1,Small,Green
20260527100007049,3,Small,Green
20260527100007048,4,Small,Red
20260527100007047,1,Small,Green
20260527100007046,5,Big,Green Violet
20260527100007045,6,Big,Red
20260527100007044,0,Small,Red Violet
20260527100007043,8,Big,Red
20260527100007042,1,Small,Green
20260527100007041,7,Big,Green
20260527100007040,7,Big,Green
20260527100007039,6,Big,Red
20260527100007038,3,Small,Green
20260527100007037,0,Small,Red Violet
20260527100007036,9,Big,Green
20260527100007035,7,Big,Green
20260527100007034,6,Big,Red
20260527100007033,4,Small,Red
20260527100007032,6,Big,Red
20260527100007031,7,Big,Green
20260527100007030,0,Small,Red Violet
20260527100007029,7,Big,Green
20260527100007028,4,Small,Red
20260527100007027,6,Big,Red
20260527100007026,4,Small,Red
20260527100007025,5,Big,Green Violet
20260527100007024,4,Small,Red
20260527100007023,2,Small,Red
20260527100007022,5,Big,Green Violet
20260527100007021,6,Big,Red
20260527100007020,9,Big,Green
20260527100007019,2,Small,Red
20260527100007018,6,Big,Red
20260527100007017,5,Big,Green Violet
20260527100007016,1,Small,Green
20260527100007015,3,Small,Green
20260527100007014,7,Big,Green
20260527100007013,9,Big,Green
20260527100007012,4,Small,Red
20260527100007011,3,Small,Green
20260527100007010,6,Big,Red
20260527100007009,0,Small,Red Violet
20260527100007008,1,Small,Green
20260527100007007,4,Small,Red
20260527100007006,5,Big,Green Violet
20260527100007005,4,Small,Red
20260527100007004,7,Big,Green
20260527100007003,1,Small,Green
20260527100007002,9,Big,Green
20260527100007001,1,Small,Green
20260527100007000,3,Small,Green
20260527100006999,7,Big,Green
20260527100006998,8,Big,Red
20260527100006997,6,Big,Red
20260527100006996,8,Big,Red
20260527100006995,7,Big,Green
20260527100006994,5,Big,Green Violet
20260527100006993,2,Small,Red
20260527100006992,8,Big,Red
20260527100006991,9,Big,Green
20260527100006990,1,Small,Green
20260527100006989,8,Big,Red
20260527100006988,8,Big,Red
20260527100006987,0,Small,Red Violet
20260527100006986,5,Big,Green Violet
20260527100006985,9,Big,Green
20260527100006984,7,Big,Green
20260527100006983,6,Big,Red
20260527100006982,8,Big,Red
20260527100006981,9,Big,Green
20260527100006980,9,Big,Green
20260527100006979,4,Small,Red
20260527100006978,9,Big,Green
20260527100006977,3,Small,Green
20260527100006976,2,Small,Red
20260527100006975,4,Small,Red
20260527100006974,5,Big,Green Violet
20260527100006973,5,Big,Green Violet
20260527100006972,5,Big,Green Violet
20260527100006971,7,Big,Green
20260527100006970,9,Big,Green
20260527100006969,1,Small,Green
20260527100006968,7,Big,Green
20260527100006967,5,Big,Green Violet
20260527100006966,2,Small,Red
20260527100006965,6,Big,Red
20260527100006964,9,Big,Green
20260527100006963,9,Big,Green
20260527100006962,6,Big,Red
20260527100006961,7,Big,Green
20260527100006960,7,Big,Green
20260527100006959,8,Big,Red
20260527100006958,0,Small,Red Violet
20260527100006957,4,Small,Red
20260527100006956,2,Small,Red
20260527100006955,4,Small,Red
20260527100006954,5,Big,Green Violet
20260527100006953,8,Big,Red
20260527100006952,9,Big,Green
20260527100006951,3,Small,Green
20260527100006950,4,Small,Red
20260527100006949,6,Big,Red
20260527100006948,4,Small,Red
20260527100006947,0,Small,Red Violet
20260527100006946,1,Small,Green
20260527100006945,0,Small,Red Violet
20260527100006944,0,Small,Red Violet
20260527100006943,6,Big,Red
20260527100006942,6,Big,Red
20260527100006941,9,Big,Green
20260527100006940,2,Small,Red
20260527100006939,9,Big,Green
20260527100006938,8,Big,Red
20260527100006937,4,Small,Red
20260527100006936,3,Small,Green
20260527100006935,7,Big,Green
20260527100006934,0,Small,Red Violet
20260527100006933,7,Big,Green
20260527100006932,8,Big,Red
20260527100006931,8,Big,Red
20260527100006930,0,Small,Red Violet
20260527100006929,2,Small,Red
20260527100006928,1,Small,Green
20260527100006927,6,Big,Red
20260527100006926,7,Big,Green
20260527100006925,8,Big,Red
20260527100006924,1,Small,Green
20260527100006923,4,Small,Red
20260527100006922,5,Big,Green Violet
20260527100006921,0,Small,Red Violet
20260527100006920,2,Small,Red
20260527100006919,6,Big,Red
20260527100006918,8,Big,Red
20260527100006917,7,Big,Green
20260527100006916,0,Small,Red Violet
20260527100006915,4,Small,Red
20260527100006914,5,Big,Green Violet
20260527100006913,0,Small,Red Violet
20260527100006912,7,Big,Green
20260527100006911,1,Small,Green
20260527100006910,7,Big,Green
20260527100006909,9,Big,Green
20260527100006908,4,Small,Red
20260527100006907,1,Small,Green
20260527100006906,3,Small,Green
20260527100006905,0,Small,Red Violet
20260527100006904,3,Small,Green
20260527100006903,7,Big,Green
20260527100006902,8,Big,Red
20260527100006901,5,Big,Green Violet
20260527100006900,4,Small,Red
20260527100006899,5,Big,Green Violet
20260527100006898,3,Small,Green
20260527100006897,9,Big,Green
20260527100006896,0,Small,Red Violet
20260527100006895,8,Big,Red
20260527100006894,0,Small,Red Violet
20260527100006893,3,Small,Green
20260527100006892,2,Small,Red
20260527100006891,0,Small,Red Violet
20260527100006890,6,Big,Red
20260527100006889,4,Small,Red
20260527100006888,7,Big,Green
20260527100006887,9,Big,Green
20260527100006886,2,Small,Red
20260527100006885,3,Small,Green
20260527100006884,1,Small,Green
20260527100006883,2,Small,Red
20260527100006882,3,Small,Green
20260527100006881,8,Big,Red
20260527100006880,0,Small,Red Violet
20260527100006879,0,Small,Red Violet
20260527100006878,0,Small,Red Violet
20260527100006877,4,Small,Red
20260527100006876,1,Small,Green
20260527100006875,0,Small,Red Violet
20260527100006874,5,Big,Green Violet
20260527100006873,6,Big,Red
20260527100006872,0,Small,Red Violet
20260527100006871,2,Small,Red
20260527100006870,8,Big,Red
20260527100006869,6,Big,Red
20260527100006868,4,Small,Red
20260527100006867,6,Big,Red
20260527100006866,5,Big,Green Violet
20260527100006865,1,Small,Green
20260527100006864,3,Small,Green
20260527100006863,5,Big,Green Violet
20260527100006862,8,Big,Red
20260527100006861,6,Big,Red
20260527100006860,1,Small,Green
20260527100006859,8,Big,Red
20260527100006858,5,Big,Green Violet
20260527100006857,9,Big,Green
20260527100006856,2,Small,Red
20260527100006855,1,Small,Green
20260527100006854,7,Big,Green
20260527100006853,9,Big,Green
20260527100006852,9,Big,Green
20260527100006851,3,Small,Green
20260527100006850,1,Small,Green
20260527100006849,0,Small,Red Violet
20260527100006848,7,Big,Green
20260527100006847,6,Big,Red
20260527100006846,4,Small,Red
20260527100006845,9,Big,Green
20260527100006844,7,Big,Green
20260527100006843,0,Small,Red Violet
20260527100006842,1,Small,Green
20260527100006841,0,Small,Red Violet
20260527100006840,8,Big,Red
20260527100006839,1,Small,Green
20260527100006838,3,Small,Green
20260527100006837,5,Big,Green Violet
20260527100006836,0,Small,Red Violet
20260527100006835,5,Big,Green Violet
20260527100006834,1,Small,Green
20260527100006833,4,Small,Red
20260527100006832,7,Big,Green
20260527100006831,8,Big,Red
20260527100006830,4,Small,Red
20260527100006829,4,Small,Red
20260527100006828,1,Small,Green
20260527100006827,9,Big,Green
20260527100006826,9,Big,Green
20260527100006825,5,Big,Green Violet
20260527100006824,4,Small,Red
20260527100006823,2,Small,Red
20260527100006822,5,Big,Green Violet
20260527100006821,0,Small,Red Violet
20260527100006820,2,Small,Red
20260527100006819,4,Small,Red
20260527100006818,7,Big,Green
20260527100006817,9,Big,Green
20260527100006816,0,Small,Red Violet
20260527100006815,5,Big,Green Violet
20260527100006814,8,Big,Red
20260527100006813,8,Big,Red
20260527100006812,7,Big,Green
20260527100006811,2,Small,Red
20260527100006810,5,Big,Green Violet
20260527100006809,3,Small,Green
20260527100006808,5,Big,Green Violet
20260527100006807,1,Small,Green
20260527100006806,6,Big,Red
20260527100006805,8,Big,Red
20260527100006804,9,Big,Green
20260527100006803,5,Big,Green Violet
20260527100006802,1,Small,Green
20260527100006801,8,Big,Red
20260527100006800,6,Big,Red
20260527100006799,4,Small,Red
20260527100006798,9,Big,Green
20260527100006797,9,Big,Green
20260527100006796,9,Big,Green
20260527100006795,8,Big,Red
20260527100006794,3,Small,Green
20260527100006793,1,Small,Green
20260527100006792,2,Small,Red
20260527100006791,3,Small,Green
20260527100006790,5,Big,Green Violet
20260527100006789,3,Small,Green
20260527100006788,2,Small,Red
20260527100006787,0,Small,Red Violet
20260527100006786,6,Big,Red
20260527100006785,1,Small,Green
20260527100006784,3,Small,Green
20260527100006783,9,Big,Green
20260527100006782,3,Small,Green
20260527100006781,0,Small,Red Violet
20260527100006780,9,Big,Green
20260527100006779,0,Small,Red Violet
20260527100006778,6,Big,Red
20260527100006777,6,Big,Red
20260527100006776,4,Small,Red
20260527100006775,8,Big,Red
20260527100006774,3,Small,Green
20260527100006773,5,Big,Green Violet
20260527100006772,0,Small,Red Violet
20260527100006771,8,Big,Red
20260527100006770,6,Big,Red
20260527100006769,1,Small,Green
20260527100006768,8,Big,Red
20260527100006767,8,Big,Red
20260527100006766,6,Big,Red
20260527100006765,0,Small,Red Violet
20260527100006764,9,Big,Green
20260527100006763,1,Small,Green
20260527100006762,5,Big,Green Violet
20260527100006761,0,Small,Red Violet
20260527100006760,9,Big,Green
20260527100006759,5,Big,Green Violet
20260527100006758,7,Big,Green
20260527100006757,1,Small,Green
20260527100006756,9,Big,Green
20260527100006755,8,Big,Red
20260527100006754,5,Big,Green Violet
20260527100006753,1,Small,Green
20260527100006752,5,Big,Green Violet
20260527100006751,8,Big,Red
20260527100006750,5,Big,Green Violet
20260527100006749,4,Small,Red
20260527100006748,0,Small,Red Violet
20260527100006747,1,Small,Green
20260527100006746,0,Small,Red Violet
20260527100006745,5,Big,Green Violet
20260527100006744,9,Big,Green
20260527100006743,8,Big,Red
20260527100006742,6,Big,Red
20260527100006741,6,Big,Red
20260527100006740,1,Small,Green
20260527100006739,9,Big,Green
20260527100006738,4,Small,Red
20260527100006737,7,Big,Green
20260527100006736,1,Small,Green
20260527100006735,4,Small,Red
20260527100006734,9,Big,Green
20260527100006733,3,Small,Green
20260527100006732,4,Small,Red
20260527100006731,3,Small,Green
20260527100006730,1,Small,Green
20260527100006729,7,Big,Green
20260527100006728,9,Big,Green
20260527100006727,9,Big,Green
20260527100006726,7,Big,Green
20260527100006725,7,Big,Green
20260527100006724,1,Small,Green
20260527100006723,9,Big,Green
20260527100006722,8,Big,Red
20260527100006721,9,Big,Green
20260527100006720,3,Small,Green
20260527100006719,2,Small,Red
20260527100006718,8,Big,Red
20260527100006717,1,Small,Green
20260527100006716,5,Big,Green Violet
20260527100006715,2,Small,Red
20260527100006714,4,Small,Red
20260527100006713,0,Small,Red Violet
20260527100006712,6,Big,Red
20260527100006711,0,Small,Red Violet
20260527100006710,9,Big,Green
20260527100006709,4,Small,Red
20260527100006708,7,Big,Green
20260527100006707,7,Big,Green
20260527100006706,0,Small,Red Violet
20260527100006705,6,Big,Red
20260527100006704,2,Small,Red
20260527100006703,4,Small,Red
20260527100006702,3,Small,Green
20260527100006701,1,Small,Green
20260527100006700,7,Big,Green
20260527100006699,1,Small,Green
20260527100006698,6,Big,Red
20260527100006697,8,Big,Red
20260527100006696,0,Small,Red Violet
20260527100006695,9,Big,Green
20260527100006694,9,Big,Green
20260527100006693,0,Small,Red Violet
20260527100006692,8,Big,Red
20260527100006691,2,Small,Red
20260527100006690,0,Small,Red Violet
20260527100006689,4,Small,Red
20260527100006688,1,Small,Green
20260527100006687,5,Big,Green Violet
20260527100006686,4,Small,Red
20260527100006685,2,Small,Red
20260527100006684,1,Small,Green
20260527100006683,9,Big,Green
20260527100006682,6,Big,Red
20260527100006681,3,Small,Green
20260527100006680,8,Big,Red
20260527100006679,9,Big,Green
20260527100006678,3,Small,Green
20260527100006677,3,Small,Green
20260527100006676,0,Small,Red Violet
20260527100006675,9,Big,Green
20260527100006674,5,Big,Green Violet
20260527100006673,0,Small,Red Violet
20260527100006672,5,Big,Green Violet
20260527100006671,5,Big,Green Violet
20260527100006670,5,Big,Green Violet
20260527100006669,8,Big,Red
20260527100006668,7,Big,Green
20260527100006667,4,Small,Red
20260527100006666,9,Big,Green
20260527100006665,4,Small,Red
20260527100006664,0,Small,Red Violet
20260527100006663,6,Big,Red
20260527100006662,6,Big,Red
20260527100006661,6,Big,Red
20260527100006660,0,Small,Red Violet
20260527100006659,4,Small,Red
20260527100006658,4,Small,Red
20260527100006657,6,Big,Red
20260527100006656,5,Big,Green Violet
20260527100006655,9,Big,Green
20260527100006654,7,Big,Green
20260527100006653,7,Big,Green
20260527100006652,0,Small,Red Violet
20260527100006651,3,Small,Green
20260527100006650,6,Big,Red
20260527100006649,7,Big,Green
20260527100006648,8,Big,Red
20260527100006647,3,Small,Green
20260527100006646,4,Small,Red
20260527100006645,7,Big,Green
20260527100006644,6,Big,Red
20260527100006643,0,Small,Red Violet
20260527100006642,6,Big,Red
20260527100006641,0,Small,Red Violet
20260527100006640,6,Big,Red
20260527100006639,2,Small,Red
20260527100006638,4,Small,Red
20260527100006637,7,Big,Green
20260527100006636,8,Big,Red
20260527100006635,1,Small,Green
20260527100006634,8,Big,Red
20260527100006633,4,Small,Red
20260527100006632,9,Big,Green
20260527100006631,2,Small,Red
20260527100006630,0,Small,Red Violet
20260527100006629,0,Small,Red Violet
20260527100006628,9,Big,Green
20260527100006627,0,Small,Red Violet
20260527100006626,4,Small,Red
20260527100006625,6,Big,Red
20260527100006624,8,Big,Red
20260527100006623,9,Big,Green
20260527100006622,5,Big,Green Violet
20260527100006621,8,Big,Red
20260527100006620,4,Small,Red
20260527100006619,9,Big,Green
20260527100006618,0,Small,Red Violet
20260527100006617,4,Small,Red
20260527100006616,6,Big,Red
20260527100006615,8,Big,Red
20260527100006614,3,Small,Green
20260527100006613,5,Big,Green Violet
20260527100006612,2,Small,Red
20260527100006611,9,Big,Green
20260527100006610,9,Big,Green
20260527100006609,5,Big,Green Violet
20260527100006608,5,Big,Green Violet
20260527100006607,6,Big,Red
20260527100006606,0,Small,Red Violet
20260527100006605,9,Big,Green
20260527100006604,2,Small,Red
20260527100006603,8,Big,Red
20260527100006602,2,Small,Red
20260527100006601,8,Big,Red
20260527100006600,4,Small,Red
20260527100006599,2,Small,Red
20260527100006598,5,Big,Green Violet
20260527100006597,4,Small,Red
20260527100006596,0,Small,Red Violet
20260527100006595,8,Big,Red
20260527100006594,5,Big,Green Violet
20260527100006593,4,Small,Red
20260527100006592,6,Big,Red
20260527100006591,9,Big,Green
20260527100006590,4,Small,Red
20260527100006589,8,Big,Red
20260527100006588,1,Small,Green
20260527100006587,4,Small,Red
20260527100006586,0,Small,Red Violet
20260527100006585,4,Small,Red
20260527100006584,9,Big,Green
20260527100006583,4,Small,Red
20260527100006582,2,Small,Red
20260527100006581,5,Big,Green Violet
20260527100006580,9,Big,Green
20260527100006579,3,Small,Green
20260527100006578,4,Small,Red
20260527100006577,4,Small,Red
20260527100006576,5,Big,Green Violet
20260527100006575,2,Small,Red
20260527100006574,2,Small,Red
20260527100006573,0,Small,Red Violet
20260527100006572,7,Big,Green
20260527100006571,2,Small,Red
20260527100006570,0,Small,Red Violet
20260527100006569,0,Small,Red Violet
20260527100006568,5,Big,Green Violet
20260527100006567,3,Small,Green
20260527100006566,1,Small,Green
20260527100006565,2,Small,Red
20260527100006564,6,Big,Red
20260527100006563,3,Small,Green
20260527100006562,5,Big,Green Violet
20260527100006561,5,Big,Green Violet
20260527100006560,5,Big,Green Violet
20260527100006559,7,Big,Green
20260527100006558,1,Small,Green
20260527100006557,1,Small,Green
20260527100006556,5,Big,Green Violet
20260527100006555,8,Big,Red
20260527100006554,2,Small,Red
20260527100006553,5,Big,Green Violet
20260527100006552,9,Big,Green
20260527100006551,5,Big,Green Violet
20260527100006550,0,Small,Red Violet
20260527100006549,0,Small,Red Violet
20260527100006548,5,Big,Green Violet
20260527100006547,9,Big,Green
20260527100006546,7,Big,Green
20260527100006545,6,Big,Red
20260527100006544,0,Small,Red Violet
20260527100006543,4,Small,Red
20260527100006542,2,Small,Red
20260527100006541,4,Small,Red
20260527100006540,8,Big,Red
20260527100006539,0,Small,Red Violet
20260527100006538,7,Big,Green
20260527100006537,3,Small,Green
20260527100006536,3,Small,Green
20260527100006535,2,Small,Red
20260527100006534,3,Small,Green
20260527100006533,7,Big,Green
20260527100006532,4,Small,Red
20260527100006531,2,Small,Red
20260527100006530,6,Big,Red
20260527100006529,3,Small,Green
20260527100006528,4,Small,Red
20260527100006527,8,Big,Red
20260527100006526,9,Big,Green
20260527100006525,0,Small,Red Violet
20260527100006524,3,Small,Green
20260527100006523,7,Big,Green
20260527100006522,4,Small,Red
20260527100006521,4,Small,Red
20260527100006520,0,Small,Red Violet
20260527100006519,6,Big,Red
20260527100006518,8,Big,Red
20260527100006517,9,Big,Green
20260527100006516,5,Big,Green Violet
20260527100006515,9,Big,Green
20260527100006514,1,Small,Green
20260527100006513,4,Small,Red
20260527100006512,6,Big,Red
20260527100006511,6,Big,Red
20260527100006510,8,Big,Red
20260527100006509,4,Small,Red
20260527100006508,8,Big,Red
20260527100006507,4,Small,Red
20260527100006506,0,Small,Red Violet
20260527100006505,6,Big,Red
20260527100006504,5,Big,Green Violet
20260527100006503,7,Big,Green
20260527100006502,9,Big,Green
20260527100006501,3,Small,Green
20260527100006500,1,Small,Green
20260527100006499,6,Big,Red
20260527100006498,6,Big,Red
20260527100006497,8,Big,Red
20260527100006496,8,Big,Red
20260527100006495,3,Small,Green
20260527100006494,9,Big,Green
20260527100006493,0,Small,Red Violet
20260527100006492,3,Small,Green
20260527100006491,0,Small,Red Violet
20260527100006490,9,Big,Green
20260527100006489,4,Small,Red
20260527100006488,2,Small,Red
20260527100006487,3,Small,Green
20260527100006486,4,Small,Red
20260527100006485,2,Small,Red
20260527100006484,2,Small,Red
20260527100006483,4,Small,Red
20260527100006482,3,Small,Green
20260527100006481,3,Small,Green
20260527100006480,7,Big,Green
20260527100006479,6,Big,Red
20260527100006478,9,Big,Green
20260527100006477,7,Big,Green
20260527100006476,1,Small,Green
20260527100006475,6,Big,Red
20260527100006474,2,Small,Red
20260527100006473,5,Big,Green Violet
20260527100006472,5,Big,Green Violet
20260527100006471,7,Big,Green
20260527100006470,8,Big,Red
20260527100006469,0,Small,Red Violet
20260527100006468,5,Big,Green Violet
20260527100006467,9,Big,Green
20260527100006466,0,Small,Red Violet
20260527100006465,6,Big,Red
20260527100006464,8,Big,Red
20260527100006463,0,Small,Red Violet
20260527100006462,7,Big,Green
20260527100006461,0,Small,Red Violet
20260527100006460,5,Big,Green Violet
20260527100006459,9,Big,Green
20260527100006458,7,Big,Green
20260527100006457,1,Small,Green
20260527100006456,6,Big,Red
20260527100006455,5,Big,Green Violet
20260527100006454,8,Big,Red
20260527100006453,7,Big,Green
20260527100006452,9,Big,Green
20260527100006451,7,Big,Green
20260527100006450,2,Small,Red
20260527100006449,1,Small,Green
20260527100006448,4,Small,Red
20260527100006447,4,Small,Red
20260527100006446,9,Big,Green
20260527100006445,4,Small,Red
20260527100006444,2,Small,Red
20260527100006443,0,Small,Red Violet
20260527100006442,2,Small,Red
20260527100006441,3,Small,Green
20260527100006440,9,Big,Green
20260527100006439,1,Small,Green
20260527100006438,8,Big,Red
20260527100006437,7,Big,Green
20260527100006436,3,Small,Green
20260527100006435,1,Small,Green
20260527100006434,4,Small,Red
20260527100006433,2,Small,Red
20260527100006432,7,Big,Green
20260527100006431,6,Big,Red
20260527100006430,3,Small,Green
20260527100006429,7,Big,Green
20260527100006428,3,Small,Green
20260527100006427,8,Big,Red
20260527100006426,5,Big,Green Violet
20260527100006425,8,Big,Red
20260527100006424,9,Big,Green
20260527100006423,2,Small,Red
20260527100006422,1,Small,Green
20260527100006421,5,Big,Green Violet
20260527100006420,2,Small,Red
20260527100006419,2,Small,Red
20260527100006418,8,Big,Red
20260527100006417,5,Big,Green Violet
20260527100006416,3,Small,Green
20260527100006415,8,Big,Red
20260527100006414,5,Big,Green Violet
20260527100006413,3,Small,Green
20260527100006412,8,Big,Red
20260527100006411,4,Small,Red
20260527100006410,1,Small,Green
20260527100006409,1,Small,Green
20260527100006408,0,Small,Red Violet
20260527100006407,8,Big,Red
20260527100006406,5,Big,Green Violet
20260527100006405,8,Big,Red
20260527100006404,1,Small,Green
20260527100006403,4,Small,Red
20260527100006402,2,Small,Red
20260527100006401,5,Big,Green Violet
20260527100006400,2,Small,Red
20260527100006399,1,Small,Green
20260527100006398,7,Big,Green
20260527100006397,8,Big,Red
20260527100006396,6,Big,Red
20260527100006395,2,Small,Red
20260527100006394,5,Big,Green Violet
20260527100006393,8,Big,Red
20260527100006392,2,Small,Red
20260527100006391,8,Big,Red
20260527100006390,3,Small,Green
20260527100006389,9,Big,Green
20260527100006388,1,Small,Green
20260527100006387,1,Small,Green
20260527100006386,6,Big,Red
20260527100006385,9,Big,Green
20260527100006384,6,Big,Red
20260527100006383,6,Big,Red
20260527100006382,6,Big,Red
20260527100006381,8,Big,Red
20260527100006380,5,Big,Green Violet
20260527100006379,3,Small,Green
20260527100006378,6,Big,Red
20260527100006377,6,Big,Red
20260527100006376,6,Big,Red
20260527100006375,1,Small,Green
20260527100006374,8,Big,Red
20260527100006373,2,Small,Red
20260527100006372,3,Small,Green
20260527100006371,4,Small,Red
20260527100006370,1,Small,Green
20260527100006369,9,Big,Green
20260527100006368,4,Small,Red
20260527100006367,5,Big,Green Violet
20260527100006366,1,Small,Green
20260527100006365,8,Big,Red
20260527100006364,1,Small,Green
20260527100006363,3,Small,Green
20260527100006362,9,Big,Green
20260527100006361,6,Big,Red
20260527100006360,2,Small,Red
20260527100006359,3,Small,Green
20260527100006358,7,Big,Green
20260527100006357,9,Big,Green
20260527100006356,3,Small,Green
20260527100006355,4,Small,Red
20260527100006354,9,Big,Green
20260527100006353,4,Small,Red
20260527100006352,8,Big,Red
20260527100006351,6,Big,Red
20260527100006350,7,Big,Green
20260527100006349,8,Big,Red
20260527100006348,6,Big,Red
20260527100006347,4,Small,Red
20260527100006346,2,Small,Red
20260527100006345,0,Small,Red Violet
20260527100006344,0,Small,Red Violet
20260527100006343,5,Big,Green Violet
20260527100006342,6,Big,Red
20260527100006341,0,Small,Red Violet
20260527100006340,7,Big,Green
20260527100006339,6,Big,Red
20260527100006338,5,Big,Green Violet
20260527100006337,7,Big,Green
20260527100006336,7,Big,Green
20260527100006335,8,Big,Red
20260527100006334,0,Small,Red Violet
20260527100006333,0,Small,Red Violet
20260527100006332,1,Small,Green
20260527100006331,1,Small,Green
20260527100006330,5,Big,Green Violet
20260527100006329,2,Small,Red
20260527100006328,7,Big,Green
20260527100006327,3,Small,Green
20260527100006326,9,Big,Green
20260527100006325,1,Small,Green
20260527100006324,8,Big,Red
20260527100006323,2,Small,Red
20260527100006322,0,Small,Red Violet
20260527100006321,7,Big,Green
20260527100006320,6,Big,Red
20260527100006319,2,Small,Red
20260527100006318,1,Small,Green
20260527100006317,1,Small,Green
20260527100006316,7,Big,Green
20260527100006315,1,Small,Green
20260527100006314,5,Big,Green Violet
20260527100006313,2,Small,Red
20260527100006312,6,Big,Red
20260527100006311,7,Big,Green
20260527100006310,8,Big,Red
20260527100006309,4,Small,Red
20260527100006308,1,Small,Green
20260527100006307,7,Big,Green
20260527100006306,8,Big,Red
20260527100006305,5,Big,Green Violet
20260527100006304,0,Small,Red Violet
20260527100006303,3,Small,Green
20260527100006302,6,Big,Red
20260527100006301,8,Big,Red
20260527100006300,7,Big,Green
20260527100006299,1,Small,Green
20260527100006298,4,Small,Red
20260527100006297,9,Big,Green
20260527100006296,9,Big,Green
20260527100006295,1,Small,Green
20260527100006294,6,Big,Red
20260527100006293,5,Big,Green Violet
20260527100006292,3,Small,Green
20260527100006291,1,Small,Green
20260527100006290,0,Small,Red Violet
20260527100006289,3,Small,Green
20260527100006288,9,Big,Green
20260527100006287,5,Big,Green Violet
20260527100006286,7,Big,Green
20260527100006285,3,Small,Green
20260527100006284,3,Small,Green
20260527100006283,9,Big,Green
20260527100006282,9,Big,Green
20260527100006281,0,Small,Red Violet
20260527100006280,3,Small,Green
20260527100006279,5,Big,Green Violet
20260527100006278,3,Small,Green
20260527100006277,1,Small,Green
20260527100006276,7,Big,Green
20260527100006275,3,Small,Green
20260527100006274,9,Big,Green
20260527100006273,2,Small,Red
20260527100006272,7,Big,Green
20260527100006271,6,Big,Red
20260527100006270,1,Small,Green
20260527100006269,9,Big,Green
20260527100006268,0,Small,Red Violet
20260527100006267,0,Small,Red Violet
20260527100006266,1,Small,Green
20260527100006265,2,Small,Red
20260527100006264,3,Small,Green
20260527100006263,8,Big,Red
20260527100006262,9,Big,Green
20260527100006261,3,Small,Green
20260527100006260,2,Small,Red
20260527100006259,6,Big,Red
20260527100006258,5,Big,Green Violet
20260527100006257,2,Small,Red
20260527100006256,1,Small,Green
20260527100006255,2,Small,Red
20260527100006254,9,Big,Green
20260527100006253,5,Big,Green Violet
20260527100006252,0,Small,Red Violet
20260527100006251,2,Small,Red
20260527100006250,7,Big,Green
20260527100006249,4,Small,Red
20260527100006248,4,Small,Red
20260527100006247,0,Small,Red Violet
20260527100006246,3,Small,Green
20260527100006245,1,Small,Green
20260527100006244,5,Big,Green Violet
20260527100006243,6,Big,Red
20260527100006242,7,Big,Green
20260527100006241,8,Big,Red
20260527100006240,2,Small,Red
20260527100006239,2,Small,Red
20260527100006238,3,Small,Green
20260527100006237,0,Small,Red Violet
20260527100006236,1,Small,Green
20260527100006235,8,Big,Red
20260527100006234,7,Big,Green
20260527100006233,4,Small,Red
20260527100006232,2,Small,Red
20260527100006231,2,Small,Red
20260527100006230,7,Big,Green
20260527100006229,6,Big,Red
20260527100006228,1,Small,Green
20260527100006227,1,Small,Green
20260527100006226,0,Small,Red Violet
20260527100006225,1,Small,Green
20260527100006224,5,Big,Green Violet
20260527100006223,6,Big,Red
20260527100006222,8,Big,Red
20260527100006221,4,Small,Red
20260527100006220,6,Big,Red
20260527100006219,8,Big,Red
20260527100006218,9,Big,Green
20260527100006217,4,Small,Red
20260527100006216,6,Big,Red
20260527100006215,8,Big,Red
20260527100006214,3,Small,Green
20260527100006213,7,Big,Green
20260527100006212,1,Small,Green
20260527100006211,7,Big,Green
20260527100006210,2,Small,Red
20260527100006209,2,Small,Red
20260527100006208,8,Big,Red
20260527100006207,4,Small,Red
20260527100006206,4,Small,Red
20260527100006205,6,Big,Red
20260527100006204,7,Big,Green
20260527100006203,5,Big,Green Violet
20260527100006202,5,Big,Green Violet
20260527100006201,4,Small,Red
20260527100006200,2,Small,Red
20260527100006199,6,Big,Red
20260527100006198,6,Big,Red
20260527100006197,5,Big,Green Violet
20260527100006196,2,Small,Red
20260527100006195,0,Small,Red Violet
20260527100006194,8,Big,Red
20260527100006193,8,Big,Red
20260527100006192,8,Big,Red
20260527100006191,6,Big,Red
20260527100006190,6,Big,Red
20260527100006189,9,Big,Green
20260527100006188,2,Small,Red
20260527100006187,9,Big,Green
20260527100006186,4,Small,Red
20260527100006185,2,Small,Red
20260527100006184,6,Big,Red
20260527100006183,5,Big,Green Violet
20260527100006182,2,Small,Red
20260527100006181,8,Big,Red
20260527100006180,9,Big,Green
20260527100006179,3,Small,Green
20260527100006178,0,Small,Red Violet
20260527100006177,4,Small,Red
20260527100006176,0,Small,Red Violet
20260527100006175,1,Small,Green
20260527100006174,2,Small,Red
20260527100006173,6,Big,Red
20260527100006172,2,Small,Red
20260527100006171,8,Big,Red
20260527100006170,7,Big,Green
20260527100006169,5,Big,Green Violet
20260527100006168,0,Small,Red Violet
20260527100006167,4,Small,Red
20260527100006166,6,Big,Red
20260527100006165,7,Big,Green
20260527100006164,2,Small,Red
20260527100006163,4,Small,Red
20260527100006162,4,Small,Red
20260527100006161,4,Small,Red
20260527100006160,0,Small,Red Violet
20260527100006159,1,Small,Green
20260527100006158,2,Small,Red
20260527100006157,5,Big,Green Violet
20260527100006156,3,Small,Green
20260527100006155,8,Big,Red
20260527100006154,0,Small,Red Violet
20260527100006153,4,Small,Red
20260527100006152,0,Small,Red Violet
20260527100006151,4,Small,Red
20260527100006150,8,Big,Red
20260527100006149,1,Small,Green
20260527100006148,2,Small,Red
20260527100006147,9,Big,Green
20260527100006146,6,Big,Red
20260527100006145,2,Small,Red
20260527100006144,2,Small,Red
20260527100006143,0,Small,Red Violet
20260527100006142,0,Small,Red Violet
20260527100006141,0,Small,Red Violet
20260527100006140,0,Small,Red Violet
20260527100006139,4,Small,Red
20260527100006138,8,Big,Red
20260527100006137,4,Small,Red
20260527100006136,1,Small,Green
20260527100006135,0,Small,Red Violet
20260527100006134,5,Big,Green Violet
20260527100006133,9,Big,Green
20260527100006132,4,Small,Red
20260527100006131,7,Big,Green
20260527100006130,7,Big,Green
20260527100006129,5,Big,Green Violet
20260527100006128,8,Big,Red
20260527100006127,5,Big,Green Violet
20260527100006126,5,Big,Green Violet
20260527100006125,4,Small,Red
20260527100006124,3,Small,Green
20260527100006123,8,Big,Red
20260527100006122,4,Small,Red
20260527100006121,2,Small,Red
20260527100006120,9,Big,Green
20260527100006119,6,Big,Red
20260527100006118,6,Big,Red
20260527100006117,0,Small,Red Violet
20260527100006116,9,Big,Green
20260527100006115,2,Small,Red
20260527100006114,6,Big,Red
20260527100006113,6,Big,Red
20260527100006112,9,Big,Green
20260527100006111,9,Big,Green
20260527100006110,4,Small,Red
20260527100006109,5,Big,Green Violet
20260527100006108,9,Big,Green
20260527100006107,9,Big,Green
20260527100006106,5,Big,Green Violet
20260527100006105,5,Big,Green Violet
20260527100006104,5,Big,Green Violet
20260527100006103,3,Small,Green
20260527100006102,8,Big,Red
20260527100006101,5,Big,Green Violet
20260527100006100,5,Big,Green Violet
20260527100006099,0,Small,Red Violet
20260527100006098,5,Big,Green Violet
20260527100006097,5,Big,Green Violet
20260527100006096,1,Small,Green
20260527100006095,7,Big,Green
20260527100006094,3,Small,Green
20260527100006093,1,Small,Green
20260527100006092,2,Small,Red
20260527100006091,8,Big,Red
20260527100006090,0,Small,Red Violet
20260527100006089,8,Big,Red
20260527100006088,9,Big,Green
20260527100006087,6,Big,Red
20260527100006086,9,Big,Green
20260527100006085,0,Small,Red Violet
20260527100006084,3,Small,Green
20260527100006083,1,Small,Green
20260527100006082,8,Big,Red
20260527100006081,3,Small,Green
20260527100006080,8,Big,Red
20260527100006079,5,Big,Green Violet
20260527100006078,6,Big,Red
20260527100006077,2,Small,Red
20260527100006076,3,Small,Green
20260527100006075,3,Small,Green
20260527100006074,1,Small,Green
20260527100006073,8,Big,Red
20260527100006072,5,Big,Green Violet
20260527100006071,6,Big,Red
20260527100006070,0,Small,Red Violet
20260527100006069,2,Small,Red
20260527100006068,2,Small,Red
20260527100006067,8,Big,Red
20260527100006066,7,Big,Green
20260527100006065,8,Big,Red
20260527100006064,6,Big,Red
20260527100006063,0,Small,Red Violet
20260527100006062,4,Small,Red
20260527100006061,4,Small,Red
20260527100006060,8,Big,Red
20260527100006059,3,Small,Green
20260527100006058,5,Big,Green Violet
20260527100006057,2,Small,Red
20260527100006056,9,Big,Green
20260527100006055,9,Big,Green
20260527100006054,3,Small,Green
20260527100006053,2,Small,Red
20260527100006052,2,Small,Red
20260527100006051,9,Big,Green
20260527100006050,4,Small,Red
20260527100006049,1,Small,Green
20260527100006048,1,Small,Green
20260527100006047,7,Big,Green
20260527100006046,3,Small,Green
20260527100006045,0,Small,Red Violet
20260527100006044,3,Small,Green
20260527100006043,4,Small,Red
20260527100006042,1,Small,Green
20260527100006041,6,Big,Red
20260527100006040,7,Big,Green
20260527100006039,7,Big,Green
20260527100006038,0,Small,Red Violet
20260527100006037,0,Small,Red Violet
20260527100006036,0,Small,Red Violet
20260527100006035,4,Small,Red
20260527100006034,4,Small,Red
20260527100006033,5,Big,Green Violet
20260527100006032,9,Big,Green
20260527100006031,1,Small,Green
20260527100006030,2,Small,Red
20260527100006029,7,Big,Green
20260527100006028,6,Big,Red
20260527100006027,6,Big,Red
20260527100006026,9,Big,Green
20260527100006025,8,Big,Red
20260527100006024,7,Big,Green
20260527100006023,3,Small,Green
20260527100006022,7,Big,Green
20260527100006021,9,Big,Green
20260527100006020,8,Big,Red
20260527100006019,1,Small,Green
20260527100006018,1,Small,Green
20260527100006017,6,Big,Red
20260527100006016,5,Big,Green Violet
20260527100006015,7,Big,Green
20260527100006014,6,Big,Red
20260527100006013,6,Big,Red
20260527100006012,8,Big,Red
20260527100006011,9,Big,Green
20260527100006010,6,Big,Red
20260527100006009,6,Big,Red
20260527100006008,1,Small,Green
20260527100006007,3,Small,Green
20260527100006006,8,Big,Red
20260527100006005,6,Big,Red
20260527100006004,6,Big,Red
20260527100006003,3,Small,Green
20260527100006002,9,Big,Green
20260527100006001,8,Big,Red
20260527100006000,2,Small,Red
20260527100005999,8,Big,Red
20260527100005998,0,Small,Red Violet
20260527100005997,8,Big,Red
20260527100005996,6,Big,Red
20260527100005995,8,Big,Red
20260527100005994,6,Big,Red
20260527100005993,8,Big,Red
20260527100005992,2,Small,Red
20260527100005991,2,Small,Red
20260527100005990,9,Big,Green
20260527100005989,4,Small,Red
20260527100005988,0,Small,Red Violet
20260527100005987,7,Big,Green
20260527100005986,1,Small,Green
20260527100005985,9,Big,Green
20260527100005984,6,Big,Red
20260527100005983,1,Small,Green
20260527100005982,5,Big,Green Violet
20260527100005981,0,Small,Red Violet
20260527100005980,1,Small,Green
20260527100005979,8,Big,Red
20260527100005978,3,Small,Green
20260527100005977,3,Small,Green
20260527100005976,4,Small,Red
20260527100005975,9,Big,Green
20260527100005974,2,Small,Red
20260527100005973,2,Small,Red
20260527100005972,1,Small,Green
20260527100005971,9,Big,Green
20260527100005970,2,Small,Red
20260527100005969,6,Big,Red
20260527100005968,2,Small,Red
20260527100005967,4,Small,Red
20260527100005966,3,Small,Green
20260527100005965,6,Big,Red
20260527100005964,5,Big,Green Violet
20260527100005963,0,Small,Red Violet
20260527100005962,9,Big,Green
20260527100005961,6,Big,Red
20260527100005960,3,Small,Green
20260527100005959,6,Big,Red
20260527100005958,1,Small,Green
20260527100005957,5,Big,Green Violet
20260527100005956,0,Small,Red Violet
20260527100005955,7,Big,Green
20260527100005954,2,Small,Red
20260527100005953,1,Small,Green
20260527100005952,4,Small,Red
20260527100005951,3,Small,Green
20260527100005950,1,Small,Green
20260527100005949,6,Big,Red
20260527100005948,0,Small,Red Violet
20260527100005947,4,Small,Red
20260527100005946,7,Big,Green
20260527100005945,4,Small,Red
20260527100005944,3,Small,Green
20260527100005943,0,Small,Red Violet
20260527100005942,8,Big,Red
20260527100005941,6,Big,Red
20260527100005940,1,Small,Green
20260527100005939,5,Big,Green Violet
20260527100005938,7,Big,Green
20260527100005937,6,Big,Red
20260527100005936,2,Small,Red
20260527100005935,9,Big,Green
20260527100005934,4,Small,Red
20260527100005933,9,Big,Green
20260527100005932,0,Small,Red Violet
20260527100005931,6,Big,Red
20260527100005930,3,Small,Green
20260527100005929,8,Big,Red
20260527100005928,8,Big,Red
20260527100005927,8,Big,Red
20260527100005926,5,Big,Green Violet
20260527100005925,5,Big,Green Violet
20260527100005924,5,Big,Green Violet
20260527100005923,8,Big,Red
20260527100005922,8,Big,Red
20260527100005921,7,Big,Green
20260527100005920,8,Big,Red
20260527100005919,6,Big,Red
20260527100005918,9,Big,Green
20260527100005917,9,Big,Green
20260527100005916,0,Small,Red Violet
20260527100005915,8,Big,Red
20260527100005914,5,Big,Green Violet
20260527100005913,3,Small,Green
20260527100005912,8,Big,Red
20260527100005911,8,Big,Red
20260527100005910,6,Big,Red
20260527100005909,7,Big,Green
20260527100005908,9,Big,Green
20260527100005907,4,Small,Red
20260527100005906,2,Small,Red
20260527100005905,6,Big,Red
20260527100005904,9,Big,Green
20260527100005903,5,Big,Green Violet
20260527100005902,3,Small,Green
20260527100005901,3,Small,Green
20260527100005900,0,Small,Red Violet
20260527100005899,1,Small,Green
20260527100005898,5,Big,Green Violet
20260527100005897,5,Big,Green Violet
20260527100005896,5,Big,Green Violet
20260527100005895,9,Big,Green
20260527100005894,0,Small,Red Violet
20260527100005893,4,Small,Red
20260527100005892,9,Big,Green
20260527100005891,4,Small,Red
20260527100005890,2,Small,Red
20260527100005889,9,Big,Green
20260527100005888,0,Small,Red Violet
20260527100005887,9,Big,Green
20260527100005886,4,Small,Red
20260527100005885,7,Big,Green
20260527100005884,8,Big,Red
20260527100005883,9,Big,Green
20260527100005882,7,Big,Green
20260527100005881,5,Big,Green Violet
20260527100005880,7,Big,Green
20260527100005879,0,Small,Red Violet
20260527100005878,0,Small,Red Violet
20260527100005877,9,Big,Green
20260527100005876,8,Big,Red
20260527100005875,2,Small,Red
20260527100005874,4,Small,Red
20260527100005873,7,Big,Green
20260527100005872,8,Big,Red
20260527100005871,7,Big,Green
20260527100005870,0,Small,Red Violet
20260527100005869,7,Big,Green
20260527100005868,1,Small,Green
20260527100005867,7,Big,Green
20260527100005866,0,Small,Red Violet
20260527100005865,6,Big,Red
20260527100005864,7,Big,Green
20260527100005863,9,Big,Green
20260527100005862,5,Big,Green Violet
20260527100005861,4,Small,Red
20260527100005860,6,Big,Red
20260527100005859,8,Big,Red
20260527100005858,4,Small,Red
20260527100005857,6,Big,Red
20260527100005856,5,Big,Green Violet
20260527100005855,1,Small,Green
20260527100005854,5,Big,Green Violet
20260527100005853,7,Big,Green
20260527100005852,3,Small,Green
20260527100005851,3,Small,Green
20260527100005850,4,Small,Red
20260527100005849,3,Small,Green
20260527100005848,8,Big,Red
20260527100005847,6,Big,Red
20260527100005846,3,Small,Green
20260527100005845,9,Big,Green
20260527100005844,7,Big,Green
20260527100005843,7,Big,Green
20260527100005842,2,Small,Red
20260527100005841,8,Big,Red
20260527100005840,4,Small,Red
20260527100005839,2,Small,Red
20260527100005838,8,Big,Red
20260527100005837,4,Small,Red
20260527100005836,0,Small,Red Violet
20260527100005835,5,Big,Green Violet
20260527100005834,3,Small,Green
20260527100005833,8,Big,Red
20260527100005832,1,Small,Green
20260527100005831,1,Small,Green
20260527100005830,7,Big,Green
20260527100005829,8,Big,Red
20260527100005828,0,Small,Red Violet
20260527100005827,7,Big,Green
20260527100005826,3,Small,Green
20260527100005825,0,Small,Red Violet
20260527100005824,6,Big,Red
20260527100005823,0,Small,Red Violet
20260527100005822,0,Small,Red Violet
20260527100005821,8,Big,Red
20260527100005820,0,Small,Red Violet
20260527100005819,8,Big,Red
20260527100005818,3,Small,Green
20260527100005817,3,Small,Green
20260527100005816,6,Big,Red
20260527100005815,3,Small,Green
20260527100005814,4,Small,Red
20260527100005813,5,Big,Green Violet
20260527100005812,7,Big,Green
20260527100005811,9,Big,Green
20260527100005810,3,Small,Green
20260527100005809,6,Big,Red
20260527100005808,5,Big,Green Violet
20260527100005807,2,Small,Red
20260527100005806,0,Small,Red Violet
20260527100005805,0,Small,Red Violet
20260527100005804,2,Small,Red
20260527100005803,4,Small,Red
20260527100005802,0,Small,Red Violet
20260527100005801,2,Small,Red
20260527100005800,2,Small,Red
20260527100005799,3,Small,Green
20260527100005798,7,Big,Green
20260527100005797,8,Big,Red
20260527100005796,0,Small,Red Violet
20260527100005795,0,Small,Red Violet
20260527100005794,2,Small,Red
20260527100005793,5,Big,Green Violet
20260527100005792,6,Big,Red
20260527100005791,1,Small,Green
20260527100005790,8,Big,Red
20260527100005789,6,Big,Red
20260527100005788,8,Big,Red
20260527100005787,1,Small,Green
20260527100005786,0,Small,Red Violet
20260527100005785,8,Big,Red
20260527100005784,6,Big,Red
20260527100005783,6,Big,Red
20260527100005782,6,Big,Red
20260527100005781,7,Big,Green
20260527100005780,3,Small,Green
20260527100005779,8,Big,Red
20260527100005778,2,Small,Red
20260527100005777,2,Small,Red
20260527100005776,3,Small,Green
20260527100005775,4,Small,Red
20260527100005774,1,Small,Green
20260527100005773,5,Big,Green Violet
20260527100005772,8,Big,Red
20260527100005771,1,Small,Green
20260527100005770,7,Big,Green
20260527100005769,9,Big,Green
20260527100005768,3,Small,Green
20260527100005767,0,Small,Red Violet
20260527100005766,5,Big,Green Violet
20260527100005765,9,Big,Green
20260527100005764,4,Small,Red
20260527100005763,3,Small,Green
20260527100005762,5,Big,Green Violet
20260527100005761,0,Small,Red Violet
20260527100005760,2,Small,Red
20260527100005759,8,Big,Red
20260527100005758,8,Big,Red
20260527100005757,5,Big,Green Violet
20260527100005756,8,Big,Red
20260527100005755,4,Small,Red
20260527100005754,8,Big,Red
20260527100005753,9,Big,Green
20260527100005752,1,Small,Green
20260527100005751,0,Small,Red Violet
20260527100005750,3,Small,Green
20260527100005749,9,Big,Green
20260527100005748,3,Small,Green
20260527100005747,5,Big,Green Violet
20260527100005746,1,Small,Green
20260527100005745,3,Small,Green
20260527100005744,6,Big,Red
20260527100005743,8,Big,Red
20260527100005742,8,Big,Red
20260527100005741,9,Big,Green
20260527100005740,0,Small,Red Violet
20260527100005739,4,Small,Red
20260527100005738,6,Big,Red
20260527100005737,9,Big,Green
20260527100005736,7,Big,Green
20260527100005735,0,Small,Red Violet
20260527100005734,4,Small,Red
20260527100005733,5,Big,Green Violet
20260527100005732,6,Big,Red
20260527100005731,6,Big,Red
20260527100005730,0,Small,Red Violet
20260527100005729,4,Small,Red
20260527100005728,8,Big,Red
20260527100005727,4,Small,Red
20260527100005726,8,Big,Red
20260527100005725,0,Small,Red Violet
20260527100005724,7,Big,Green
20260527100005723,4,Small,Red
20260527100005722,7,Big,Green
20260527100005721,6,Big,Red
20260527100005720,9,Big,Green
20260527100005719,5,Big,Green Violet
20260527100005718,9,Big,Green
20260527100005717,8,Big,Red
20260527100005716,3,Small,Green
20260527100005715,6,Big,Red
20260527100005714,1,Small,Green
20260527100005713,6,Big,Red
20260527100005712,2,Small,Red
20260527100005711,2,Small,Red
20260527100005710,1,Small,Green
20260527100005709,3,Small,Green
20260527100005708,6,Big,Red
20260527100005707,9,Big,Green
20260527100005706,2,Small,Red
20260527100005705,7,Big,Green
20260527100005704,8,Big,Red
20260527100005703,2,Small,Red
20260527100005702,5,Big,Green Violet
20260527100005701,9,Big,Green
20260527100005700,0,Small,Red Violet
20260527100005699,6,Big,Red
20260527100005698,6,Big,Red
20260527100005697,9,Big,Green
20260527100005696,4,Small,Red
20260527100005695,6,Big,Red
20260527100005694,0,Small,Red Violet
20260527100005693,3,Small,Green
20260527100005692,0,Small,Red Violet
20260527100005691,1,Small,Green
20260527100005690,6,Big,Red
20260527100005689,2,Small,Red
20260527100005688,6,Big,Red
20260527100005687,8,Big,Red
20260527100005686,0,Small,Red Violet
20260527100005685,4,Small,Red
20260527100005684,2,Small,Red
20260527100005683,1,Small,Green
20260527100005682,0,Small,Red Violet
20260527100005681,0,Small,Red Violet
20260527100005680,2,Small,Red
20260527100005679,3,Small,Green
20260527100005678,2,Small,Red
20260527100005677,3,Small,Green
20260527100005676,8,Big,Red
20260527100005675,9,Big,Green
20260527100005674,2,Small,Red
20260527100005673,7,Big,Green
20260527100005672,4,Small,Red
20260527100005671,0,Small,Red Violet
20260527100005670,6,Big,Red
20260527100005669,7,Big,Green
20260527100005668,6,Big,Red
20260527100005667,4,Small,Red
20260527100005666,9,Big,Green
20260527100005665,0,Small,Red Violet
20260527100005664,6,Big,Red
20260527100005663,9,Big,Green
20260527100005662,0,Small,Red Violet
20260527100005661,9,Big,Green
20260527100005660,2,Small,Red
20260527100005659,3,Small,Green
20260527100005658,2,Small,Red
20260527100005657,7,Big,Green
20260527100005656,0,Small,Red Violet
20260527100005655,6,Big,Red
20260527100005654,2,Small,Red
20260527100005653,4,Small,Red
20260527100005652,1,Small,Green
20260527100005651,0,Small,Red Violet
20260527100005650,8,Big,Red
20260527100005649,3,Small,Green
20260527100005648,2,Small,Red
20260527100005647,8,Big,Red
20260527100005646,1,Small,Green
20260527100005645,6,Big,Red
20260527100005644,4,Small,Red
20260527100005643,1,Small,Green
20260527100005642,9,Big,Green
20260527100005641,4,Small,Red
20260527100005640,4,Small,Red
20260527100005639,7,Big,Green
20260527100005638,5,Big,Green Violet
20260527100005637,7,Big,Green
20260527100005636,5,Big,Green Violet
20260527100005635,9,Big,Green
20260527100005634,6,Big,Red
20260527100005633,1,Small,Green
20260527100005632,2,Small,Red
20260527100005631,6,Big,Red
20260527100005630,7,Big,Green
20260527100005629,3,Small,Green
20260527100005628,7,Big,Green
20260527100005627,6,Big,Red
20260527100005626,8,Big,Red
20260527100005625,4,Small,Red
20260527100005624,2,Small,Red
20260527100005623,3,Small,Green
20260527100005622,9,Big,Green
20260527100005621,7,Big,Green
20260527100005620,2,Small,Red
20260527100005619,7,Big,Green
20260527100005618,5,Big,Green Violet
20260527100005617,1,Small,Green
20260527100005616,9,Big,Green
20260527100005615,1,Small,Green
20260527100005614,6,Big,Red
20260527100005613,3,Small,Green
20260527100005612,7,Big,Green
20260527100005611,3,Small,Green
20260527100005610,0,Small,Red Violet
20260527100005609,8,Big,Red
20260527100005608,7,Big,Green
20260527100005607,5,Big,Green Violet
20260527100005606,1,Small,Green
20260527100005605,6,Big,Red
20260527100005604,7,Big,Green
20260527100005603,2,Small,Red
20260527100005602,3,Small,Green
20260527100005601,4,Small,Red
20260527100005600,8,Big,Red
20260527100005599,2,Small,Red
20260527100005598,7,Big,Green
20260527100005597,6,Big,Red
20260527100005596,1,Small,Green
20260527100005595,8,Big,Red
20260527100005594,7,Big,Green
20260527100005593,4,Small,Red
20260527100005592,9,Big,Green
20260527100005591,6,Big,Red
20260527100005590,2,Small,Red
20260527100005589,4,Small,Red
20260527100005588,4,Small,Red
20260527100005587,2,Small,Red
20260527100005586,3,Small,Green
20260527100005585,9,Big,Green
20260527100005584,2,Small,Red
20260527100005583,8,Big,Red
20260527100005582,8,Big,Red
20260527100005581,5,Big,Green Violet
20260527100005580,3,Small,Green
20260527100005579,4,Small,Red
20260527100005578,5,Big,Green Violet
20260527100005577,2,Small,Red
20260527100005576,0,Small,Red Violet
20260527100005575,1,Small,Green
20260527100005574,7,Big,Green
20260527100005573,4,Small,Red
20260527100005572,3,Small,Green
20260527100005571,2,Small,Red
20260527100005570,3,Small,Green
20260527100005569,6,Big,Red
20260527100005568,7,Big,Green
20260527100005567,7,Big,Green
20260527100005566,7,Big,Green
20260527100005565,5,Big,Green Violet
20260527100005564,6,Big,Red
20260527100005563,3,Small,Green
20260527100005562,7,Big,Green
20260527100005561,2,Small,Red
20260527100005560,3,Small,Green
20260527100005559,3,Small,Green
20260527100005558,9,Big,Green
20260527100005557,4,Small,Red
20260527100005556,6,Big,Red
20260527100005555,1,Small,Green
20260527100005554,4,Small,Red
20260527100005553,4,Small,Red
20260527100005552,6,Big,Red
20260527100005551,5,Big,Green Violet
20260527100005550,9,Big,Green
20260527100005549,9,Big,Green
20260527100005548,7,Big,Green
20260527100005547,5,Big,Green Violet
20260527100005546,3,Small,Green
20260527100005545,0,Small,Red Violet
20260527100005544,4,Small,Red
20260527100005543,1,Small,Green
20260527100005542,3,Small,Green
20260527100005541,4,Small,Red
20260527100005540,5,Big,Green Violet
20260527100005539,6,Big,Red
20260527100005538,9,Big,Green
20260527100005537,9,Big,Green
20260527100005536,1,Small,Green
20260527100005535,5,Big,Green Violet
20260527100005534,7,Big,Green
20260527100005533,1,Small,Green
20260527100005532,7,Big,Green
20260527100005531,4,Small,Red
20260527100005530,3,Small,Green
20260527100005529,5,Big,Green Violet
20260527100005528,0,Small,Red Violet
20260527100005527,2,Small,Red
20260527100005526,4,Small,Red
20260527100005525,5,Big,Green Violet
20260527100005524,7,Big,Green
20260527100005523,6,Big,Red
20260527100005522,8,Big,Red
20260527100005521,9,Big,Green
20260527100005520,1,Small,Green
20260527100005519,5,Big,Green Violet
20260527100005518,0,Small,Red Violet
20260527100005517,1,Small,Green
20260527100005516,2,Small,Red
20260527100005515,7,Big,Green
20260527100005514,1,Small,Green
20260527100005513,2,Small,Red
20260527100005512,8,Big,Red
20260527100005511,4,Small,Red
20260527100005510,4,Small,Red
20260527100005509,6,Big,Red
20260527100005508,5,Big,Green Violet
20260527100005507,1,Small,Green
20260527100005506,1,Small,Green
20260527100005505,9,Big,Green
20260527100005504,5,Big,Green Violet
20260527100005503,8,Big,Red
20260527100005502,9,Big,Green
20260527100005501,6,Big,Red
20260527100005500,5,Big,Green Violet
20260527100005499,7,Big,Green
20260527100005498,9,Big,Green
20260527100005497,1,Small,Green
20260527100005496,4,Small,Red
20260527100005495,5,Big,Green Violet
20260527100005494,7,Big,Green
20260527100005493,3,Small,Green
20260527100005492,0,Small,Red Violet
20260527100005491,9,Big,Green
20260527100005490,7,Big,Green
20260527100005489,9,Big,Green
20260527100005488,3,Small,Green
20260527100005487,2,Small,Red
20260527100005486,1,Small,Green
20260527100005485,9,Big,Green
20260527100005484,3,Small,Green
20260527100005483,3,Small,Green
20260527100005482,7,Big,Green
20260527100005481,3,Small,Green
20260527100005480,3,Small,Green
20260527100005479,3,Small,Green
20260527100005478,4,Small,Red
20260527100005477,6,Big,Red
20260527100005476,9,Big,Green
20260527100005475,6,Big,Red
20260527100005474,8,Big,Red
20260527100005473,1,Small,Green
20260527100005472,5,Big,Green Violet
20260527100005471,5,Big,Green Violet
20260527100005470,1,Small,Green
20260527100005469,6,Big,Red
20260527100005468,6,Big,Red
20260527100005467,6,Big,Red
20260527100005466,2,Small,Red
20260527100005465,3,Small,Green
20260527100005464,8,Big,Red
20260527100005463,0,Small,Red Violet
20260527100005462,5,Big,Green Violet
20260527100005461,1,Small,Green
20260527100005460,9,Big,Green
20260527100005459,1,Small,Green
20260527100005458,9,Big,Green
20260527100005457,0,Small,Red Violet
20260527100005456,7,Big,Green
20260527100005455,4,Small,Red
20260527100005454,1,Small,Green
20260527100005453,6,Big,Red
20260527100005452,7,Big,Green
20260527100005451,4,Small,Red
20260527100005450,9,Big,Green
20260527100005449,9,Big,Green
20260527100005448,5,Big,Green Violet
20260527100005447,5,Big,Green Violet
20260527100005446,6,Big,Red
20260527100005445,5,Big,Green Violet
20260527100005444,5,Big,Green Violet
20260527100005443,9,Big,Green
20260527100005442,8,Big,Red
20260527100005441,3,Small,Green
20260527100005440,1,Small,Green
20260527100005439,7,Big,Green
20260527100005438,2,Small,Red
20260527100005437,5,Big,Green Violet
20260527100005436,3,Small,Green
20260527100005435,3,Small,Green
20260527100005434,7,Big,Green
20260527100005433,0,Small,Red Violet
20260527100005432,6,Big,Red
20260527100005431,8,Big,Red
20260527100005430,1,Small,Green
20260527100005429,8,Big,Red
20260527100005428,7,Big,Green
20260527100005427,5,Big,Green Violet
20260527100005426,6,Big,Red
20260527100005425,4,Small,Red
20260527100005424,2,Small,Red
20260527100005423,1,Small,Green
20260527100005422,1,Small,Green
20260527100005421,2,Small,Red
20260527100005420,8,Big,Red
20260527100005419,2,Small,Red
20260527100005418,0,Small,Red Violet
20260527100005417,0,Small,Red Violet
20260527100005416,8,Big,Red
20260527100005415,8,Big,Red
20260527100005414,8,Big,Red
20260527100005413,9,Big,Green
20260527100005412,2,Small,Red
20260527100005411,6,Big,Red
20260527100005410,1,Small,Green
20260527100005409,8,Big,Red
20260527100005408,4,Small,Red
20260527100005407,0,Small,Red Violet
20260527100005406,2,Small,Red
20260527100005405,3,Small,Green
20260527100005404,6,Big,Red
20260527100005403,1,Small,Green
20260527100005402,5,Big,Green Violet
20260527100005401,0,Small,Red Violet
20260527100005400,9,Big,Green
20260527100005399,1,Small,Green
20260527100005398,9,Big,Green
20260527100005397,5,Big,Green Violet
20260527100005396,7,Big,Green
20260527100005395,7,Big,Green
20260527100005394,4,Small,Red
20260527100005393,8,Big,Red
20260527100005392,2,Small,Red
20260527100005391,0,Small,Red Violet
20260527100005390,7,Big,Green
20260527100005389,7,Big,Green
20260527100005388,5,Big,Green Violet
20260527100005387,9,Big,Green
20260527100005386,0,Small,Red Violet
20260527100005385,6,Big,Red
20260527100005384,6,Big,Red
20260527100005383,4,Small,Red
20260527100005382,8,Big,Red
20260527100005381,5,Big,Green Violet
20260527100005380,9,Big,Green
20260527100005379,0,Small,Red Violet
20260527100005378,8,Big,Red
20260527100005377,7,Big,Green
20260527100005376,4,Small,Red
20260527100005375,7,Big,Green
20260527100005374,8,Big,Red
20260527100005373,6,Big,Red
20260527100005372,8,Big,Red
20260527100005371,2,Small,Red
20260527100005370,4,Small,Red
20260527100005369,6,Big,Red
20260527100005368,2,Small,Red
20260527100005367,0,Small,Red Violet
20260527100005366,6,Big,Red
20260527100005365,5,Big,Green Violet
20260527100005364,9,Big,Green
20260527100005363,6,Big,Red
20260527100005362,1,Small,Green
20260527100005361,1,Small,Green
20260527100005360,0,Small,Red Violet
20260527100005359,8,Big,Red
20260527100005358,7,Big,Green
20260527100005357,8,Big,Red
20260527100005356,8,Big,Red
20260527100005355,2,Small,Red
20260527100005354,2,Small,Red
20260527100005353,6,Big,Red
20260527100005352,9,Big,Green
20260527100005351,6,Big,Red
20260527100005350,9,Big,Green
20260527100005349,9,Big,Green
20260527100005348,6,Big,Red
20260527100005347,8,Big,Red
20260527100005346,9,Big,Green
20260527100005345,7,Big,Green
20260527100005344,7,Big,Green
20260527100005343,9,Big,Green
20260527100005342,1,Small,Green
20260527100005341,4,Small,Red
20260527100005340,0,Small,Red Violet
20260527100005339,9,Big,Green
20260527100005338,6,Big,Red
20260527100005337,9,Big,Green
20260527100005336,9,Big,Green
20260527100005335,8,Big,Red
20260527100005334,1,Small,Green
20260527100005333,5,Big,Green Violet
20260527100005332,1,Small,Green
20260527100005331,8,Big,Red
20260527100005330,1,Small,Green
20260527100005329,4,Small,Red
20260527100005328,1,Small,Green
20260527100005327,7,Big,Green
20260527100005326,8,Big,Red
20260527100005325,0,Small,Red Violet
20260527100005324,9,Big,Green
20260527100005323,6,Big,Red
20260527100005322,9,Big,Green
20260527100005321,7,Big,Green
20260527100005320,6,Big,Red
20260527100005319,3,Small,Green
20260527100005318,9,Big,Green
20260527100005317,7,Big,Green
20260527100005316,8,Big,Red
20260527100005315,3,Small,Green
20260527100005314,2,Small,Red
20260527100005313,5,Big,Green Violet
20260527100005312,3,Small,Green
20260527100005311,2,Small,Red
20260527100005310,7,Big,Green
20260527100005309,5,Big,Green Violet
20260527100005308,0,Small,Red Violet
20260527100005307,6,Big,Red
20260527100005306,8,Big,Red
20260527100005305,3,Small,Green
20260527100005304,9,Big,Green
20260527100005303,5,Big,Green Violet
20260527100005302,5,Big,Green Violet
20260527100005301,4,Small,Red
20260527100005300,6,Big,Red
20260527100005299,3,Small,Green
20260527100005298,8,Big,Red
20260527100005297,1,Small,Green
20260527100005296,4,Small,Red
20260527100005295,0,Small,Red Violet
20260527100005294,6,Big,Red
20260527100005293,5,Big,Green Violet
20260527100005292,0,Small,Red Violet
20260527100005291,8,Big,Red
20260527100005290,5,Big,Green Violet
20260527100005289,4,Small,Red
20260527100005288,7,Big,Green
20260527100005287,5,Big,Green Violet
20260527100005286,7,Big,Green
20260527100005285,6,Big,Red
20260527100005284,5,Big,Green Violet
20260527100005283,6,Big,Red
20260527100005282,6,Big,Red
20260527100005281,2,Small,Red
20260527100005280,2,Small,Red
20260527100005279,5,Big,Green Violet
20260527100005278,4,Small,Red
20260527100005277,9,Big,Green
20260527100005276,4,Small,Red
20260527100005275,0,Small,Red Violet
20260527100005274,0,Small,Red Violet
20260527100005273,2,Small,Red
20260527100005272,9,Big,Green
20260527100005271,6,Big,Red
20260527100005270,3,Small,Green
20260527100005269,0,Small,Red Violet
20260527100005268,1,Small,Green
20260527100005267,2,Small,Red
20260527100005266,2,Small,Red
20260527100005265,6,Big,Red
20260527100005264,2,Small,Red
20260527100005263,7,Big,Green
20260527100005262,8,Big,Red
20260527100005261,3,Small,Green
20260527100005260,8,Big,Red
20260527100005259,0,Small,Red Violet
20260527100005258,3,Small,Green
20260527100005257,1,Small,Green
20260527100005256,7,Big,Green
20260527100005255,8,Big,Red
20260527100005254,7,Big,Green
20260527100005253,0,Small,Red Violet
20260527100005252,0,Small,Red Violet
20260527100005251,5,Big,Green Violet
20260527100005250,1,Small,Green
20260527100005249,8,Big,Red
20260527100005248,5,Big,Green Violet
20260527100005247,8,Big,Red
20260527100005246,2,Small,Red
20260527100005245,6,Big,Red
20260527100005244,7,Big,Green
20260527100005243,7,Big,Green
20260527100005242,8,Big,Red
20260527100005241,2,Small,Red
20260527100005240,2,Small,Red
20260527100005239,3,Small,Green
20260527100005238,1,Small,Green
20260527100005237,8,Big,Red
20260527100005236,0,Small,Red Violet
20260527100005235,8,Big,Red
20260527100005234,3,Small,Green
20260527100005233,0,Small,Red Violet
20260527100005232,5,Big,Green Violet
20260527100005231,7,Big,Green
20260527100005230,5,Big,Green Violet
20260527100005229,1,Small,Green
20260527100005228,6,Big,Red
20260527100005227,5,Big,Green Violet
20260527100005226,6,Big,Red
20260527100005225,5,Big,Green Violet
20260527100005224,5,Big,Green Violet
20260527100005223,1,Small,Green
20260527100005222,7,Big,Green
20260527100005221,7,Big,Green
20260527100005220,8,Big,Red
20260527100005219,3,Small,Green
20260527100005218,8,Big,Red
20260527100005217,6,Big,Red
20260527100005216,5,Big,Green Violet
20260527100005215,5,Big,Green Violet
20260527100005214,2,Small,Red
20260527100005213,4,Small,Red
20260527100005212,8,Big,Red
20260527100005211,7,Big,Green
20260527100005210,7,Big,Green
20260527100005209,8,Big,Red
20260527100005208,7,Big,Green
20260527100005207,8,Big,Red
20260527100005206,6,Big,Red
20260527100005205,0,Small,Red Violet
20260527100005204,1,Small,Green
20260527100005203,0,Small,Red Violet
20260527100005202,1,Small,Green
20260527100005201,4,Small,Red
20260527100005200,5,Big,Green Violet
20260527100005199,6,Big,Red
20260527100005198,3,Small,Green
20260527100005197,9,Big,Green
20260527100005196,1,Small,Green
20260527100005195,5,Big,Green Violet
20260527100005194,5,Big,Green Violet
20260527100005193,3,Small,Green
20260527100005192,6,Big,Red
20260527100005191,6,Big,Red
20260527100005190,5,Big,Green Violet
20260527100005189,7,Big,Green
20260527100005188,9,Big,Green
20260527100005187,7,Big,Green
20260527100005186,0,Small,Red Violet
20260527100005185,8,Big,Red
20260527100005184,4,Small,Red
20260527100005183,8,Big,Red
20260527100005182,7,Big,Green
20260527100005181,6,Big,Red
20260527100005180,9,Big,Green
20260527100005179,4,Small,Red
20260527100005178,9,Big,Green
20260527100005177,9,Big,Green
20260527100005176,8,Big,Red
20260527100005175,9,Big,Green
20260527100005174,4,Small,Red
20260527100005173,0,Small,Red Violet
20260527100005172,3,Small,Green
20260527100005171,0,Small,Red Violet
20260527100005170,2,Small,Red
20260527100005169,2,Small,Red
20260527100005168,6,Big,Red
20260527100005167,7,Big,Green
20260527100005166,3,Small,Green
20260527100005165,6,Big,Red
20260527100005164,5,Big,Green Violet
20260527100005163,7,Big,Green
20260527100005162,6,Big,Red
20260527100005161,1,Small,Green
20260527100005160,3,Small,Green
20260527100005159,4,Small,Red
20260527100005158,1,Small,Green
20260527100005157,7,Big,Green
20260527100005156,6,Big,Red
20260527100005155,8,Big,Red
20260527100005154,7,Big,Green
20260527100005153,1,Small,Green
20260527100005152,2,Small,Red
20260527100005151,5,Big,Green Violet
20260527100005150,7,Big,Green
20260527100005149,9,Big,Green
20260527100005148,9,Big,Green
20260527100005147,0,Small,Red Violet
20260527100005146,9,Big,Green
20260527100005145,6,Big,Red
20260527100005144,3,Small,Green
20260527100005143,0,Small,Red Violet
20260527100005142,2,Small,Red
20260527100005141,1,Small,Green
20260527100005140,8,Big,Red
20260527100005139,2,Small,Red
20260527100005138,1,Small,Green
20260527100005137,5,Big,Green Violet
20260527100005136,5,Big,Green Violet
20260527100005135,8,Big,Red
20260527100005134,1,Small,Green
20260527100005133,3,Small,Green
20260527100005132,0,Small,Red Violet
20260527100005131,1,Small,Green
20260527100005130,8,Big,Red
20260527100005129,0,Small,Red Violet
20260527100005128,3,Small,Green
20260527100005127,3,Small,Green
20260527100005126,3,Small,Green
20260527100005125,8,Big,Red
20260527100005124,5,Big,Green Violet
20260527100005123,8,Big,Red
20260527100005122,0,Small,Red Violet
20260527100005121,2,Small,Red
20260527100005120,1,Small,Green
20260527100005119,4,Small,Red
20260527100005118,7,Big,Green
20260527100005117,5,Big,Green Violet
20260527100005116,7,Big,Green
20260527100005115,7,Big,Green
20260527100005114,9,Big,Green
20260527100005113,5,Big,Green Violet
20260527100005112,5,Big,Green Violet
20260527100005111,3,Small,Green
20260527100005110,5,Big,Green Violet
20260527100005109,1,Small,Green
20260527100005108,6,Big,Red
20260527100005107,6,Big,Red
20260527100005106,2,Small,Red
20260527100005105,3,Small,Green
20260527100005104,8,Big,Red
20260527100005103,4,Small,Red
20260527100005102,6,Big,Red
20260527100005101,5,Big,Green Violet
20260527100005100,8,Big,Red
20260527100005099,8,Big,Red
20260527100005098,3,Small,Green
20260527100005097,8,Big,Red
20260527100005096,8,Big,Red
20260527100005095,5,Big,Green Violet
20260527100005094,6,Big,Red
20260527100005093,8,Big,Red
20260527100005092,0,Small,Red Violet
20260527100005091,7,Big,Green
20260527100005090,6,Big,Red
20260527100005089,6,Big,Red
20260527100005088,4,Small,Red
20260527100005087,1,Small,Green
20260527100005086,0,Small,Red Violet
20260527100005085,8,Big,Red
20260527100005084,0,Small,Red Violet
20260527100005083,8,Big,Red
20260527100005082,6,Big,Red
20260527100005081,1,Small,Green
20260527100005080,2,Small,Red
20260527100005079,3,Small,Green
20260527100005078,6,Big,Red
20260527100005077,8,Big,Red
20260527100005076,2,Small,Red
20260527100005075,6,Big,Red
20260527100005074,3,Small,Green
20260527100005073,3,Small,Green
20260527100005072,6,Big,Red
20260527100005071,2,Small,Red
20260527100005070,6,Big,Red
20260527100005069,3,Small,Green
20260527100005068,5,Big,Green Violet
20260527100005067,5,Big,Green Violet
20260527100005066,6,Big,Red
20260527100005065,7,Big,Green
20260527100005064,7,Big,Green
20260527100005063,5,Big,Green Violet
20260527100005062,5,Big,Green Violet
20260527100005061,4,Small,Red
20260527100005060,4,Small,Red
20260527100005059,7,Big,Green
20260527100005058,7,Big,Green
20260527100005057,3,Small,Green
20260527100005056,6,Big,Red
20260527100005055,5,Big,Green Violet
20260527100005054,0,Small,Red Violet
20260527100005053,1,Small,Green
20260527100005052,2,Small,Red
20260527100005051,6,Big,Red
20260527100005050,9,Big,Green
20260527100005049,4,Small,Red
20260527100005048,7,Big,Green
20260527100005047,6,Big,Red
20260527100005046,0,Small,Red Violet
20260527100005045,3,Small,Green
20260527100005044,5,Big,Green Violet
20260527100005043,7,Big,Green
20260527100005042,7,Big,Green
20260527100005041,2,Small,Red
20260527100005040,7,Big,Green
20260527100005039,6,Big,Red
20260527100005038,8,Big,Red
20260527100005037,7,Big,Green
20260527100005036,8,Big,Red
20260527100005035,7,Big,Green
20260527100005034,7,Big,Green
20260527100005033,9,Big,Green
20260527100005032,8,Big,Red
20260527100005031,5,Big,Green Violet
20260527100005030,0,Small,Red Violet
20260527100005029,4,Small,Red
20260527100005028,9,Big,Green
20260527100005027,0,Small,Red Violet
20260527100005026,0,Small,Red Violet
20260527100005025,1,Small,Green
20260527100005024,8,Big,Red
20260527100005023,5,Big,Green Violet
20260527100005022,5,Big,Green Violet
20260527100005021,2,Small,Red
20260527100005020,1,Small,Green
20260527100005019,8,Big,Red
20260527100005018,1,Small,Green
20260527100005017,6,Big,Red
20260527100005016,1,Small,Green
20260527100005015,3,Small,Green
20260527100005014,8,Big,Red
20260527100005013,9,Big,Green
20260527100005012,9,Big,Green
20260527100005011,6,Big,Red
20260527100005010,2,Small,Red
20260527100005009,2,Small,Red
20260527100005008,4,Small,Red
20260527100005007,0,Small,Red Violet
20260527100005006,8,Big,Red
20260527100005005,3,Small,Green
20260527100005004,4,Small,Red
20260527100005003,7,Big,Green
20260527100005002,8,Big,Red
20260527100005001,8,Big,Red
20260527100005000,8,Big,Red
20260527100004999,1,Small,Green
20260527100004998,9,Big,Green
20260527100004997,2,Small,Red
20260527100004996,1,Small,Green
20260527100004995,8,Big,Red
20260527100004994,1,Small,Green
20260527100004993,2,Small,Red
20260527100004992,3,Small,Green
20260527100004991,3,Small,Green
20260527100004990,9,Big,Green
20260527100004989,1,Small,Green
20260527100004988,8,Big,Red
20260527100004987,0,Small,Red Violet
20260527100004986,3,Small,Green
20260527100004985,1,Small,Green
20260527100004984,1,Small,Green
20260527100004983,4,Small,Red
20260527100004982,5,Big,Green Violet
20260527100004981,0,Small,Red Violet
20260527100004980,0,Small,Red Violet
20260527100004979,6,Big,Red
20260527100004978,4,Small,Red
20260527100004977,9,Big,Green
20260527100004976,7,Big,Green
20260527100004975,7,Big,Green
20260527100004974,8,Big,Red
20260527100004973,9,Big,Green
20260527100004972,1,Small,Green
20260527100004971,8,Big,Red
20260527100004970,0,Small,Red Violet
20260527100004969,6,Big,Red
20260527100004968,8,Big,Red
20260527100004967,6,Big,Red
20260527100004966,0,Small,Red Violet
20260527100004965,6,Big,Red
20260527100004964,4,Small,Red
20260527100004963,1,Small,Green
20260527100004962,6,Big,Red
20260527100004961,1,Small,Green
20260527100004960,1,Small,Green
20260527100004959,5,Big,Green Violet
20260527100004958,3,Small,Green
20260527100004957,0,Small,Red Violet
20260527100004956,4,Small,Red
20260527100004955,8,Big,Red
20260527100004954,6,Big,Red
20260527100004953,0,Small,Red Violet
20260527100004952,6,Big,Red
20260527100004951,8,Big,Red
20260527100004950,5,Big,Green Violet
20260527100004949,8,Big,Red
20260527100004948,8,Big,Red
20260527100004947,3,Small,Green
20260527100004946,2,Small,Red
20260527100004945,0,Small,Red Violet
20260527100004944,9,Big,Green
20260527100004943,7,Big,Green
20260527100004942,7,Big,Green
20260527100004941,3,Small,Green
20260527100004940,9,Big,Green
20260527100004939,9,Big,Green
20260527100004938,2,Small,Red
20260527100004937,2,Small,Red
20260527100004936,3,Small,Green
20260527100004935,3,Small,Green
20260527100004934,1,Small,Green
20260527100004933,6,Big,Red
20260527100004932,7,Big,Green
20260527100004931,7,Big,Green
20260527100004930,1,Small,Green
20260527100004929,6,Big,Red
20260527100004928,0,Small,Red Violet
20260527100004927,6,Big,Red
20260527100004926,1,Small,Green
20260527100004925,5,Big,Green Violet
20260527100004924,1,Small,Green
20260527100004923,2,Small,Red
20260527100004922,1,Small,Green
20260527100004921,3,Small,Green
20260527100004920,0,Small,Red Violet
20260527100004919,7,Big,Green
20260527100004918,6,Big,Red
20260527100004917,9,Big,Green
20260527100004916,1,Small,Green
20260527100004915,8,Big,Red
20260527100004914,0,Small,Red Violet
20260527100004913,8,Big,Red
20260527100004912,4,Small,Red
20260527100004911,7,Big,Green
20260527100004910,1,Small,Green
20260527100004909,7,Big,Green
20260527100004908,1,Small,Green
20260527100004907,4,Small,Red
20260527100004906,8,Big,Red
20260527100004905,7,Big,Green
20260527100004904,3,Small,Green
20260527100004903,9,Big,Green
20260527100004902,9,Big,Green
20260527100004901,5,Big,Green Violet
20260527100004900,3,Small,Green
20260527100004899,8,Big,Red
20260527100004898,5,Big,Green Violet
20260527100004897,2,Small,Red
20260527100004896,4,Small,Red
20260527100004895,6,Big,Red
20260527100004894,9,Big,Green
20260527100004893,9,Big,Green
20260527100004892,0,Small,Red Violet
20260527100004891,9,Big,Green
20260527100004890,1,Small,Green
20260527100004889,3,Small,Green
20260527100004888,9,Big,Green
20260527100004887,9,Big,Green
20260527100004886,5,Big,Green Violet
20260527100004885,0,Small,Red Violet
20260527100004884,5,Big,Green Violet
20260527100004883,3,Small,Green
20260527100004882,9,Big,Green
20260527100004881,6,Big,Red
20260527100004880,5,Big,Green Violet
20260527100004879,5,Big,Green Violet
20260527100004878,9,Big,Green
20260527100004877,1,Small,Green
20260527100004876,8,Big,Red
20260527100004875,6,Big,Red
20260527100004874,9,Big,Green
20260527100004873,8,Big,Red
20260527100004872,6,Big,Red
20260527100004871,3,Small,Green
20260527100004870,6,Big,Red
20260527100004869,3,Small,Green
20260527100004868,6,Big,Red
20260527100004867,2,Small,Red
20260527100004866,1,Small,Green
20260527100004865,5,Big,Green Violet
20260527100004864,4,Small,Red
20260527100004863,5,Big,Green Violet
20260527100004862,4,Small,Red
20260527100004861,3,Small,Green
20260527100004860,3,Small,Green
20260527100004859,6,Big,Red
20260527100004858,4,Small,Red
20260527100004857,9,Big,Green
20260527100004856,9,Big,Green
20260527100004855,1,Small,Green
20260527100004854,3,Small,Green
20260527100004853,7,Big,Green
20260527100004852,3,Small,Green
20260527100004851,6,Big,Red
20260527100004850,7,Big,Green
20260527100004849,9,Big,Green
20260527100004848,4,Small,Red
20260527100004847,6,Big,Red
20260527100004846,8,Big,Red
20260527100004845,5,Big,Green Violet
20260527100004844,5,Big,Green Violet
20260527100004843,7,Big,Green
20260527100004842,6,Big,Red
20260527100004841,1,Small,Green
20260527100004840,4,Small,Red
20260527100004839,1,Small,Green
20260527100004838,1,Small,Green
20260527100004837,3,Small,Green
20260527100004836,8,Big,Red
20260527100004835,4,Small,Red
20260527100004834,9,Big,Green
20260527100004833,3,Small,Green
20260527100004832,4,Small,Red
20260527100004831,4,Small,Red
20260527100004830,7,Big,Green
20260527100004829,3,Small,Green
20260527100004828,1,Small,Green
20260527100004827,6,Big,Red
20260527100004826,2,Small,Red
20260527100004825,4,Small,Red
20260527100004824,9,Big,Green
20260527100004823,2,Small,Red
20260527100004822,6,Big,Red
20260527100004821,0,Small,Red Violet
20260527100004820,5,Big,Green Violet
20260527100004819,8,Big,Red
20260527100004818,8,Big,Red
20260527100004817,8,Big,Red
20260527100004816,5,Big,Green Violet
20260527100004815,6,Big,Red
20260527100004814,3,Small,Green
20260527100004813,0,Small,Red Violet
20260527100004812,2,Small,Red
20260527100004811,5,Big,Green Violet
20260527100004810,8,Big,Red
20260527100004809,0,Small,Red Violet
20260527100004808,9,Big,Green
20260527100004807,3,Small,Green
20260527100004806,1,Small,Green
20260527100004805,5,Big,Green Violet
20260527100004804,3,Small,Green
20260527100004803,2,Small,Red
20260527100004802,6,Big,Red
20260527100004801,3,Small,Green
20260527100004800,0,Small,Red Violet
20260527100004799,9,Big,Green
20260527100004798,2,Small,Red
20260527100004797,2,Small,Red
20260527100004796,7,Big,Green
20260527100004795,1,Small,Green
20260527100004794,2,Small,Red
20260527100004793,1,Small,Green
20260527100004792,9,Big,Green
20260527100004791,5,Big,Green Violet
20260527100004790,0,Small,Red Violet
20260527100004789,1,Small,Green
20260527100004788,0,Small,Red Violet
20260527100004787,3,Small,Green
20260527100004786,5,Big,Green Violet
20260527100004785,8,Big,Red
20260527100004784,7,Big,Green
20260527100004783,0,Small,Red Violet
20260527100004782,0,Small,Red Violet
20260527100004781,8,Big,Red
20260527100004780,9,Big,Green
20260527100004779,7,Big,Green
20260527100004778,1,Small,Green
20260527100004777,2,Small,Red
20260527100004776,7,Big,Green
20260527100004775,7,Big,Green
20260527100004774,4,Small,Red
20260527100004773,1,Small,Green
20260527100004772,7,Big,Green
20260527100004771,3,Small,Green
20260527100004770,6,Big,Red
20260527100004769,2,Small,Red
20260527100004768,6,Big,Red
20260527100004767,9,Big,Green
20260527100004766,8,Big,Red
20260527100004765,1,Small,Green
20260527100004764,3,Small,Green
20260527100004763,3,Small,Green
20260527100004762,1,Small,Green
20260527100004761,7,Big,Green
20260527100004760,5,Big,Green Violet
20260527100004759,7,Big,Green
20260527100004758,7,Big,Green
20260527100004757,5,Big,Green Violet
20260527100004756,6,Big,Red
20260527100004755,6,Big,Red
20260527100004754,2,Small,Red
20260527100004753,7,Big,Green
20260527100004752,9,Big,Green
20260527100004751,4,Small,Red
20260527100004750,2,Small,Red
20260527100004749,4,Small,Red
20260527100004748,0,Small,Red Violet
20260527100004747,2,Small,Red
20260527100004746,7,Big,Green
20260527100004745,3,Small,Green
20260527100004744,7,Big,Green
20260527100004743,2,Small,Red
20260527100004742,5,Big,Green Violet
20260527100004741,9,Big,Green
20260527100004740,7,Big,Green
20260527100004739,9,Big,Green
20260527100004738,5,Big,Green Violet
20260527100004737,2,Small,Red
20260527100004736,2,Small,Red
20260527100004735,9,Big,Green
20260527100004734,5,Big,Green Violet
20260527100004733,2,Small,Red
20260527100004732,3,Small,Green
20260527100004731,8,Big,Red
20260527100004730,0,Small,Red Violet
20260527100004729,6,Big,Red
20260527100004728,9,Big,Green
20260527100004727,3,Small,Green
20260527100004726,5,Big,Green Violet
20260527100004725,2,Small,Red
20260527100004724,7,Big,Green
20260527100004723,1,Small,Green
20260527100004722,8,Big,Red
20260527100004721,7,Big,Green
20260527100004720,6,Big,Red
20260527100004719,3,Small,Green
20260527100004718,5,Big,Green Violet
20260527100004717,9,Big,Green
20260527100004716,9,Big,Green
20260527100004715,1,Small,Green
20260527100004714,5,Big,Green Violet
20260527100004713,3,Small,Green
20260527100004712,4,Small,Red
20260527100004711,1,Small,Green
20260527100004710,9,Big,Green
20260527100004709,0,Small,Red Violet
20260527100004708,9,Big,Green
20260527100004707,1,Small,Green
20260527100004706,7,Big,Green
20260527100004705,2,Small,Red
20260527100004704,3,Small,Green
20260527100004703,0,Small,Red Violet
20260527100004702,1,Small,Green
20260527100004701,3,Small,Green
20260527100004700,3,Small,Green
20260527100004699,8,Big,Red
20260527100004698,3,Small,Green
20260527100004697,1,Small,Green
20260527100004696,1,Small,Green
20260527100004695,2,Small,Red
20260527100004694,8,Big,Red
20260527100004693,8,Big,Red
20260527100004692,4,Small,Red
20260527100004691,3,Small,Green
20260527100004690,8,Big,Red
20260527100004689,9,Big,Green
20260527100004688,4,Small,Red
20260527100004687,9,Big,Green
20260527100004686,5,Big,Green Violet
20260527100004685,7,Big,Green
20260527100004684,7,Big,Green
20260527100004683,4,Small,Red
20260527100004682,6,Big,Red
20260527100004681,0,Small,Red Violet
20260527100004680,1,Small,Green
20260527100004679,1,Small,Green
20260527100004678,5,Big,Green Violet
20260527100004677,7,Big,Green
20260527100004676,2,Small,Red
20260527100004675,0,Small,Red Violet
20260527100004674,1,Small,Green
20260527100004673,2,Small,Red
20260527100004672,8,Big,Red
20260527100004671,3,Small,Green
20260527100004670,6,Big,Red
20260527100004669,0,Small,Red Violet
20260527100004668,0,Small,Red Violet
20260527100004667,7,Big,Green
20260527100004666,0,Small,Red Violet
20260527100004665,0,Small,Red Violet
20260527100004664,7,Big,Green
20260527100004663,5,Big,Green Violet
20260527100004662,3,Small,Green
20260527100004661,4,Small,Red
20260527100004660,7,Big,Green
20260527100004659,6,Big,Red
20260527100004658,0,Small,Red Violet
20260527100004657,0,Small,Red Violet
20260527100004656,1,Small,Green
20260527100004655,2,Small,Red
20260527100004654,4,Small,Red
20260527100004653,1,Small,Green
20260527100004652,6,Big,Red
20260527100004651,8,Big,Red
20260527100004650,6,Big,Red
20260527100004649,0,Small,Red Violet
20260527100004648,5,Big,Green Violet
20260527100004647,6,Big,Red
20260527100004646,9,Big,Green
20260527100004645,2,Small,Red
20260527100004644,9,Big,Green
20260527100004643,4,Small,Red
20260527100004642,2,Small,Red
20260527100004641,3,Small,Green
20260527100004640,7,Big,Green
20260527100004639,5,Big,Green Violet
20260527100004638,6,Big,Red
20260527100004637,9,Big,Green
20260527100004636,1,Small,Green
20260527100004635,4,Small,Red
20260527100004634,3,Small,Green
20260527100004633,4,Small,Red
20260527100004632,3,Small,Green
20260527100004631,3,Small,Green
20260527100004630,0,Small,Red Violet
20260527100004629,6,Big,Red
20260527100004628,4,Small,Red
20260527100004627,5,Big,Green Violet
20260527100004626,6,Big,Red
20260527100004625,4,Small,Red
20260527100004624,8,Big,Red
20260527100004623,1,Small,Green
20260527100004622,0,Small,Red Violet
20260527100004621,7,Big,Green
20260527100004620,0,Small,Red Violet
20260527100004619,4,Small,Red
20260527100004618,7,Big,Green
20260527100004617,7,Big,Green
20260527100004616,3,Small,Green
20260527100004615,8,Big,Red
20260527100004614,0,Small,Red Violet
20260527100004613,5,Big,Green Violet
20260527100004612,6,Big,Red
20260527100004611,8,Big,Red
20260527100004610,5,Big,Green Violet
20260527100004609,4,Small,Red
20260527100004608,2,Small,Red
20260527100004607,7,Big,Green
20260527100004606,9,Big,Green
20260527100004605,5,Big,Green Violet
20260527100004604,1,Small,Green
20260527100004603,7,Big,Green
20260527100004602,4,Small,Red
20260527100004601,7,Big,Green
20260527100004600,8,Big,Red
20260527100004599,3,Small,Green
20260527100004598,6,Big,Red
20260527100004597,0,Small,Red Violet
20260527100004596,9,Big,Green
20260527100004595,0,Small,Red Violet
20260527100004594,2,Small,Red
20260527100004593,9,Big,Green
20260527100004592,7,Big,Green
20260527100004591,7,Big,Green
20260527100004590,5,Big,Green Violet
20260527100004589,4,Small,Red
20260527100004588,9,Big,Green
20260527100004587,2,Small,Red
20260527100004586,5,Big,Green Violet
20260527100004585,6,Big,Red
20260527100004584,5,Big,Green Violet
20260527100004583,8,Big,Red
20260527100004582,5,Big,Green Violet
20260527100004581,4,Small,Red
20260527100004580,1,Small,Green
20260527100004579,9,Big,Green
20260527100004578,3,Small,Green
20260527100004577,1,Small,Green
20260527100004576,0,Small,Red Violet
20260527100004575,3,Small,Green
20260527100004574,5,Big,Green Violet
20260527100004573,8,Big,Red
20260527100004572,9,Big,Green
20260527100004571,8,Big,Red
20260527100004570,0,Small,Red Violet
20260527100004569,5,Big,Green Violet
20260527100004568,4,Small,Red
20260527100004567,4,Small,Red
20260527100004566,7,Big,Green
20260527100004565,5,Big,Green Violet
20260527100004564,5,Big,Green Violet
20260527100004563,1,Small,Green
20260527100004562,4,Small,Red
20260527100004561,3,Small,Green
20260527100004560,9,Big,Green
20260527100004559,2,Small,Red
20260527100004558,2,Small,Red
20260527100004557,1,Small,Green
20260527100004556,0,Small,Red Violet
20260527100004555,0,Small,Red Violet
20260527100004554,0,Small,Red Violet
20260527100004553,1,Small,Green
20260527100004552,5,Big,Green Violet
20260527100004551,3,Small,Green
20260527100004550,0,Small,Red Violet
20260527100004549,3,Small,Green
20260527100004548,2,Small,Red
20260527100004547,9,Big,Green
20260527100004546,4,Small,Red
20260527100004545,3,Small,Green
20260527100004544,9,Big,Green
20260527100004543,3,Small,Green
20260527100004542,3,Small,Green
20260527100004541,2,Small,Red
20260527100004540,3,Small,Green
20260527100004539,7,Big,Green
20260527100004538,3,Small,Green
20260527100004537,6,Big,Red
20260527100004536,0,Small,Red Violet
20260527100004535,7,Big,Green
20260527100004534,8,Big,Red
20260527100004533,1,Small,Green
20260527100004532,6,Big,Red
20260527100004531,3,Small,Green
20260527100004530,1,Small,Green
20260527100004529,0,Small,Red Violet
20260527100004528,3,Small,Green
20260527100004527,2,Small,Red
20260527100004526,2,Small,Red
20260527100004525,8,Big,Red
20260527100004524,7,Big,Green
20260527100004523,6,Big,Red
20260527100004522,2,Small,Red
20260527100004521,3,Small,Green
20260527100004520,9,Big,Green
20260527100004519,5,Big,Green Violet
20260527100004518,5,Big,Green Violet
20260527100004517,2,Small,Red
20260527100004516,0,Small,Red Violet
20260527100004515,9,Big,Green
20260527100004514,2,Small,Red
20260527100004513,4,Small,Red
20260527100004512,7,Big,Green
20260527100004511,7,Big,Green
20260527100004510,6,Big,Red
20260527100004509,2,Small,Red
20260527100004508,1,Small,Green
20260527100004507,4,Small,Red
20260527100004506,6,Big,Red
20260527100004505,1,Small,Green
20260527100004504,0,Small,Red Violet
20260527100004503,8,Big,Red
20260527100004502,6,Big,Red
20260527100004501,7,Big,Green
20260527100004500,5,Big,Green Violet
20260527100004499,1,Small,Green
20260527100004498,5,Big,Green Violet
20260527100004497,1,Small,Green
20260527100004496,6,Big,Red
20260527100004495,3,Small,Green
20260527100004494,5,Big,Green Violet
20260527100004493,7,Big,Green
20260527100004492,7,Big,Green
20260527100004491,5,Big,Green Violet
20260527100004490,0,Small,Red Violet
20260527100004489,8,Big,Red
20260527100004488,0,Small,Red Violet
20260527100004487,0,Small,Red Violet
20260527100004486,6,Big,Red
20260527100004485,9,Big,Green
20260527100004484,8,Big,Red
20260527100004483,8,Big,Red
20260527100004482,5,Big,Green Violet
20260527100004481,3,Small,Green
20260527100004480,7,Big,Green
20260527100004479,5,Big,Green Violet
20260527100004478,4,Small,Red
20260527100004477,7,Big,Green
20260527100004476,6,Big,Red
20260527100004475,7,Big,Green
20260527100004474,3,Small,Green
20260527100004473,0,Small,Red Violet
20260527100004472,6,Big,Red
20260527100004471,8,Big,Red
20260527100004470,0,Small,Red Violet
20260527100004469,2,Small,Red
20260527100004468,9,Big,Green
20260527100004467,5,Big,Green Violet
20260527100004466,0,Small,Red Violet
20260527100004465,3,Small,Green
20260527100004464,1,Small,Green
20260527100004463,7,Big,Green
20260527100004462,2,Small,Red
20260527100004461,8,Big,Red
20260527100004460,3,Small,Green
20260527100004459,6,Big,Red
20260527100004458,9,Big,Green
20260527100004457,5,Big,Green Violet
20260527100004456,5,Big,Green Violet
20260527100004455,2,Small,Red
20260527100004454,7,Big,Green
20260527100004453,9,Big,Green
20260527100004452,1,Small,Green
20260527100004451,3,Small,Green
20260527100004450,1,Small,Green
20260527100004449,7,Big,Green
20260527100004448,4,Small,Red
20260527100004447,2,Small,Red
20260527100004446,5,Big,Green Violet
20260527100004445,6,Big,Red
20260527100004444,6,Big,Red
20260527100004443,9,Big,Green
20260527100004442,5,Big,Green Violet
20260527100004441,4,Small,Red
20260527100004440,5,Big,Green Violet
20260527100004439,9,Big,Green
20260527100004438,4,Small,Red
20260527100004437,7,Big,Green
20260527100004436,7,Big,Green
20260527100004435,6,Big,Red
20260527100004434,9,Big,Green
20260527100004433,6,Big,Red
20260527100004432,7,Big,Green
20260527100004431,6,Big,Red
20260527100004430,4,Small,Red
20260527100004429,1,Small,Green
20260527100004428,4,Small,Red
20260527100004427,5,Big,Green Violet
20260527100004426,3,Small,Green
20260527100004425,9,Big,Green
20260527100004424,3,Small,Green
20260527100004423,0,Small,Red Violet
20260527100004422,9,Big,Green
20260527100004421,0,Small,Red Violet
20260527100004420,0,Small,Red Violet
20260527100004419,4,Small,Red
20260527100004418,2,Small,Red
20260527100004417,4,Small,Red
20260527100004416,4,Small,Red
20260527100004415,7,Big,Green
20260527100004414,4,Small,Red
20260527100004413,9,Big,Green
20260527100004412,5,Big,Green Violet
20260527100004411,8,Big,Red
20260527100004410,5,Big,Green Violet
20260527100004409,5,Big,Green Violet
20260527100004408,0,Small,Red Violet
20260527100004407,9,Big,Green
20260527100004406,8,Big,Red
20260527100004405,9,Big,Green
20260527100004404,5,Big,Green Violet
20260527100004403,2,Small,Red
20260527100004402,3,Small,Green
20260527100004401,4,Small,Red
20260527100004400,3,Small,Green
20260527100004399,7,Big,Green
20260527100004398,2,Small,Red
20260527100004397,6,Big,Red
20260527100004396,8,Big,Red
20260527100004395,8,Big,Red
20260527100004394,7,Big,Green
20260527100004393,3,Small,Green
20260527100004392,2,Small,Red
20260527100004391,3,Small,Green
20260527100004390,4,Small,Red
20260527100004389,6,Big,Red
20260527100004388,6,Big,Red
20260527100004387,7,Big,Green
20260527100004386,8,Big,Red
20260527100004385,9,Big,Green
20260527100004384,4,Small,Red
20260527100004383,2,Small,Red
20260527100004382,1,Small,Green
20260527100004381,9,Big,Green
20260527100004380,7,Big,Green
20260527100004379,7,Big,Green
20260527100004378,6,Big,Red
20260527100004377,9,Big,Green
20260527100004376,7,Big,Green
20260527100004375,9,Big,Green
20260527100004374,6,Big,Red
20260527100004373,3,Small,Green
20260527100004372,7,Big,Green
20260527100004371,9,Big,Green
20260527100004370,7,Big,Green
20260527100004369,1,Small,Green
20260527100004368,2,Small,Red
20260527100004367,6,Big,Red
20260527100004366,6,Big,Red
20260527100004365,8,Big,Red
20260527100004364,4,Small,Red
20260527100004363,3,Small,Green
20260527100004362,6,Big,Red
20260527100004361,6,Big,Red
20260527100004360,5,Big,Green Violet
20260527100004359,7,Big,Green
20260527100004358,4,Small,Red
20260527100004357,2,Small,Red
20260527100004356,9,Big,Green
20260527100004355,8,Big,Red
20260527100004354,8,Big,Red
20260527100004353,0,Small,Red Violet
20260527100004352,5,Big,Green Violet
20260527100004351,5,Big,Green Violet
20260527100004350,9,Big,Green
20260527100004349,0,Small,Red Violet
20260527100004348,7,Big,Green
20260527100004347,3,Small,Green
20260527100004346,7,Big,Green
20260527100004345,4,Small,Red
20260527100004344,2,Small,Red
20260527100004343,5,Big,Green Violet
20260527100004342,0,Small,Red Violet
20260527100004341,8,Big,Red
20260527100004340,0,Small,Red Violet
20260527100004339,9,Big,Green
20260527100004338,1,Small,Green
20260527100004337,7,Big,Green
20260527100004336,4,Small,Red
20260527100004335,7,Big,Green
20260527100004334,1,Small,Green
20260527100004333,3,Small,Green
20260527100004332,5,Big,Green Violet
20260527100004331,6,Big,Red
20260527100004330,7,Big,Green
20260527100004329,6,Big,Red
20260527100004328,4,Small,Red
20260527100004327,5,Big,Green Violet
20260527100004326,7,Big,Green
20260527100004325,0,Small,Red Violet
20260527100004324,7,Big,Green
20260527100004323,1,Small,Green
20260527100004322,0,Small,Red Violet
20260527100004321,2,Small,Red
20260527100004320,8,Big,Red
20260527100004319,5,Big,Green Violet
20260527100004318,1,Small,Green
20260527100004317,1,Small,Green
20260527100004316,6,Big,Red
20260527100004315,3,Small,Green
20260527100004314,5,Big,Green Violet
20260527100004313,6,Big,Red
20260527100004312,7,Big,Green
20260527100004311,7,Big,Green
20260527100004310,9,Big,Green
20260527100004309,7,Big,Green
20260527100004308,0,Small,Red Violet
20260527100004307,5,Big,Green Violet
20260527100004306,0,Small,Red Violet
20260527100004305,9,Big,Green
20260527100004304,1,Small,Green
20260527100004303,9,Big,Green
20260527100004302,3,Small,Green
20260527100004301,0,Small,Red Violet
20260527100004300,3,Small,Green
20260527100004299,3,Small,Green
20260527100004298,7,Big,Green
20260527100004297,7,Big,Green
20260527100004296,8,Big,Red
20260527100004295,9,Big,Green
20260527100004294,0,Small,Red Violet
20260527100004293,6,Big,Red
20260527100004292,0,Small,Red Violet
20260527100004291,9,Big,Green
20260527100004290,6,Big,Red
20260527100004289,6,Big,Red
20260527100004288,2,Small,Red
20260527100004287,9,Big,Green
20260527100004286,5,Big,Green Violet
20260527100004285,3,Small,Green
20260527100004284,3,Small,Green
20260527100004283,2,Small,Red
20260527100004282,6,Big,Red
20260527100004281,7,Big,Green
20260527100004280,5,Big,Green Violet
20260527100004279,2,Small,Red
20260527100004278,3,Small,Green
20260527100004277,7,Big,Green
20260527100004276,1,Small,Green
20260527100004275,4,Small,Red
20260527100004274,4,Small,Red
20260527100004273,8,Big,Red
20260527100004272,9,Big,Green
20260527100004271,5,Big,Green Violet
20260527100004270,0,Small,Red Violet
20260527100004269,2,Small,Red
20260527100004268,2,Small,Red
20260527100004267,4,Small,Red
20260527100004266,4,Small,Red
20260527100004265,7,Big,Green
20260527100004264,1,Small,Green
20260527100004263,1,Small,Green
20260527100004262,5,Big,Green Violet
20260527100004261,6,Big,Red
20260527100004260,4,Small,Red
20260527100004259,6,Big,Red
20260527100004258,9,Big,Green
20260527100004257,1,Small,Green
20260527100004256,1,Small,Green
20260527100004255,1,Small,Green
20260527100004254,7,Big,Green
20260527100004253,6,Big,Red
20260527100004252,0,Small,Red Violet
20260527100004251,7,Big,Green
20260527100004250,2,Small,Red
20260527100004249,7,Big,Green
20260527100004248,8,Big,Red
20260527100004247,3,Small,Green
20260527100004246,7,Big,Green
20260527100004245,8,Big,Red
20260527100004244,9,Big,Green
20260527100004243,8,Big,Red
20260527100004242,9,Big,Green
20260527100004241,8,Big,Red
20260527100004240,8,Big,Red
20260527100004239,1,Small,Green
20260527100004238,0,Small,Red Violet
20260527100004237,3,Small,Green
20260527100004236,1,Small,Green
20260527100004235,0,Small,Red Violet
20260527100004234,1,Small,Green
20260527100004233,2,Small,Red
20260527100004232,6,Big,Red
20260527100004231,1,Small,Green
20260527100004230,7,Big,Green
20260527100004229,0,Small,Red Violet
20260527100004228,4,Small,Red
20260527100004227,9,Big,Green
20260527100004226,6,Big,Red
20260527100004225,5,Big,Green Violet
20260527100004224,3,Small,Green
20260527100004223,6,Big,Red
20260527100004222,9,Big,Green
20260527100004221,3,Small,Green
20260527100004220,6,Big,Red
20260527100004219,8,Big,Red
20260527100004218,2,Small,Red
20260527100004217,3,Small,Green
20260527100004216,3,Small,Green
20260527100004215,7,Big,Green
20260527100004214,0,Small,Red Violet
20260527100004213,3,Small,Green
20260527100004212,4,Small,Red
20260527100004211,3,Small,Green
20260527100004210,4,Small,Red
20260527100004209,0,Small,Red Violet
20260527100004208,1,Small,Green
20260527100004207,7,Big,Green
20260527100004206,0,Small,Red Violet
20260527100004205,4,Small,Red
20260527100004204,1,Small,Green
20260527100004203,3,Small,Green
20260527100004202,6,Big,Red
20260527100004201,5,Big,Green Violet
20260527100004200,3,Small,Green
20260527100004199,7,Big,Green
20260527100004198,9,Big,Green
20260527100004197,8,Big,Red
20260527100004196,4,Small,Red
20260527100004195,6,Big,Red
20260527100004194,6,Big,Red
20260527100004193,8,Big,Red
20260527100004192,5,Big,Green Violet
20260527100004191,3,Small,Green
20260527100004190,8,Big,Red
20260527100004189,4,Small,Red
20260527100004188,7,Big,Green
20260527100004187,0,Small,Red Violet
20260527100004186,4,Small,Red
20260527100004185,2,Small,Red
20260527100004184,1,Small,Green
20260527100004183,4,Small,Red
20260527100004182,4,Small,Red
20260527100004181,0,Small,Red Violet
20260527100004180,9,Big,Green
20260527100004179,4,Small,Red
20260527100004178,4,Small,Red
20260527100004177,3,Small,Green
20260527100004176,9,Big,Green
20260527100004175,9,Big,Green
20260527100004174,0,Small,Red Violet
20260527100004173,6,Big,Red
20260527100004172,0,Small,Red Violet
20260527100004171,8,Big,Red
20260527100004170,6,Big,Red
20260527100004169,1,Small,Green
20260527100004168,6,Big,Red
20260527100004167,2,Small,Red
20260527100004166,4,Small,Red
20260527100004165,2,Small,Red
20260527100004164,9,Big,Green
20260527100004163,9,Big,Green
20260527100004162,7,Big,Green
20260527100004161,1,Small,Green
20260527100004160,5,Big,Green Violet
20260527100004159,7,Big,Green
20260527100004158,9,Big,Green
20260527100004157,5,Big,Green Violet
20260527100004156,6,Big,Red
20260527100004155,0,Small,Red Violet
20260527100004154,0,Small,Red Violet
20260527100004153,7,Big,Green
20260527100004152,4,Small,Red
20260527100004151,6,Big,Red
20260527100004150,3,Small,Green
20260527100004149,4,Small,Red
20260527100004148,3,Small,Green
20260527100004147,1,Small,Green
20260527100004146,5,Big,Green Violet
20260527100004145,8,Big,Red
20260527100004144,3,Small,Green
20260527100004143,1,Small,Green
20260527100004142,2,Small,Red
20260527100004141,8,Big,Red
20260527100004140,5,Big,Green Violet
20260527100004139,8,Big,Red
20260527100004138,1,Small,Green
20260527100004137,2,Small,Red
20260527100004136,2,Small,Red
20260527100004135,2,Small,Red
20260527100004134,7,Big,Green
20260527100004133,7,Big,Green
20260527100004132,3,Small,Green
20260527100004131,8,Big,Red
20260527100004130,4,Small,Red
20260527100004129,7,Big,Green
20260527100004128,2,Small,Red
20260527100004127,6,Big,Red
20260527100004126,8,Big,Red
20260527100004125,7,Big,Green
20260527100004124,7,Big,Green
20260527100004123,4,Small,Red
20260527100004122,8,Big,Red
20260527100004121,4,Small,Red
20260527100004120,4,Small,Red
20260527100004119,3,Small,Green
20260527100004118,1,Small,Green
20260527100004117,4,Small,Red
20260527100004116,3,Small,Green
20260527100004115,6,Big,Red
20260527100004114,8,Big,Red
20260527100004113,8,Big,Red
20260527100004112,7,Big,Green
20260527100004111,6,Big,Red
20260527100004110,5,Big,Green Violet
20260527100004109,6,Big,Red
20260527100004108,8,Big,Red
20260527100004107,0,Small,Red Violet
20260527100004106,6,Big,Red
20260527100004105,7,Big,Green
20260527100004104,5,Big,Green Violet
20260527100004103,4,Small,Red
20260527100004102,2,Small,Red
20260527100004101,1,Small,Green
20260527100004100,1,Small,Green
20260527100004099,5,Big,Green Violet
20260527100004098,5,Big,Green Violet
20260527100004097,3,Small,Green
20260527100004096,4,Small,Red
20260527100004095,2,Small,Red
20260527100004094,4,Small,Red
20260527100004093,3,Small,Green
20260527100004092,0,Small,Red Violet
20260527100004091,0,Small,Red Violet
20260527100004090,8,Big,Red
20260527100004089,5,Big,Green Violet
20260527100004088,2,Small,Red
20260527100004087,2,Small,Red
20260527100004086,3,Small,Green
20260527100004085,4,Small,Red
20260527100004084,8,Big,Red
20260527100004083,2,Small,Red
20260527100004082,1,Small,Green
20260527100004081,7,Big,Green
20260527100004080,5,Big,Green Violet
20260527100004079,3,Small,Green
20260527100004078,8,Big,Red
20260527100004077,8,Big,Red
20260527100004076,2,Small,Red
20260527100004075,2,Small,Red
20260527100004074,0,Small,Red Violet
20260527100004073,7,Big,Green
20260527100004072,3,Small,Green
20260527100004071,9,Big,Green
20260527100004070,6,Big,Red
20260527100004069,4,Small,Red
20260527100004068,3,Small,Green
20260527100004067,5,Big,Green Violet
20260527100004066,5,Big,Green Violet
20260527100004065,1,Small,Green
20260527100004064,8,Big,Red
20260527100004063,8,Big,Red
20260527100004062,3,Small,Green
20260527100004061,8,Big,Red
20260527100004060,3,Small,Green
20260527100004059,7,Big,Green
20260527100004058,6,Big,Red
20260527100004057,8,Big,Red
20260527100004056,4,Small,Red
20260527100004055,6,Big,Red
20260527100004054,5,Big,Green Violet
20260527100004053,5,Big,Green Violet
20260527100004052,0,Small,Red Violet
20260527100004051,0,Small,Red Violet
20260527100004050,7,Big,Green
20260527100004049,5,Big,Green Violet
20260527100004048,6,Big,Red
20260527100004047,3,Small,Green
20260527100004046,4,Small,Red
20260527100004045,7,Big,Green
20260527100004044,5,Big,Green Violet
20260527100004043,9,Big,Green
20260527100004042,7,Big,Green
20260527100004041,7,Big,Green
20260527100004040,0,Small,Red Violet
20260527100004039,1,Small,Green
20260527100004038,2,Small,Red
20260527100004037,6,Big,Red
20260527100004036,1,Small,Green
20260527100004035,8,Big,Red
20260527100004034,3,Small,Green
20260527100004033,6,Big,Red
20260527100004032,4,Small,Red
20260527100004031,6,Big,Red
20260527100004030,1,Small,Green
20260527100004029,7,Big,Green
20260527100004028,6,Big,Red
20260527100004027,9,Big,Green
20260527100004026,4,Small,Red
20260527100004025,3,Small,Green
20260527100004024,5,Big,Green Violet
20260527100004023,7,Big,Green
20260527100004022,6,Big,Red
20260527100004021,1,Small,Green
20260527100004020,2,Small,Red
20260527100004019,3,Small,Green
20260527100004018,3,Small,Green
20260527100004017,2,Small,Red
20260527100004016,7,Big,Green
20260527100004015,4,Small,Red
20260527100004014,5,Big,Green Violet
20260527100004013,2,Small,Red
20260527100004012,0,Small,Red Violet
20260527100004011,5,Big,Green Violet
20260527100004010,6,Big,Red
20260527100004009,4,Small,Red
20260527100004008,0,Small,Red Violet
20260527100004007,2,Small,Red
20260527100004006,1,Small,Green
20260527100004005,8,Big,Red
20260527100004004,2,Small,Red
20260527100004003,4,Small,Red
20260527100004002,4,Small,Red
20260527100004001,7,Big,Green
20260527100004000,9,Big,Green
20260527100003999,5,Big,Green Violet
20260527100003998,5,Big,Green Violet
20260527100003997,4,Small,Red
20260527100003996,9,Big,Green
20260527100003995,2,Small,Red
20260527100003994,5,Big,Green Violet
20260527100003993,3,Small,Green
20260527100003992,3,Small,Green
20260527100003991,9,Big,Green
20260527100003990,3,Small,Green
20260527100003989,7,Big,Green
20260527100003988,0,Small,Red Violet
20260527100003987,4,Small,Red
20260527100003986,3,Small,Green
20260527100003985,6,Big,Red
20260527100003984,0,Small,Red Violet
20260527100003983,0,Small,Red Violet
20260527100003982,6,Big,Red
20260527100003981,7,Big,Green
20260527100003980,1,Small,Green
20260527100003979,6,Big,Red
20260527100003978,5,Big,Green Violet
20260527100003977,8,Big,Red
20260527100003976,9,Big,Green
20260527100003975,7,Big,Green
20260527100003974,6,Big,Red
20260527100003973,4,Small,Red
20260527100003972,8,Big,Red
20260527100003971,2,Small,Red
20260527100003970,8,Big,Red
20260527100003969,5,Big,Green Violet
20260527100003968,1,Small,Green
20260527100003967,9,Big,Green
20260527100003966,5,Big,Green Violet
20260527100003965,7,Big,Green
20260527100003964,7,Big,Green
20260527100003963,6,Big,Red
20260527100003962,6,Big,Red
20260527100003961,9,Big,Green
20260527100003960,7,Big,Green
20260527100003959,8,Big,Red
20260527100003958,0,Small,Red Violet
20260527100003957,1,Small,Green
20260527100003956,8,Big,Red
20260527100003955,8,Big,Red
20260527100003954,0,Small,Red Violet
20260527100003953,4,Small,Red
20260527100003952,2,Small,Red
20260527100003951,6,Big,Red
20260527100003950,4,Small,Red
20260527100003949,7,Big,Green
20260527100003948,7,Big,Green
20260527100003947,7,Big,Green
20260527100003946,3,Small,Green
20260527100003945,3,Small,Green
20260527100003944,5,Big,Green Violet
20260527100003943,8,Big,Red
20260527100003942,7,Big,Green
20260527100003941,6,Big,Red
20260527100003940,2,Small,Red
20260527100003939,1,Small,Green
20260527100003938,5,Big,Green Violet
20260527100003937,1,Small,Green
20260527100003936,0,Small,Red Violet
20260527100003935,9,Big,Green
20260527100003934,4,Small,Red
20260527100003933,7,Big,Green
20260527100003932,7,Big,Green
20260527100003931,1,Small,Green
20260527100003930,6,Big,Red
20260527100003929,8,Big,Red
20260527100003928,3,Small,Green
20260527100003927,7,Big,Green
20260527100003926,6,Big,Red
20260527100003925,7,Big,Green
20260527100003924,6,Big,Red
20260527100003923,3,Small,Green
20260527100003922,9,Big,Green
20260527100003921,2,Small,Red
20260527100003920,4,Small,Red
20260527100003919,4,Small,Red
20260527100003918,9,Big,Green
20260527100003917,0,Small,Red Violet
20260527100003916,5,Big,Green Violet
20260527100003915,9,Big,Green
20260527100003914,7,Big,Green
20260527100003913,1,Small,Green
20260527100003912,4,Small,Red
20260527100003911,0,Small,Red Violet
20260527100003910,5,Big,Green Violet
20260527100003909,1,Small,Green
20260527100003908,5,Big,Green Violet
20260527100003907,4,Small,Red
20260527100003906,5,Big,Green Violet
20260527100003905,8,Big,Red
20260527100003904,4,Small,Red
20260527100003903,7,Big,Green
20260527100003902,0,Small,Red Violet
20260527100003901,5,Big,Green Violet
20260527100003900,1,Small,Green
20260527100003899,2,Small,Red
20260527100003898,7,Big,Green
20260527100003897,1,Small,Green
20260527100003896,3,Small,Green
20260527100003895,2,Small,Red
20260527100003894,1,Small,Green
20260527100003893,5,Big,Green Violet
20260527100003892,3,Small,Green
20260527100003891,8,Big,Red
20260527100003890,5,Big,Green Violet
20260527100003889,0,Small,Red Violet
20260527100003888,0,Small,Red Violet
20260527100003887,4,Small,Red
20260527100003886,7,Big,Green
20260527100003885,5,Big,Green Violet
20260527100003884,1,Small,Green
20260527100003883,0,Small,Red Violet
20260527100003882,8,Big,Red
20260527100003881,1,Small,Green
20260527100003880,1,Small,Green
20260527100003879,3,Small,Green
20260527100003878,3,Small,Green
20260527100003877,2,Small,Red
20260527100003876,6,Big,Red
20260527100003875,6,Big,Red
20260527100003874,9,Big,Green
20260527100003873,6,Big,Red
20260527100003872,2,Small,Red
20260527100003871,7,Big,Green
20260527100003870,5,Big,Green Violet
20260527100003869,5,Big,Green Violet
20260527100003868,1,Small,Green
20260527100003867,0,Small,Red Violet
20260527100003866,2,Small,Red
20260527100003865,9,Big,Green
20260527100003864,0,Small,Red Violet
20260527100003863,5,Big,Green Violet
20260527100003862,5,Big,Green Violet
20260527100003861,6,Big,Red
20260527100003860,5,Big,Green Violet
20260527100003859,6,Big,Red
20260527100003858,0,Small,Red Violet
20260527100003857,7,Big,Green
20260527100003856,6,Big,Red
20260527100003855,1,Small,Green
20260527100003854,6,Big,Red
20260527100003853,8,Big,Red
20260527100003852,0,Small,Red Violet
20260527100003851,7,Big,Green
20260527100003850,2,Small,Red
20260527100003849,3,Small,Green
20260527100003848,9,Big,Green
20260527100003847,5,Big,Green Violet
20260527100003846,0,Small,Red Violet
20260527100003845,1,Small,Green
20260527100003844,0,Small,Red Violet
20260527100003843,5,Big,Green Violet
20260527100003842,2,Small,Red
20260527100003841,3,Small,Green
20260527100003840,7,Big,Green
20260527100003839,1,Small,Green
20260527100003838,8,Big,Red
20260527100003837,7,Big,Green
20260527100003836,5,Big,Green Violet
20260527100003835,0,Small,Red Violet
20260527100003834,8,Big,Red
20260527100003833,6,Big,Red
20260527100003832,8,Big,Red
20260527100003831,9,Big,Green
20260527100003830,7,Big,Green
20260527100003829,7,Big,Green
20260527100003828,5,Big,Green Violet
20260527100003827,2,Small,Red
20260527100003826,4,Small,Red
20260527100003825,5,Big,Green Violet
20260527100003824,3,Small,Green
20260527100003823,5,Big,Green Violet
20260527100003822,5,Big,Green Violet
20260527100003821,7,Big,Green
20260527100003820,9,Big,Green
20260527100003819,2,Small,Red
20260527100003818,0,Small,Red Violet
20260527100003817,5,Big,Green Violet
20260527100003816,6,Big,Red
20260527100003815,8,Big,Red
20260527100003814,6,Big,Red
20260527100003813,1,Small,Green
20260527100003812,8,Big,Red
20260527100003811,7,Big,Green
20260527100003810,3,Small,Green
20260527100003809,5,Big,Green Violet
20260527100003808,3,Small,Green
20260527100003807,2,Small,Red
20260527100003806,1,Small,Green
20260527100003805,1,Small,Green
20260527100003804,4,Small,Red
20260527100003803,1,Small,Green
20260527100003802,7,Big,Green
20260527100003801,6,Big,Red
20260527100003800,1,Small,Green
20260527100003799,8,Big,Red
20260527100003798,6,Big,Red
20260527100003797,6,Big,Red
20260527100003796,9,Big,Green
20260527100003795,6,Big,Red
20260527100003794,5,Big,Green Violet
20260527100003793,8,Big,Red
20260527100003792,1,Small,Green
20260527100003791,8,Big,Red
20260527100003790,3,Small,Green
20260527100003789,9,Big,Green
20260527100003788,4,Small,Red
20260527100003787,1,Small,Green
20260527100003786,7,Big,Green
20260527100003785,4,Small,Red
20260527100003784,0,Small,Red Violet
20260527100003783,0,Small,Red Violet
20260527100003782,1,Small,Green
20260527100003781,5,Big,Green Violet
20260527100003780,9,Big,Green
20260527100003779,4,Small,Red
20260527100003778,6,Big,Red
20260527100003777,1,Small,Green
20260527100003776,6,Big,Red
20260527100003775,9,Big,Green
20260527100003774,0,Small,Red Violet
20260527100003773,2,Small,Red
20260527100003772,8,Big,Red
20260527100003771,7,Big,Green
20260527100003770,1,Small,Green
20260527100003769,1,Small,Green
20260527100003768,9,Big,Green
20260527100003767,9,Big,Green
20260527100003766,4,Small,Red
20260527100003765,5,Big,Green Violet
20260527100003764,8,Big,Red
20260527100003763,5,Big,Green Violet
20260527100003762,2,Small,Red
20260527100003761,3,Small,Green
20260527100003760,5,Big,Green Violet
20260527100003759,5,Big,Green Violet
20260527100003758,2,Small,Red
20260527100003757,3,Small,Green
20260527100003756,6,Big,Red
20260527100003755,9,Big,Green
20260527100003754,9,Big,Green
20260527100003753,1,Small,Green
20260527100003752,8,Big,Red
20260527100003751,5,Big,Green Violet
20260527100003750,5,Big,Green Violet
20260527100003749,7,Big,Green
20260527100003748,2,Small,Red
20260527100003747,9,Big,Green
20260527100003746,5,Big,Green Violet
20260527100003745,3,Small,Green
20260527100003744,7,Big,Green
20260527100003743,8,Big,Red
20260527100003742,3,Small,Green
20260527100003741,1,Small,Green
20260527100003740,4,Small,Red
20260527100003739,4,Small,Red
20260527100003738,6,Big,Red
20260527100003737,0,Small,Red Violet
20260527100003736,3,Small,Green
20260527100003735,9,Big,Green
20260527100003734,2,Small,Red
20260527100003733,5,Big,Green Violet
20260527100003732,8,Big,Red
20260527100003731,9,Big,Green
20260527100003730,4,Small,Red
20260527100003729,5,Big,Green Violet
20260527100003728,5,Big,Green Violet
20260527100003727,7,Big,Green
20260527100003726,3,Small,Green
20260527100003725,2,Small,Red
20260527100003724,9,Big,Green
20260527100003723,6,Big,Red
20260527100003722,5,Big,Green Violet
20260527100003721,3,Small,Green
20260527100003720,1,Small,Green
20260527100003719,5,Big,Green Violet
20260527100003718,6,Big,Red
20260527100003717,5,Big,Green Violet
20260527100003716,6,Big,Red
20260527100003715,0,Small,Red Violet
20260527100003714,9,Big,Green
20260527100003713,7,Big,Green
20260527100003712,9,Big,Green
20260527100003711,2,Small,Red
20260527100003710,9,Big,Green
20260527100003709,7,Big,Green
20260527100003708,7,Big,Green
20260527100003707,9,Big,Green
20260527100003706,8,Big,Red
20260527100003705,9,Big,Green
20260527100003704,8,Big,Red
20260527100003703,4,Small,Red
20260527100003702,9,Big,Green
20260527100003701,5,Big,Green Violet
20260527100003700,6,Big,Red
20260527100003699,8,Big,Red
20260527100003698,2,Small,Red
20260527100003697,1,Small,Green
20260527100003696,9,Big,Green
20260527100003695,4,Small,Red
20260527100003694,2,Small,Red
20260527100003693,1,Small,Green
20260527100003692,7,Big,Green
20260527100003691,9,Big,Green
20260527100003690,0,Small,Red Violet
20260527100003689,9,Big,Green
20260527100003688,0,Small,Red Violet
20260527100003687,3,Small,Green
20260527100003686,7,Big,Green
20260527100003685,9,Big,Green
20260527100003684,2,Small,Red
20260527100003683,0,Small,Red Violet
20260527100003682,1,Small,Green
20260527100003681,2,Small,Red
20260527100003680,0,Small,Red Violet
20260527100003679,9,Big,Green
20260527100003678,6,Big,Red
20260527100003677,0,Small,Red Violet
20260527100003676,0,Small,Red Violet
20260527100003675,0,Small,Red Violet
20260527100003674,0,Small,Red Violet
20260527100003673,1,Small,Green
20260527100003672,9,Big,Green
20260527100003671,4,Small,Red
20260527100003670,8,Big,Red
20260527100003669,1,Small,Green
20260527100003668,7,Big,Green
20260527100003667,0,Small,Red Violet
20260527100003666,7,Big,Green
20260527100003665,9,Big,Green
20260527100003664,4,Small,Red
20260527100003663,8,Big,Red
20260527100003662,2,Small,Red
20260527100003661,8,Big,Red
20260527100003660,8,Big,Red
20260527100003659,8,Big,Red
20260527100003658,4,Small,Red
20260527100003657,7,Big,Green
20260527100003656,6,Big,Red
20260527100003655,4,Small,Red
20260527100003654,4,Small,Red
20260527100003653,3,Small,Green
20260527100003652,5,Big,Green Violet
20260527100003651,8,Big,Red
20260527100003650,3,Small,Green
20260527100003649,2,Small,Red
20260527100003648,8,Big,Red
20260527100003647,9,Big,Green
20260527100003646,3,Small,Green
20260527100003645,4,Small,Red
20260527100003644,1,Small,Green
20260527100003643,4,Small,Red
20260527100003642,6,Big,Red
20260527100003641,5,Big,Green Violet
20260527100003640,3,Small,Green
20260527100003639,6,Big,Red
20260527100003638,0,Small,Red Violet
20260527100003637,0,Small,Red Violet
20260527100003636,2,Small,Red
20260527100003635,5,Big,Green Violet
20260527100003634,9,Big,Green
20260527100003633,6,Big,Red
20260527100003632,1,Small,Green
20260527100003631,5,Big,Green Violet
20260527100003630,7,Big,Green
20260527100003629,1,Small,Green
20260527100003628,9,Big,Green
20260527100003627,5,Big,Green Violet
20260527100003626,6,Big,Red
20260527100003625,9,Big,Green
20260527100003624,8,Big,Red
20260527100003623,1,Small,Green
20260527100003622,5,Big,Green Violet
20260527100003621,2,Small,Red
20260527100003620,5,Big,Green Violet
20260527100003619,4,Small,Red
20260527100003618,3,Small,Green
20260527100003617,6,Big,Red
20260527100003616,5,Big,Green Violet
20260527100003615,1,Small,Green
20260527100003614,0,Small,Red Violet
20260527100003613,1,Small,Green
20260527100003612,2,Small,Red
20260527100003611,7,Big,Green
20260527100003610,4,Small,Red
20260527100003609,2,Small,Red
20260527100003608,4,Small,Red
20260527100003607,6,Big,Red
20260527100003606,8,Big,Red
20260527100003605,2,Small,Red
20260527100003604,6,Big,Red
20260527100003603,0,Small,Red Violet
20260527100003602,9,Big,Green
20260527100003601,2,Small,Red
20260527100003600,1,Small,Green
20260527100003599,0,Small,Red Violet
20260527100003598,4,Small,Red
20260527100003597,2,Small,Red
20260527100003596,2,Small,Red
20260527100003595,5,Big,Green Violet
20260527100003594,0,Small,Red Violet
20260527100003593,2,Small,Red
20260527100003592,0,Small,Red Violet
20260527100003591,2,Small,Red
20260527100003590,8,Big,Red
20260527100003589,4,Small,Red
20260527100003588,9,Big,Green
20260527100003587,6,Big,Red
20260527100003586,5,Big,Green Violet
20260527100003585,2,Small,Red
20260527100003584,4,Small,Red
20260527100003583,6,Big,Red
20260527100003582,0,Small,Red Violet
20260527100003581,0,Small,Red Violet
20260527100003580,7,Big,Green
20260527100003579,2,Small,Red
20260527100003578,6,Big,Red
20260527100003577,1,Small,Green
20260527100003576,1,Small,Green
20260527100003575,0,Small,Red Violet
20260527100003574,7,Big,Green
20260527100003573,8,Big,Red
20260527100003572,7,Big,Green
20260527100003571,4,Small,Red
20260527100003570,1,Small,Green
20260527100003569,4,Small,Red
20260527100003568,4,Small,Red
20260527100003567,4,Small,Red
20260527100003566,2,Small,Red
20260527100003565,7,Big,Green
20260527100003564,3,Small,Green
20260527100003563,1,Small,Green
20260527100003562,6,Big,Red
20260527100003561,1,Small,Green
20260527100003560,8,Big,Red
20260527100003559,6,Big,Red
20260527100003558,1,Small,Green
20260527100003557,6,Big,Red
20260527100003556,8,Big,Red
20260527100003555,7,Big,Green
20260527100003554,4,Small,Red
20260527100003553,6,Big,Red
20260527100003552,9,Big,Green
20260527100003551,8,Big,Red
20260527100003550,1,Small,Green
20260527100003549,2,Small,Red
20260527100003548,5,Big,Green Violet
20260527100003547,5,Big,Green Violet
20260527100003546,1,Small,Green
20260527100003545,1,Small,Green
20260527100003544,5,Big,Green Violet
20260527100003543,0,Small,Red Violet
20260527100003542,9,Big,Green
20260527100003541,9,Big,Green
20260527100003540,5,Big,Green Violet
20260527100003539,3,Small,Green
20260527100003538,1,Small,Green
20260527100003537,8,Big,Red
20260527100003536,9,Big,Green
20260527100003535,2,Small,Red
20260527100003534,0,Small,Red Violet
20260527100003533,8,Big,Red
20260527100003532,0,Small,Red Violet
20260527100003531,2,Small,Red
20260527100003530,0,Small,Red Violet
20260527100003529,3,Small,Green
20260527100003528,8,Big,Red
20260527100003527,5,Big,Green Violet
20260527100003526,2,Small,Red
20260527100003525,9,Big,Green
20260527100003524,9,Big,Green
20260527100003523,0,Small,Red Violet
20260527100003522,0,Small,Red Violet
20260527100003521,8,Big,Red
20260527100003520,0,Small,Red Violet
20260527100003519,1,Small,Green
20260527100003518,4,Small,Red
20260527100003517,6,Big,Red
20260527100003516,2,Small,Red
20260527100003515,2,Small,Red
20260527100003514,9,Big,Green
20260527100003513,4,Small,Red
20260527100003512,0,Small,Red Violet
20260527100003511,6,Big,Red
20260527100003510,9,Big,Green
20260527100003509,5,Big,Green Violet
20260527100003508,1,Small,Green
20260527100003507,1,Small,Green
20260527100003506,6,Big,Red
20260527100003505,9,Big,Green
20260527100003504,7,Big,Green
20260527100003503,3,Small,Green
20260527100003502,2,Small,Red
20260527100003501,9,Big,Green
20260527100003500,4,Small,Red
20260527100003499,0,Small,Red Violet
20260527100003498,3,Small,Green
20260527100003497,4,Small,Red
20260527100003496,6,Big,Red
20260527100003495,8,Big,Red
20260527100003494,4,Small,Red
20260527100003493,1,Small,Green
20260527100003492,6,Big,Red
20260527100003491,9,Big,Green
20260527100003490,6,Big,Red
20260527100003489,4,Small,Red
20260527100003488,8,Big,Red
20260527100003487,0,Small,Red Violet
20260527100003486,6,Big,Red
20260527100003485,1,Small,Green
20260527100003484,4,Small,Red
20260527100003483,3,Small,Green
20260527100003482,7,Big,Green
20260527100003481,4,Small,Red
20260527100003480,3,Small,Green
20260527100003479,5,Big,Green Violet
20260527100003478,4,Small,Red
20260527100003477,1,Small,Green
20260527100003476,9,Big,Green
20260527100003475,8,Big,Red
20260527100003474,0,Small,Red Violet
20260527100003473,5,Big,Green Violet
20260527100003472,4,Small,Red
20260527100003471,3,Small,Green
20260527100003470,0,Small,Red Violet
20260527100003469,1,Small,Green
20260527100003468,0,Small,Red Violet
20260527100003467,2,Small,Red
20260527100003466,9,Big,Green
20260527100003465,0,Small,Red Violet
20260527100003464,7,Big,Green
20260527100003463,4,Small,Red
20260527100003462,1,Small,Green
20260527100003461,3,Small,Green
20260527100003460,3,Small,Green
20260527100003459,3,Small,Green
20260527100003458,8,Big,Red
20260527100003457,1,Small,Green
20260527100003456,1,Small,Green
20260527100003455,2,Small,Red
20260527100003454,0,Small,Red Violet
20260527100003453,3,Small,Green
20260527100003452,3,Small,Green
20260527100003451,7,Big,Green
20260527100003450,5,Big,Green Violet
20260527100003449,3,Small,Green
20260527100003448,0,Small,Red Violet
20260527100003447,9,Big,Green
20260527100003446,4,Small,Red
20260527100003445,6,Big,Red
20260527100003444,4,Small,Red
20260527100003443,9,Big,Green
20260527100003442,4,Small,Red
20260527100003441,4,Small,Red
20260527100003440,4,Small,Red
20260527100003439,5,Big,Green Violet
20260527100003438,4,Small,Red
20260527100003437,5,Big,Green Violet
20260527100003436,3,Small,Green
20260527100003435,8,Big,Red
20260527100003434,6,Big,Red
20260527100003433,2,Small,Red
20260527100003432,8,Big,Red
20260527100003431,7,Big,Green
20260527100003430,5,Big,Green Violet
20260527100003429,7,Big,Green
20260527100003428,7,Big,Green
20260527100003427,1,Small,Green
20260527100003426,4,Small,Red
20260527100003425,9,Big,Green
20260527100003424,3,Small,Green
20260527100003423,0,Small,Red Violet
20260527100003422,6,Big,Red
20260527100003421,7,Big,Green
20260527100003420,2,Small,Red
20260527100003419,1,Small,Green
20260527100003418,6,Big,Red
20260527100003417,3,Small,Green
20260527100003416,2,Small,Red
20260527100003415,7,Big,Green
20260527100003414,8,Big,Red
20260527100003413,1,Small,Green
20260527100003412,7,Big,Green
20260527100003411,7,Big,Green
20260527100003410,0,Small,Red Violet
20260527100003409,4,Small,Red
20260527100003408,9,Big,Green
20260527100003407,0,Small,Red Violet
20260527100003406,5,Big,Green Violet
20260527100003405,6,Big,Red
20260527100003404,3,Small,Green
20260527100003403,6,Big,Red
20260527100003402,9,Big,Green
20260527100003401,7,Big,Green
20260527100003400,4,Small,Red
20260527100003399,9,Big,Green
20260527100003398,4,Small,Red
20260527100003397,2,Small,Red
20260527100003396,4,Small,Red
20260527100003395,3,Small,Green
20260527100003394,5,Big,Green Violet
20260527100003393,9,Big,Green
20260527100003392,4,Small,Red
20260527100003391,0,Small,Red Violet
20260527100003390,0,Small,Red Violet
20260527100003389,7,Big,Green
20260527100003388,3,Small,Green
20260527100003387,6,Big,Red
20260527100003386,1,Small,Green
20260527100003385,8,Big,Red
20260527100003384,8,Big,Red
20260527100003383,4,Small,Red
20260527100003382,3,Small,Green
20260527100003381,1,Small,Green
20260527100003380,4,Small,Red
20260527100003379,6,Big,Red
20260527100003378,2,Small,Red
20260527100003377,7,Big,Green
20260527100003376,1,Small,Green
20260527100003375,5,Big,Green Violet
20260527100003374,6,Big,Red
20260527100003373,3,Small,Green
20260527100003372,2,Small,Red
20260527100003371,1,Small,Green
20260527100003370,7,Big,Green
20260527100003369,2,Small,Red
20260527100003368,7,Big,Green
20260527100003367,8,Big,Red
20260527100003366,0,Small,Red Violet
20260527100003365,2,Small,Red
20260527100003364,9,Big,Green
20260527100003363,8,Big,Red
20260527100003362,5,Big,Green Violet
20260527100003361,2,Small,Red
20260527100003360,3,Small,Green
20260527100003359,2,Small,Red
20260527100003358,0,Small,Red Violet
20260527100003357,3,Small,Green
20260527100003356,1,Small,Green
20260527100003355,4,Small,Red
20260527100003354,3,Small,Green
20260527100003353,3,Small,Green
20260527100003352,2,Small,Red
20260527100003351,1,Small,Green
20260527100003350,0,Small,Red Violet
20260527100003349,0,Small,Red Violet
20260527100003348,4,Small,Red
20260527100003347,3,Small,Green
20260527100003346,8,Big,Red
20260527100003345,9,Big,Green
20260527100003344,3,Small,Green
20260527100003343,9,Big,Green
20260527100003342,7,Big,Green
20260527100003341,1,Small,Green
20260527100003340,0,Small,Red Violet
20260527100003339,0,Small,Red Violet
20260527100003338,2,Small,Red
20260527100003337,7,Big,Green
20260527100003336,3,Small,Green
20260527100003335,7,Big,Green
20260527100003334,4,Small,Red
20260527100003333,7,Big,Green
20260527100003332,3,Small,Green
20260527100003331,4,Small,Red
20260527100003330,9,Big,Green
20260527100003329,9,Big,Green
20260527100003328,7,Big,Green
20260527100003327,3,Small,Green
20260527100003326,8,Big,Red
20260527100003325,3,Small,Green
20260527100003324,7,Big,Green
20260527100003323,3,Small,Green
20260527100003322,7,Big,Green
20260527100003321,2,Small,Red
20260527100003320,4,Small,Red
20260527100003319,0,Small,Red Violet
20260527100003318,2,Small,Red
20260527100003317,0,Small,Red Violet
20260527100003316,5,Big,Green Violet
20260527100003315,3,Small,Green
20260527100003314,0,Small,Red Violet
20260527100003313,7,Big,Green
20260527100003312,7,Big,Green
20260527100003311,1,Small,Green
20260527100003310,1,Small,Green
20260527100003309,3,Small,Green
20260527100003308,7,Big,Green
20260527100003307,3,Small,Green
20260527100003306,8,Big,Red
20260527100003305,8,Big,Red
20260527100003304,7,Big,Green
20260527100003303,8,Big,Red
20260527100003302,3,Small,Green
20260527100003301,1,Small,Green
20260527100003300,6,Big,Red
20260527100003299,7,Big,Green
20260527100003298,1,Small,Green
20260527100003297,8,Big,Red
20260527100003296,0,Small,Red Violet
20260527100003295,7,Big,Green
20260527100003294,1,Small,Green
20260527100003293,8,Big,Red
20260527100003292,1,Small,Green
20260527100003291,8,Big,Red
20260527100003290,3,Small,Green
20260527100003289,9,Big,Green
20260527100003288,4,Small,Red
20260527100003287,4,Small,Red
20260527100003286,6,Big,Red
20260527100003285,0,Small,Red Violet
20260527100003284,8,Big,Red
20260527100003283,1,Small,Green
20260527100003282,8,Big,Red
20260527100003281,7,Big,Green
20260527100003280,3,Small,Green
20260527100003279,2,Small,Red
20260527100003278,4,Small,Red
20260527100003277,0,Small,Red Violet
20260527100003276,9,Big,Green
20260527100003275,4,Small,Red
20260527100003274,0,Small,Red Violet
20260527100003273,9,Big,Green
20260527100003272,0,Small,Red Violet
20260527100003271,7,Big,Green
20260527100003270,7,Big,Green
20260527100003269,3,Small,Green
20260527100003268,3,Small,Green
20260527100003267,4,Small,Red
20260527100003266,6,Big,Red
20260527100003265,9,Big,Green
20260527100003264,7,Big,Green
20260527100003263,6,Big,Red
20260527100003262,0,Small,Red Violet
20260527100003261,4,Small,Red
20260527100003260,7,Big,Green
20260527100003259,0,Small,Red Violet
20260527100003258,1,Small,Green
20260527100003257,6,Big,Red
20260527100003256,9,Big,Green
20260527100003255,8,Big,Red
20260527100003254,1,Small,Green
20260527100003253,8,Big,Red
20260527100003252,7,Big,Green
20260527100003251,7,Big,Green
20260527100003250,3,Small,Green
20260527100003249,6,Big,Red
20260527100003248,9,Big,Green
20260527100003247,9,Big,Green
20260527100003246,9,Big,Green
20260527100003245,9,Big,Green
20260527100003244,1,Small,Green
20260527100003243,9,Big,Green
20260527100003242,7,Big,Green
20260527100003241,9,Big,Green
20260527100003240,1,Small,Green
20260527100003239,6,Big,Red
20260527100003238,5,Big,Green Violet
20260527100003237,0,Small,Red Violet
20260527100003236,0,Small,Red Violet
20260527100003235,9,Big,Green
20260527100003234,8,Big,Red
20260527100003233,9,Big,Green
20260527100003232,9,Big,Green
20260527100003231,8,Big,Red
20260527100003230,6,Big,Red
20260527100003229,6,Big,Red
20260527100003228,4,Small,Red
20260527100003227,7,Big,Green
20260527100003226,6,Big,Red
20260527100003225,9,Big,Green
20260527100003224,9,Big,Green
20260527100003223,7,Big,Green
20260527100003222,4,Small,Red
20260527100003221,8,Big,Red
20260527100003220,9,Big,Green
20260527100003219,1,Small,Green
20260527100003218,6,Big,Red
20260527100003217,9,Big,Green
20260527100003216,6,Big,Red
20260527100003215,7,Big,Green
20260527100003214,4,Small,Red
20260527100003213,2,Small,Red
20260527100003212,3,Small,Green
20260527100003211,5,Big,Green Violet
20260527100003210,5,Big,Green Violet
20260527100003209,2,Small,Red
20260527100003208,9,Big,Green
20260527100003207,3,Small,Green
20260527100003206,2,Small,Red
20260527100003205,2,Small,Red
20260527100003204,7,Big,Green
20260527100003203,7,Big,Green
20260527100003202,4,Small,Red
20260527100003201,6,Big,Red
20260527100003200,4,Small,Red
20260527100003199,9,Big,Green
20260527100003198,2,Small,Red
20260527100003197,1,Small,Green
20260527100003196,0,Small,Red Violet
20260527100003195,2,Small,Red
20260527100003194,9,Big,Green
20260527100003193,6,Big,Red
20260527100003192,8,Big,Red
20260527100003191,3,Small,Green
20260527100003190,4,Small,Red
20260527100003189,6,Big,Red
20260527100003188,0,Small,Red Violet
20260527100003187,0,Small,Red Violet
20260527100003186,5,Big,Green Violet
20260527100003185,7,Big,Green
20260527100003184,2,Small,Red
20260527100003183,8,Big,Red
20260527100003182,2,Small,Red
20260527100003181,7,Big,Green
20260527100003180,2,Small,Red
20260527100003179,6,Big,Red
20260527100003178,0,Small,Red Violet
20260527100003177,7,Big,Green
20260527100003176,5,Big,Green Violet
20260527100003175,0,Small,Red Violet
20260527100003174,1,Small,Green
20260527100003173,3,Small,Green
20260527100003172,7,Big,Green
20260527100003171,1,Small,Green
20260527100003170,3,Small,Green
20260527100003169,6,Big,Red
20260527100003168,3,Small,Green
20260527100003167,1,Small,Green
20260527100003166,8,Big,Red
20260527100003165,5,Big,Green Violet
20260527100003164,4,Small,Red
20260527100003163,2,Small,Red
20260527100003162,3,Small,Green
20260527100003161,2,Small,Red
20260527100003160,1,Small,Green
20260527100003159,3,Small,Green
20260527100003158,0,Small,Red Violet
20260527100003157,4,Small,Red
20260527100003156,9,Big,Green
20260527100003155,2,Small,Red
20260527100003154,9,Big,Green
20260527100003153,6,Big,Red
20260527100003152,7,Big,Green
20260527100003151,5,Big,Green Violet
20260527100003150,2,Small,Red
20260527100003149,6,Big,Red
20260527100003148,2,Small,Red
20260527100003147,0,Small,Red Violet
20260527100003146,5,Big,Green Violet
20260527100003145,2,Small,Red
20260527100003144,8,Big,Red
20260527100003143,6,Big,Red
20260527100003142,4,Small,Red
20260527100003141,8,Big,Red
20260527100003140,7,Big,Green
20260527100003139,2,Small,Red
20260527100003138,8,Big,Red
20260527100003137,6,Big,Red
20260527100003136,8,Big,Red
20260527100003135,6,Big,Red
20260527100003134,2,Small,Red
20260527100003133,6,Big,Red
20260527100003132,4,Small,Red
20260527100003131,9,Big,Green
20260527100003130,0,Small,Red Violet
20260527100003129,6,Big,Red
20260527100003128,6,Big,Red
20260527100003127,4,Small,Red
20260527100003126,7,Big,Green
20260527100003125,3,Small,Green
20260527100003124,1,Small,Green
20260527100003123,9,Big,Green
20260527100003122,8,Big,Red
20260527100003121,4,Small,Red
20260527100003120,0,Small,Red Violet
20260527100003119,2,Small,Red
20260527100003118,0,Small,Red Violet
20260527100003117,8,Big,Red
20260527100003116,4,Small,Red
20260527100003115,7,Big,Green
20260527100003114,1,Small,Green
20260527100003113,6,Big,Red
20260527100003112,3,Small,Green
20260527100003111,1,Small,Green
20260527100003110,3,Small,Green
20260527100003109,0,Small,Red Violet
20260527100003108,9,Big,Green
20260527100003107,5,Big,Green Violet
20260527100003106,4,Small,Red
20260527100003105,8,Big,Red
20260527100003104,5,Big,Green Violet
20260527100003103,3,Small,Green
20260527100003102,3,Small,Green
20260527100003101,7,Big,Green
20260527100003100,3,Small,Green
20260527100003099,6,Big,Red
20260527100003098,1,Small,Green
20260527100003097,0,Small,Red Violet
20260527100003096,8,Big,Red
20260527100003095,7,Big,Green
20260527100003094,4,Small,Red
20260527100003093,8,Big,Red
20260527100003092,4,Small,Red
20260527100003091,6,Big,Red
20260527100003090,4,Small,Red
20260527100003089,3,Small,Green
20260527100003088,8,Big,Red
20260527100003087,3,Small,Green
20260527100003086,4,Small,Red
20260527100003085,8,Big,Red
20260527100003084,5,Big,Green Violet
20260527100003083,6,Big,Red
20260527100003082,9,Big,Green
20260527100003081,9,Big,Green
20260527100003080,0,Small,Red Violet
20260527100003079,4,Small,Red
20260527100003078,7,Big,Green
20260527100003077,7,Big,Green
20260527100003076,3,Small,Green
20260527100003075,9,Big,Green
20260527100003074,4,Small,Red
20260527100003073,1,Small,Green
20260527100003072,7,Big,Green
20260527100003071,4,Small,Red
20260527100003070,4,Small,Red
20260527100003069,6,Big,Red
20260527100003068,2,Small,Red
20260527100003067,2,Small,Red
20260527100003066,2,Small,Red
20260527100003065,4,Small,Red
20260527100003064,9,Big,Green
20260527100003063,1,Small,Green
20260527100003062,3,Small,Green
20260527100003061,3,Small,Green
20260527100003060,1,Small,Green
20260527100003059,0,Small,Red Violet
20260527100003058,2,Small,Red
20260527100003057,9,Big,Green
20260527100003056,6,Big,Red
20260527100003055,6,Big,Red
20260527100003054,3,Small,Green
20260527100003053,0,Small,Red Violet
20260527100003052,5,Big,Green Violet
20260527100003051,1,Small,Green
20260527100003050,1,Small,Green
20260527100003049,5,Big,Green Violet
20260527100003048,8,Big,Red
20260527100003047,5,Big,Green Violet
20260527100003046,4,Small,Red
20260527100003045,7,Big,Green
20260527100003044,5,Big,Green Violet
20260527100003043,7,Big,Green
20260527100003042,2,Small,Red
20260527100003041,1,Small,Green
20260527100003040,3,Small,Green
20260527100003039,4,Small,Red
20260527100003038,6,Big,Red
20260527100003037,4,Small,Red
20260527100003036,6,Big,Red
20260527100003035,2,Small,Red
20260527100003034,9,Big,Green
20260527100003033,4,Small,Red
20260527100003032,0,Small,Red Violet
20260527100003031,8,Big,Red
20260527100003030,8,Big,Red
20260527100003029,7,Big,Green
20260527100003028,1,Small,Green
20260527100003027,0,Small,Red Violet
20260527100003026,7,Big,Green
20260527100003025,3,Small,Green
20260527100003024,3,Small,Green
20260527100003023,2,Small,Red
20260527100003022,0,Small,Red Violet
20260527100003021,0,Small,Red Violet
20260527100003020,2,Small,Red
20260527100003019,0,Small,Red Violet
20260527100003018,5,Big,Green Violet
20260527100003017,7,Big,Green
20260527100003016,8,Big,Red
20260527100003015,6,Big,Red
20260527100003014,4,Small,Red
20260527100003013,7,Big,Green
20260527100003012,7,Big,Green
20260527100003011,1,Small,Green
20260527100003010,7,Big,Green
20260527100003009,9,Big,Green
20260527100003008,6,Big,Red
20260527100003007,1,Small,Green
20260527100003006,2,Small,Red
20260527100003005,7,Big,Green
20260527100003004,0,Small,Red Violet
20260527100003003,8,Big,Red
20260527100003002,0,Small,Red Violet
20260527100003001,4,Small,Red
20260527100003000,2,Small,Red
20260527100002999,4,Small,Red
20260527100002998,0,Small,Red Violet
20260527100002997,0,Small,Red Violet
20260527100002996,1,Small,Green
20260527100002995,6,Big,Red
20260527100002994,7,Big,Green
20260527100002993,9,Big,Green
20260527100002992,2,Small,Red
20260527100002991,6,Big,Red
20260527100002990,8,Big,Red
20260527100002989,1,Small,Green
20260527100002988,5,Big,Green Violet
20260527100002987,6,Big,Red
20260527100002986,2,Small,Red
20260527100002985,8,Big,Red
20260527100002984,1,Small,Green
20260527100002983,0,Small,Red Violet
20260527100002982,6,Big,Red
20260527100002981,0,Small,Red Violet
20260527100002980,9,Big,Green
20260527100002979,2,Small,Red
20260527100002978,8,Big,Red
20260527100002977,3,Small,Green
20260527100002976,9,Big,Green
20260527100002975,5,Big,Green Violet
20260527100002974,1,Small,Green
20260527100002973,9,Big,Green
20260527100002972,8,Big,Red
20260527100002971,9,Big,Green
20260527100002970,9,Big,Green
20260527100002969,4,Small,Red
20260527100002968,5,Big,Green Violet
20260527100002967,7,Big,Green
20260527100002966,1,Small,Green
20260527100002965,8,Big,Red
20260527100002964,5,Big,Green Violet
20260527100002963,7,Big,Green
20260527100002962,5,Big,Green Violet
20260527100002961,0,Small,Red Violet
20260527100002960,9,Big,Green
20260527100002959,4,Small,Red
20260527100002958,8,Big,Red
20260527100002957,1,Small,Green
20260527100002956,2,Small,Red
20260527100002955,4,Small,Red
20260527100002954,7,Big,Green
20260527100002953,0,Small,Red Violet
20260527100002952,0,Small,Red Violet
20260527100002951,8,Big,Red
20260527100002950,9,Big,Green
20260527100002949,1,Small,Green
20260527100002948,1,Small,Green
20260527100002947,6,Big,Red
20260527100002946,5,Big,Green Violet
20260527100002945,6,Big,Red
20260527100002944,1,Small,Green
20260527100002943,6,Big,Red
20260527100002942,9,Big,Green
20260527100002941,7,Big,Green
20260527100002940,6,Big,Red
20260527100002939,5,Big,Green Violet
20260527100002938,6,Big,Red
20260527100002937,4,Small,Red
20260527100002936,0,Small,Red Violet
20260527100002935,9,Big,Green
20260527100002934,6,Big,Red
20260527100002933,2,Small,Red
20260527100002932,3,Small,Green
20260527100002931,3,Small,Green
20260527100002930,3,Small,Green
20260527100002929,5,Big,Green Violet
20260527100002928,0,Small,Red Violet
20260527100002927,9,Big,Green
20260527100002926,8,Big,Red
20260527100002925,2,Small,Red
20260527100002924,2,Small,Red
20260527100002923,7,Big,Green
20260527100002922,9,Big,Green
20260527100002921,1,Small,Green
20260527100002920,9,Big,Green
20260527100002919,3,Small,Green
20260527100002918,6,Big,Red
20260527100002917,0,Small,Red Violet
20260527100002916,5,Big,Green Violet
20260527100002915,6,Big,Red
20260527100002914,8,Big,Red
20260527100002913,1,Small,Green
20260527100002912,3,Small,Green
20260527100002911,6,Big,Red
20260527100002910,6,Big,Red
20260527100002909,1,Small,Green
20260527100002908,6,Big,Red
20260527100002907,9,Big,Green
20260527100002906,6,Big,Red
20260527100002905,3,Small,Green
20260527100002904,1,Small,Green
20260527100002903,5,Big,Green Violet
20260527100002902,0,Small,Red Violet
20260527100002901,5,Big,Green Violet
20260527100002900,8,Big,Red
20260527100002899,0,Small,Red Violet
20260527100002898,3,Small,Green
20260527100002897,9,Big,Green
20260527100002896,5,Big,Green Violet
20260527100002895,4,Small,Red
20260527100002894,6,Big,Red
20260527100002893,1,Small,Green
20260527100002892,3,Small,Green
20260527100002891,8,Big,Red
20260527100002890,9,Big,Green
20260527100002889,5,Big,Green Violet
20260527100002888,3,Small,Green
20260527100002887,5,Big,Green Violet
20260527100002886,3,Small,Green
20260527100002885,6,Big,Red
20260527100002884,8,Big,Red
20260527100002883,5,Big,Green Violet
20260527100002882,7,Big,Green
20260527100002881,7,Big,Green
20260527100002880,1,Small,Green
20260527100002879,3,Small,Green
20260527100002878,9,Big,Green
20260527100002877,1,Small,Green
20260527100002876,5,Big,Green Violet
20260527100002875,2,Small,Red
20260527100002874,0,Small,Red Violet
20260527100002873,4,Small,Red
20260527100002872,2,Small,Red
20260527100002871,8,Big,Red
20260527100002870,5,Big,Green Violet
20260527100002869,3,Small,Green
20260527100002868,9,Big,Green
20260527100002867,7,Big,Green
20260527100002866,2,Small,Red
20260527100002865,1,Small,Green
20260527100002864,7,Big,Green
20260527100002863,3,Small,Green
20260527100002862,6,Big,Red
20260527100002861,6,Big,Red
20260527100002860,8,Big,Red
20260527100002859,4,Small,Red
20260527100002858,1,Small,Green
20260527100002857,8,Big,Red
20260527100002856,3,Small,Green
20260527100002855,3,Small,Green
20260527100002854,5,Big,Green Violet
20260527100002853,3,Small,Green
20260527100002852,6,Big,Red
20260527100002851,9,Big,Green
20260527100002850,9,Big,Green
20260527100002849,7,Big,Green
20260527100002848,5,Big,Green Violet
20260527100002847,6,Big,Red
20260527100002846,1,Small,Green
20260527100002845,4,Small,Red
20260527100002844,7,Big,Green
20260527100002843,7,Big,Green
20260527100002842,5,Big,Green Violet
20260527100002841,7,Big,Green
20260527100002840,4,Small,Red
20260527100002839,9,Big,Green
20260527100002838,2,Small,Red
20260527100002837,8,Big,Red
20260527100002836,8,Big,Red
20260527100002835,3,Small,Green
20260527100002834,3,Small,Green
20260527100002833,9,Big,Green
20260527100002832,3,Small,Green
20260527100002831,5,Big,Green Violet
20260527100002830,9,Big,Green
20260527100002829,7,Big,Green
20260527100002828,9,Big,Green
20260527100002827,1,Small,Green
20260527100002826,6,Big,Red
20260527100002825,8,Big,Red
20260527100002824,1,Small,Green
20260527100002823,6,Big,Red
20260527100002822,5,Big,Green Violet
20260527100002821,3,Small,Green
20260527100002820,8,Big,Red
20260527100002819,6,Big,Red
20260527100002818,7,Big,Green
20260527100002817,0,Small,Red Violet
20260527100002816,2,Small,Red
20260527100002815,1,Small,Green
20260527100002814,8,Big,Red
20260527100002813,6,Big,Red
20260527100002812,7,Big,Green
20260527100002811,4,Small,Red
20260527100002810,6,Big,Red
20260527100002809,8,Big,Red
20260527100002808,4,Small,Red
20260527100002807,5,Big,Green Violet
20260527100002806,4,Small,Red
20260527100002805,1,Small,Green
20260527100002804,1,Small,Green
20260527100002803,9,Big,Green
20260527100002802,5,Big,Green Violet
20260527100002801,4,Small,Red
20260527100002800,9,Big,Green
20260527100002799,3,Small,Green
20260527100002798,7,Big,Green
20260527100002797,8,Big,Red
20260527100002796,9,Big,Green
20260527100002795,9,Big,Green
20260527100002794,3,Small,Green
20260527100002793,5,Big,Green Violet
20260527100002792,5,Big,Green Violet
20260527100002791,8,Big,Red
20260527100002790,4,Small,Red
20260527100002789,8,Big,Red
20260527100002788,9,Big,Green
20260527100002787,5,Big,Green Violet
20260527100002786,6,Big,Red
20260527100002785,9,Big,Green
20260527100002784,9,Big,Green
20260527100002783,0,Small,Red Violet
20260527100002782,1,Small,Green
20260527100002781,9,Big,Green
20260527100002780,6,Big,Red
20260527100002779,2,Small,Red
20260527100002778,6,Big,Red
20260527100002777,5,Big,Green Violet
20260527100002776,8,Big,Red
20260527100002775,7,Big,Green
20260527100002774,4,Small,Red
20260527100002773,9,Big,Green
20260527100002772,1,Small,Green
20260527100002771,5,Big,Green Violet
20260527100002770,9,Big,Green
20260527100002769,9,Big,Green
20260527100002768,4,Small,Red
20260527100002767,8,Big,Red
20260527100002766,4,Small,Red
20260527100002765,9,Big,Green
20260527100002764,0,Small,Red Violet
20260527100002763,0,Small,Red Violet
20260527100002762,3,Small,Green
20260527100002761,1,Small,Green
20260527100002760,6,Big,Red
20260527100002759,5,Big,Green Violet
20260527100002758,7,Big,Green
20260527100002757,7,Big,Green
20260527100002756,5,Big,Green Violet
20260527100002755,8,Big,Red
20260527100002754,1,Small,Green
20260527100002753,8,Big,Red
20260527100002752,0,Small,Red Violet
20260527100002751,1,Small,Green
20260527100002750,9,Big,Green
20260527100002749,3,Small,Green
20260527100002748,0,Small,Red Violet
20260527100002747,7,Big,Green
20260527100002746,1,Small,Green
20260527100002745,9,Big,Green
20260527100002744,6,Big,Red
20260527100002743,5,Big,Green Violet
20260527100002742,9,Big,Green
20260527100002741,9,Big,Green
20260527100002740,7,Big,Green
20260527100002739,2,Small,Red
20260527100002738,5,Big,Green Violet
20260527100002737,3,Small,Green
20260527100002736,7,Big,Green
20260527100002735,2,Small,Red
20260527100002734,7,Big,Green
20260527100002733,7,Big,Green
20260527100002732,5,Big,Green Violet
20260527100002731,9,Big,Green
20260527100002730,9,Big,Green
20260527100002729,1,Small,Green
20260527100002728,3,Small,Green
20260527100002727,2,Small,Red
20260527100002726,8,Big,Red
20260527100002725,2,Small,Red
20260527100002724,8,Big,Red
20260527100002723,7,Big,Green
20260527100002722,3,Small,Green
20260527100002721,8,Big,Red
20260527100002720,7,Big,Green
20260527100002719,0,Small,Red Violet
20260527100002718,6,Big,Red
20260527100002717,6,Big,Red
20260527100002716,1,Small,Green
20260527100002715,9,Big,Green
20260527100002714,9,Big,Green
20260527100002713,8,Big,Red
20260527100002712,1,Small,Green
20260527100002711,8,Big,Red
20260527100002710,5,Big,Green Violet
20260527100002709,0,Small,Red Violet
20260527100002708,0,Small,Red Violet
20260527100002707,6,Big,Red
20260527100002706,4,Small,Red
20260527100002705,3,Small,Green
20260527100002704,2,Small,Red
20260527100002703,7,Big,Green
20260527100002702,8,Big,Red
20260527100002701,3,Small,Green
20260527100002700,1,Small,Green
20260527100002699,3,Small,Green
20260527100002698,6,Big,Red
20260527100002697,1,Small,Green
20260527100002696,5,Big,Green Violet
20260527100002695,5,Big,Green Violet
20260527100002694,6,Big,Red
20260527100002693,3,Small,Green
20260527100002692,7,Big,Green
20260527100002691,6,Big,Red
20260527100002690,3,Small,Green
20260527100002689,8,Big,Red
20260527100002688,6,Big,Red
20260527100002687,9,Big,Green
20260527100002686,7,Big,Green
20260527100002685,3,Small,Green
20260527100002684,4,Small,Red
20260527100002683,1,Small,Green
20260527100002682,2,Small,Red
20260527100002681,1,Small,Green
20260527100002680,4,Small,Red
20260527100002679,1,Small,Green
20260527100002678,8,Big,Red
20260527100002677,6,Big,Red
20260527100002676,5,Big,Green Violet
20260527100002675,4,Small,Red
20260527100002674,8,Big,Red
20260527100002673,7,Big,Green
20260527100002672,6,Big,Red
20260527100002671,4,Small,Red
20260527100002670,7,Big,Green
20260527100002669,0,Small,Red Violet
20260527100002668,9,Big,Green
20260527100002667,7,Big,Green
20260527100002666,8,Big,Red
20260527100002665,4,Small,Red
20260527100002664,3,Small,Green
20260527100002663,8,Big,Red
20260527100002662,9,Big,Green
20260527100002661,1,Small,Green
20260527100002660,7,Big,Green
20260527100002659,5,Big,Green Violet
20260527100002658,5,Big,Green Violet
20260527100002657,3,Small,Green
20260527100002656,1,Small,Green
20260527100002655,4,Small,Red
20260527100002654,6,Big,Red
20260527100002653,5,Big,Green Violet
20260527100002652,0,Small,Red Violet
20260527100002651,7,Big,Green
20260527100002650,0,Small,Red Violet
20260527100002649,4,Small,Red
20260527100002648,2,Small,Red
20260527100002647,8,Big,Red
20260527100002646,0,Small,Red Violet
20260527100002645,1,Small,Green
20260527100002644,2,Small,Red
20260527100002643,3,Small,Green
20260527100002642,5,Big,Green Violet
20260527100002641,6,Big,Red
20260527100002640,6,Big,Red
20260527100002639,2,Small,Red
20260527100002638,3,Small,Green
20260527100002637,7,Big,Green
20260527100002636,0,Small,Red Violet
20260527100002635,1,Small,Green
20260527100002634,4,Small,Red
20260527100002633,4,Small,Red
20260527100002632,5,Big,Green Violet
20260527100002631,1,Small,Green
20260527100002630,6,Big,Red
20260527100002629,3,Small,Green
20260527100002628,9,Big,Green
20260527100002627,8,Big,Red
20260527100002626,0,Small,Red Violet
20260527100002625,7,Big,Green
20260527100002624,3,Small,Green
20260527100002623,4,Small,Red
20260527100002622,2,Small,Red
20260527100002621,5,Big,Green Violet
20260527100002620,5,Big,Green Violet
20260527100002619,3,Small,Green
20260527100002618,1,Small,Green
20260527100002617,2,Small,Red
20260527100002616,9,Big,Green
20260527100002615,3,Small,Green
20260527100002614,6,Big,Red
20260527100002613,2,Small,Red
20260527100002612,5,Big,Green Violet
20260527100002611,9,Big,Green
20260527100002610,8,Big,Red
20260527100002609,6,Big,Red
20260527100002608,7,Big,Green
20260527100002607,2,Small,Red
20260527100002606,6,Big,Red
20260527100002605,3,Small,Green
20260527100002604,7,Big,Green
20260527100002603,6,Big,Red
20260527100002602,8,Big,Red
20260527100002601,1,Small,Green
20260527100002600,5,Big,Green Violet
20260527100002599,0,Small,Red Violet
20260527100002598,1,Small,Green
20260527100002597,1,Small,Green
20260527100002596,8,Big,Red
20260527100002595,8,Big,Red
20260527100002594,6,Big,Red
20260527100002593,3,Small,Green
20260527100002592,6,Big,Red
20260527100002591,2,Small,Red
20260527100002590,2,Small,Red
20260527100002589,1,Small,Green
20260527100002588,2,Small,Red
20260527100002587,5,Big,Green Violet
20260527100002586,0,Small,Red Violet
20260527100002585,4,Small,Red
20260527100002584,2,Small,Red
20260527100002583,3,Small,Green
20260527100002582,3,Small,Green
20260527100002581,3,Small,Green
20260527100002580,1,Small,Green
20260527100002579,5,Big,Green Violet
20260527100002578,4,Small,Red
20260527100002577,2,Small,Red
20260527100002576,1,Small,Green
20260527100002575,9,Big,Green
20260527100002574,9,Big,Green
20260527100002573,5,Big,Green Violet
20260527100002572,3,Small,Green
20260527100002571,9,Big,Green
20260527100002570,1,Small,Green
20260527100002569,8,Big,Red
20260527100002568,3,Small,Green
20260527100002567,8,Big,Red
20260527100002566,1,Small,Green
20260527100002565,3,Small,Green
20260527100002564,4,Small,Red
20260527100002563,0,Small,Red Violet
20260527100002562,4,Small,Red
20260527100002561,0,Small,Red Violet
20260527100002560,1,Small,Green
20260527100002559,5,Big,Green Violet
20260527100002558,1,Small,Green
20260527100002557,9,Big,Green
20260527100002556,8,Big,Red
20260527100002555,5,Big,Green Violet
20260527100002554,1,Small,Green
20260527100002553,7,Big,Green
20260527100002552,0,Small,Red Violet
20260527100002551,0,Small,Red Violet
20260527100002550,0,Small,Red Violet
20260527100002549,5,Big,Green Violet
20260527100002548,4,Small,Red
20260527100002547,7,Big,Green
20260527100002546,9,Big,Green
20260527100002545,6,Big,Red
20260527100002544,2,Small,Red
20260527100002543,4,Small,Red
20260527100002542,7,Big,Green
20260527100002541,6,Big,Red
20260527100002540,1,Small,Green
20260527100002539,1,Small,Green
20260527100002538,1,Small,Green
20260527100002537,3,Small,Green
20260527100002536,0,Small,Red Violet
20260527100002535,3,Small,Green
20260527100002534,1,Small,Green
20260527100002533,4,Small,Red
20260527100002532,3,Small,Green
20260527100002531,0,Small,Red Violet
20260527100002530,4,Small,Red
20260527100002529,4,Small,Red
20260527100002528,0,Small,Red Violet
20260527100002527,1,Small,Green
20260527100002526,1,Small,Green
20260527100002525,3,Small,Green
20260527100002524,6,Big,Red
20260527100002523,0,Small,Red Violet
20260527100002522,8,Big,Red
20260527100002521,4,Small,Red
20260527100002520,2,Small,Red
20260527100002519,1,Small,Green
20260527100002518,7,Big,Green
20260527100002517,3,Small,Green
20260527100002516,2,Small,Red
20260527100002515,6,Big,Red
20260527100002514,3,Small,Green
20260527100002513,6,Big,Red
20260527100002512,2,Small,Red
20260527100002511,1,Small,Green
20260527100002510,4,Small,Red
20260527100002509,0,Small,Red Violet
20260527100002508,0,Small,Red Violet
20260527100002507,2,Small,Red
20260527100002506,8,Big,Red
20260527100002505,3,Small,Green
20260527100002504,5,Big,Green Violet
20260527100002503,5,Big,Green Violet
20260527100002502,0,Small,Red Violet
20260527100002501,0,Small,Red Violet
20260527100002500,7,Big,Green
20260527100002499,8,Big,Red
20260527100002498,2,Small,Red
20260527100002497,5,Big,Green Violet
20260527100002496,5,Big,Green Violet
20260527100002495,3,Small,Green
20260527100002494,2,Small,Red
20260527100002493,3,Small,Green
20260527100002492,5,Big,Green Violet
20260527100002491,5,Big,Green Violet
20260527100002490,6,Big,Red
20260527100002489,4,Small,Red
20260527100002488,6,Big,Red
20260527100002487,0,Small,Red Violet
20260527100002486,3,Small,Green
20260527100002485,6,Big,Red
20260527100002484,4,Small,Red
20260527100002483,8,Big,Red
20260527100002482,5,Big,Green Violet
20260527100002481,5,Big,Green Violet
20260527100002480,9,Big,Green
20260527100002479,6,Big,Red
20260527100002478,8,Big,Red
20260527100002477,9,Big,Green
20260527100002476,1,Small,Green
20260527100002475,5,Big,Green Violet
20260527100002474,6,Big,Red
20260527100002473,2,Small,Red
20260527100002472,3,Small,Green
20260527100002471,0,Small,Red Violet
20260527100002470,5,Big,Green Violet
20260527100002469,8,Big,Red
20260527100002468,2,Small,Red
20260527100002467,2,Small,Red
20260527100002466,6,Big,Red
20260527100002465,2,Small,Red
20260527100002464,5,Big,Green Violet
20260527100002463,2,Small,Red
20260527100002462,1,Small,Green
20260527100002461,4,Small,Red
20260527100002460,2,Small,Red
20260527100002459,2,Small,Red
20260527100002458,2,Small,Red
20260527100002457,9,Big,Green
20260527100002456,9,Big,Green
20260527100002455,4,Small,Red
20260527100002454,6,Big,Red
20260527100002453,4,Small,Red
20260527100002452,2,Small,Red
20260527100002451,7,Big,Green
20260527100002450,8,Big,Red
20260527100002449,1,Small,Green
20260527100002448,0,Small,Red Violet
20260527100002447,1,Small,Green
20260527100002446,1,Small,Green
20260527100002445,0,Small,Red Violet
20260527100002444,8,Big,Red
20260527100002443,6,Big,Red
20260527100002442,5,Big,Green Violet
20260527100002441,9,Big,Green
20260527100002440,2,Small,Red
20260527100002439,2,Small,Red
20260527100002438,7,Big,Green
20260527100002437,0,Small,Red Violet
20260527100002436,6,Big,Red
20260527100002435,0,Small,Red Violet
20260527100002434,9,Big,Green
20260527100002433,0,Small,Red Violet
20260527100002432,4,Small,Red
20260527100002431,4,Small,Red
20260527100002430,2,Small,Red
20260527100002429,3,Small,Green
20260527100002428,5,Big,Green Violet
20260527100002427,6,Big,Red
20260527100002426,3,Small,Green
20260527100002425,6,Big,Red
20260527100002424,1,Small,Green
20260527100002423,5,Big,Green Violet
20260527100002422,5,Big,Green Violet
20260527100002421,7,Big,Green
20260527100002420,0,Small,Red Violet
20260527100002419,5,Big,Green Violet
20260527100002418,2,Small,Red
20260527100002417,4,Small,Red
20260527100002416,7,Big,Green
20260527100002415,3,Small,Green
20260527100002414,5,Big,Green Violet
20260527100002413,8,Big,Red
20260527100002412,7,Big,Green
20260527100002411,3,Small,Green
20260527100002410,0,Small,Red Violet
20260527100002409,0,Small,Red Violet
20260527100002408,4,Small,Red
20260527100002407,3,Small,Green
20260527100002406,8,Big,Red
20260527100002405,2,Small,Red
20260527100002404,3,Small,Green
20260527100002403,6,Big,Red
20260527100002402,1,Small,Green
20260527100002401,9,Big,Green
20260527100002400,5,Big,Green Violet
20260527100002399,2,Small,Red
20260527100002398,5,Big,Green Violet
20260527100002397,4,Small,Red
20260527100002396,4,Small,Red
20260527100002395,9,Big,Green
20260527100002394,3,Small,Green
20260527100002393,8,Big,Red
20260527100002392,3,Small,Green
20260527100002391,6,Big,Red
20260527100002390,1,Small,Green
20260527100002389,0,Small,Red Violet
20260527100002388,7,Big,Green
20260527100002387,4,Small,Red
20260527100002386,1,Small,Green
20260527100002385,8,Big,Red
20260527100002384,2,Small,Red
20260527100002383,0,Small,Red Violet
20260527100002382,5,Big,Green Violet
20260527100002381,9,Big,Green
20260527100002380,3,Small,Green
20260527100002379,5,Big,Green Violet
20260527100002378,7,Big,Green
20260527100002377,1,Small,Green
20260527100002376,7,Big,Green
20260527100002375,6,Big,Red
20260527100002374,2,Small,Red
20260527100002373,9,Big,Green
20260527100002372,9,Big,Green
20260527100002371,0,Small,Red Violet
20260527100002370,1,Small,Green
20260527100002369,2,Small,Red
20260527100002368,9,Big,Green
20260527100002367,8,Big,Red
20260527100002366,4,Small,Red
20260527100002365,7,Big,Green
20260527100002364,7,Big,Green
20260527100002363,4,Small,Red
20260527100002362,1,Small,Green
20260527100002361,8,Big,Red
20260527100002360,1,Small,Green
20260527100002359,3,Small,Green
20260527100002358,2,Small,Red
20260527100002357,5,Big,Green Violet
20260527100002356,1,Small,Green
20260527100002355,6,Big,Red
20260527100002354,4,Small,Red
20260527100002353,2,Small,Red
20260527100002352,1,Small,Green
20260527100002351,5,Big,Green Violet
20260527100002350,7,Big,Green
20260527100002349,7,Big,Green
20260527100002348,9,Big,Green
20260527100002347,0,Small,Red Violet
20260527100002346,4,Small,Red
20260527100002345,6,Big,Red
20260527100002344,4,Small,Red
20260527100002343,5,Big,Green Violet
20260527100002342,8,Big,Red
20260527100002341,2,Small,Red
20260527100002340,6,Big,Red
20260527100002339,8,Big,Red
20260527100002338,1,Small,Green
20260527100002337,7,Big,Green
20260527100002336,4,Small,Red
20260527100002335,2,Small,Red
20260527100002334,7,Big,Green
20260527100002333,5,Big,Green Violet
20260527100002332,0,Small,Red Violet
20260527100002331,5,Big,Green Violet
20260527100002330,6,Big,Red
20260527100002329,9,Big,Green
20260527100002328,0,Small,Red Violet
20260527100002327,6,Big,Red
20260527100002326,7,Big,Green
20260527100002325,7,Big,Green
20260527100002324,1,Small,Green
20260527100002323,7,Big,Green
20260527100002322,6,Big,Red
20260527100002321,1,Small,Green
20260527100002320,6,Big,Red
20260527100002319,2,Small,Red
20260527100002318,6,Big,Red
20260527100002317,3,Small,Green
20260527100002316,9,Big,Green
20260527100002315,0,Small,Red Violet
20260527100002314,2,Small,Red
20260527100002313,7,Big,Green
20260527100002312,8,Big,Red
20260527100002311,7,Big,Green
20260527100002310,4,Small,Red
20260527100002309,9,Big,Green
20260527100002308,5,Big,Green Violet
20260527100002307,2,Small,Red
20260527100002306,5,Big,Green Violet
20260527100002305,6,Big,Red
20260527100002304,8,Big,Red
20260527100002303,6,Big,Red
20260527100002302,2,Small,Red
20260527100002301,5,Big,Green Violet
20260527100002300,1,Small,Green
20260527100002299,8,Big,Red
20260527100002298,9,Big,Green
20260527100002297,9,Big,Green
20260527100002296,4,Small,Red
20260527100002295,0,Small,Red Violet
20260527100002294,7,Big,Green
20260527100002293,7,Big,Green
20260527100002292,0,Small,Red Violet
20260527100002291,8,Big,Red
20260527100002290,3,Small,Green
20260527100002289,3,Small,Green
20260527100002288,3,Small,Green
20260527100002287,1,Small,Green
20260527100002286,4,Small,Red
20260527100002285,8,Big,Red
20260527100002284,5,Big,Green Violet
20260527100002283,9,Big,Green
20260527100002282,2,Small,Red
20260527100002281,0,Small,Red Violet
20260527100002280,4,Small,Red
20260527100002279,8,Big,Red
20260527100002278,5,Big,Green Violet
20260527100002277,0,Small,Red Violet
20260527100002276,7,Big,Green
20260527100002275,9,Big,Green
20260527100002274,5,Big,Green Violet
20260527100002273,1,Small,Green
20260527100002272,0,Small,Red Violet
20260527100002271,7,Big,Green
20260527100002270,7,Big,Green
20260527100002269,1,Small,Green
20260527100002268,7,Big,Green
20260527100002267,4,Small,Red
20260527100002266,0,Small,Red Violet
20260527100002265,2,Small,Red
20260527100002264,7,Big,Green
20260527100002263,4,Small,Red
20260527100002262,1,Small,Green
20260527100002261,0,Small,Red Violet
20260527100002260,9,Big,Green
20260527100002259,1,Small,Green
20260527100002258,0,Small,Red Violet
20260527100002257,3,Small,Green
20260527100002256,4,Small,Red
20260527100002255,4,Small,Red
20260527100002254,1,Small,Green
20260527100002253,5,Big,Green Violet
20260527100002252,3,Small,Green
20260527100002251,8,Big,Red
20260527100002250,2,Small,Red
20260527100002249,3,Small,Green
20260527100002248,4,Small,Red
20260527100002247,6,Big,Red
20260527100002246,9,Big,Green
20260527100002245,4,Small,Red
20260527100002244,4,Small,Red
20260527100002243,4,Small,Red
20260527100002242,1,Small,Green
20260527100002241,7,Big,Green
20260527100002240,1,Small,Green
20260527100002239,8,Big,Red
20260527100002238,7,Big,Green
20260527100002237,3,Small,Green
20260527100002236,1,Small,Green
20260527100002235,3,Small,Green
20260527100002234,0,Small,Red Violet
20260527100002233,6,Big,Red
20260527100002232,8,Big,Red
20260527100002231,2,Small,Red
20260527100002230,3,Small,Green
20260527100002229,3,Small,Green
20260527100002228,3,Small,Green
20260527100002227,9,Big,Green
20260527100002226,6,Big,Red
20260527100002225,1,Small,Green
20260527100002224,7,Big,Green
20260527100002223,2,Small,Red
20260527100002222,9,Big,Green
20260527100002221,7,Big,Green
20260527100002220,0,Small,Red Violet
20260527100002219,3,Small,Green
20260527100002218,6,Big,Red
20260527100002217,3,Small,Green
20260527100002216,1,Small,Green
20260527100002215,1,Small,Green
20260527100002214,6,Big,Red
20260527100002213,5,Big,Green Violet
20260527100002212,9,Big,Green
20260527100002211,6,Big,Red
20260527100002210,0,Small,Red Violet
20260527100002209,6,Big,Red
20260527100002208,3,Small,Green
20260527100002207,3,Small,Green
20260527100002206,1,Small,Green
20260527100002205,7,Big,Green
20260527100002204,3,Small,Green
20260527100002203,7,Big,Green
20260527100002202,2,Small,Red
20260527100002201,6,Big,Red
20260527100002200,5,Big,Green Violet
20260527100002199,5,Big,Green Violet
20260527100002198,2,Small,Red
20260527100002197,5,Big,Green Violet
20260527100002196,1,Small,Green
20260527100002195,4,Small,Red
20260527100002194,6,Big,Red
20260527100002193,3,Small,Green
20260527100002192,4,Small,Red
20260527100002191,2,Small,Red
20260527100002190,3,Small,Green
20260527100002189,9,Big,Green
20260527100002188,6,Big,Red
20260527100002187,5,Big,Green Violet
20260527100002186,6,Big,Red
20260527100002185,3,Small,Green
20260527100002184,7,Big,Green
20260527100002183,5,Big,Green Violet
20260527100002182,2,Small,Red
20260527100002181,9,Big,Green
20260527100002180,7,Big,Green
20260527100002179,1,Small,Green
20260527100002178,5,Big,Green Violet
20260527100002177,0,Small,Red Violet
20260527100002176,0,Small,Red Violet
20260527100002175,7,Big,Green
20260527100002174,3,Small,Green
20260527100002173,0,Small,Red Violet
20260527100002172,5,Big,Green Violet
20260527100002171,5,Big,Green Violet
20260527100002170,5,Big,Green Violet
20260527100002169,9,Big,Green
20260527100002168,6,Big,Red
20260527100002167,6,Big,Red
20260527100002166,5,Big,Green Violet
20260527100002165,4,Small,Red
20260527100002164,6,Big,Red
20260527100002163,9,Big,Green
20260527100002162,1,Small,Green
20260527100002161,1,Small,Green
20260527100002160,8,Big,Red
20260527100002159,7,Big,Green
20260527100002158,0,Small,Red Violet
20260527100002157,4,Small,Red
20260527100002156,5,Big,Green Violet
20260527100002155,5,Big,Green Violet
20260527100002154,3,Small,Green
20260527100002153,8,Big,Red
20260527100002152,3,Small,Green
20260527100002151,8,Big,Red
20260527100002150,1,Small,Green
20260527100002149,2,Small,Red
20260527100002148,8,Big,Red
20260527100002147,9,Big,Green
20260527100002146,0,Small,Red Violet
20260527100002145,7,Big,Green
20260527100002144,5,Big,Green Violet
20260527100002143,3,Small,Green
20260527100002142,5,Big,Green Violet
20260527100002141,7,Big,Green
20260527100002140,7,Big,Green
20260527100002139,8,Big,Red
20260527100002138,2,Small,Red
20260527100002137,1,Small,Green
20260527100002136,3,Small,Green
20260527100002135,2,Small,Red
20260527100002134,4,Small,Red
20260527100002133,2,Small,Red
20260527100002132,2,Small,Red
20260527100002131,4,Small,Red
20260527100002130,4,Small,Red
20260527100002129,2,Small,Red
20260527100002128,0,Small,Red Violet
20260527100002127,7,Big,Green
20260527100002126,8,Big,Red
20260527100002125,4,Small,Red
20260527100002124,3,Small,Green
20260527100002123,3,Small,Green
20260527100002122,8,Big,Red
20260527100002121,0,Small,Red Violet
20260527100002120,4,Small,Red
20260527100002119,6,Big,Red
20260527100002118,4,Small,Red
20260527100002117,9,Big,Green
20260527100002116,5,Big,Green Violet
20260527100002115,0,Small,Red Violet
20260527100002114,8,Big,Red
20260527100002113,6,Big,Red
20260527100002112,2,Small,Red
20260527100002111,7,Big,Green
20260527100002110,5,Big,Green Violet
20260527100002109,4,Small,Red
20260527100002108,2,Small,Red
20260527100002107,1,Small,Green
20260527100002106,5,Big,Green Violet
20260527100002105,1,Small,Green
20260527100002104,9,Big,Green
20260527100002103,6,Big,Red
20260527100002102,7,Big,Green
20260527100002101,1,Small,Green
20260527100002100,4,Small,Red
20260527100002099,6,Big,Red
20260527100002098,7,Big,Green
20260527100002097,6,Big,Red
20260527100002096,9,Big,Green
20260527100002095,9,Big,Green
20260527100002094,3,Small,Green
20260527100002093,2,Small,Red
20260527100002092,8,Big,Red
20260527100002091,3,Small,Green
20260527100002090,9,Big,Green
20260527100002089,6,Big,Red
20260527100002088,3,Small,Green
20260527100002087,0,Small,Red Violet
20260527100002086,0,Small,Red Violet
20260527100002085,3,Small,Green
20260527100002084,3,Small,Green
20260527100002083,9,Big,Green
20260527100002082,3,Small,Green
20260527100002081,6,Big,Red
20260527100002080,3,Small,Green
20260527100002079,6,Big,Red
20260527100002078,2,Small,Red
20260527100002077,2,Small,Red
20260527100002076,7,Big,Green
20260527100002075,3,Small,Green
20260527100002074,4,Small,Red
20260527100002073,1,Small,Green
20260527100002072,7,Big,Green
20260527100002071,8,Big,Red
20260527100002070,0,Small,Red Violet
20260527100002069,4,Small,Red
20260527100002068,0,Small,Red Violet
20260527100002067,6,Big,Red
20260527100002066,7,Big,Green
20260527100002065,9,Big,Green
20260527100002064,3,Small,Green
20260527100002063,3,Small,Green
20260527100002062,1,Small,Green
20260527100002061,1,Small,Green
20260527100002060,3,Small,Green
20260527100002059,7,Big,Green
20260527100002058,8,Big,Red
20260527100002057,6,Big,Red
20260527100002056,8,Big,Red
20260527100002055,6,Big,Red
20260527100002054,3,Small,Green
20260527100002053,6,Big,Red
20260527100002052,0,Small,Red Violet
20260527100002051,4,Small,Red
20260527100002050,9,Big,Green
20260527100002049,8,Big,Red
20260527100002048,4,Small,Red
20260527100002047,9,Big,Green
20260527100002046,4,Small,Red
20260527100002045,4,Small,Red
20260527100002044,8,Big,Red
20260527100002043,6,Big,Red
20260527100002042,8,Big,Red
20260527100002041,9,Big,Green
20260527100002040,6,Big,Red
20260527100002039,9,Big,Green
20260527100002038,3,Small,Green
20260527100002037,8,Big,Red
20260527100002036,9,Big,Green
20260527100002035,3,Small,Green
20260527100002034,4,Small,Red
20260527100002033,5,Big,Green Violet
20260527100002032,2,Small,Red
20260527100002031,3,Small,Green
20260527100002030,9,Big,Green
20260527100002029,4,Small,Red
20260527100002028,5,Big,Green Violet
20260527100002027,5,Big,Green Violet
20260527100002026,5,Big,Green Violet
20260527100002025,7,Big,Green
20260527100002024,8,Big,Red
20260527100002023,9,Big,Green
20260527100002022,7,Big,Green
20260527100002021,3,Small,Green
20260527100002020,9,Big,Green
20260527100002019,7,Big,Green
20260527100002018,4,Small,Red
20260527100002017,3,Small,Green
20260527100002016,4,Small,Red
20260527100002015,5,Big,Green Violet
20260527100002014,7,Big,Green
20260527100002013,0,Small,Red Violet
20260527100002012,8,Big,Red
20260527100002011,8,Big,Red
20260527100002010,6,Big,Red
20260527100002009,9,Big,Green
20260527100002008,3,Small,Green
20260527100002007,2,Small,Red
20260527100002006,5,Big,Green Violet
20260527100002005,2,Small,Red
20260527100002004,8,Big,Red
20260527100002003,8,Big,Red
20260527100002002,2,Small,Red
20260527100002001,3,Small,Green
20260527100002000,5,Big,Green Violet
20260527100001999,3,Small,Green
20260527100001998,0,Small,Red Violet
20260527100001997,6,Big,Red
20260527100001996,7,Big,Green
20260527100001995,2,Small,Red
20260527100001994,2,Small,Red
20260527100001993,4,Small,Red
20260527100001992,9,Big,Green
20260527100001991,9,Big,Green
20260527100001990,9,Big,Green
20260527100001989,1,Small,Green
20260527100001988,8,Big,Red
20260527100001987,1,Small,Green
20260527100001986,2,Small,Red
20260527100001985,9,Big,Green
20260527100001984,2,Small,Red
20260527100001983,3,Small,Green
20260527100001982,3,Small,Green
20260527100001981,0,Small,Red Violet
20260527100001980,5,Big,Green Violet
20260527100001979,1,Small,Green
20260527100001978,0,Small,Red Violet
20260527100001977,1,Small,Green
20260527100001976,7,Big,Green
20260527100001975,9,Big,Green
20260527100001974,0,Small,Red Violet
20260527100001973,1,Small,Green
20260527100001972,8,Big,Red
20260527100001971,3,Small,Green
20260527100001970,5,Big,Green Violet
20260527100001969,8,Big,Red
20260527100001968,9,Big,Green
20260527100001967,7,Big,Green
20260527100001966,8,Big,Red
20260527100001965,6,Big,Red
20260527100001964,8,Big,Red
20260527100001963,3,Small,Green
20260527100001962,0,Small,Red Violet
20260527100001961,2,Small,Red
20260527100001960,3,Small,Green
20260527100001959,0,Small,Red Violet
20260527100001958,2,Small,Red
20260527100001957,9,Big,Green
20260527100001956,1,Small,Green
20260527100001955,1,Small,Green
20260527100001954,4,Small,Red
20260527100001953,2,Small,Red
20260527100001952,7,Big,Green
20260527100001951,2,Small,Red
20260527100001950,4,Small,Red
20260527100001949,5,Big,Green Violet
20260527100001948,7,Big,Green
20260527100001947,6,Big,Red
20260527100001946,5,Big,Green Violet
20260527100001945,6,Big,Red
20260527100001944,5,Big,Green Violet
20260527100001943,1,Small,Green
20260527100001942,7,Big,Green
20260527100001941,1,Small,Green
20260527100001940,2,Small,Red
20260527100001939,9,Big,Green
20260527100001938,7,Big,Green
20260527100001937,0,Small,Red Violet
20260527100001936,9,Big,Green
20260527100001935,6,Big,Red
20260527100001934,7,Big,Green
20260527100001933,2,Small,Red
20260527100001932,8,Big,Red
20260527100001931,8,Big,Red
20260527100001930,5,Big,Green Violet
20260527100001929,6,Big,Red
20260527100001928,4,Small,Red
20260527100001927,7,Big,Green
20260527100001926,2,Small,Red
20260527100001925,2,Small,Red
20260527100001924,1,Small,Green
20260527100001923,0,Small,Red Violet
20260527100001922,3,Small,Green
20260527100001921,9,Big,Green
20260527100001920,1,Small,Green
20260527100001919,0,Small,Red Violet
20260527100001918,7,Big,Green
20260527100001917,8,Big,Red
20260527100001916,6,Big,Red
20260527100001915,3,Small,Green
20260527100001914,4,Small,Red
20260527100001913,9,Big,Green
20260527100001912,9,Big,Green
20260527100001911,3,Small,Green
20260527100001910,2,Small,Red
20260527100001909,1,Small,Green
20260527100001908,3,Small,Green
20260527100001907,5,Big,Green Violet
20260527100001906,9,Big,Green
20260527100001905,6,Big,Red
20260527100001904,4,Small,Red
20260527100001903,5,Big,Green Violet
20260527100001902,2,Small,Red
20260527100001901,5,Big,Green Violet
20260527100001900,9,Big,Green
20260527100001899,7,Big,Green
20260527100001898,0,Small,Red Violet
20260527100001897,1,Small,Green
20260527100001896,1,Small,Green
20260527100001895,5,Big,Green Violet
20260527100001894,4,Small,Red
20260527100001893,4,Small,Red
20260527100001892,8,Big,Red
20260527100001891,9,Big,Green
20260527100001890,7,Big,Green
20260527100001889,6,Big,Red
20260527100001888,5,Big,Green Violet
20260527100001887,9,Big,Green
20260527100001886,5,Big,Green Violet
20260527100001885,4,Small,Red
20260527100001884,2,Small,Red
20260527100001883,7,Big,Green
20260527100001882,2,Small,Red
20260527100001881,6,Big,Red
20260527100001880,3,Small,Green
20260527100001879,7,Big,Green
20260527100001878,0,Small,Red Violet
20260527100001877,6,Big,Red
20260527100001876,9,Big,Green
20260527100001875,6,Big,Red
20260527100001874,6,Big,Red
20260527100001873,1,Small,Green
20260527100001872,0,Small,Red Violet
20260527100001871,5,Big,Green Violet
20260527100001870,6,Big,Red
20260527100001869,2,Small,Red
20260527100001868,2,Small,Red
20260527100001867,7,Big,Green
20260527100001866,7,Big,Green
20260527100001865,5,Big,Green Violet
20260527100001864,0,Small,Red Violet
20260527100001863,0,Small,Red Violet
20260527100001862,9,Big,Green
20260527100001861,2,Small,Red
20260527100001860,7,Big,Green
20260527100001859,8,Big,Red
20260527100001858,7,Big,Green
20260527100001857,5,Big,Green Violet
20260527100001856,9,Big,Green
20260527100001855,8,Big,Red
20260527100001854,1,Small,Green
20260527100001853,3,Small,Green
20260527100001852,8,Big,Red
20260527100001851,8,Big,Red
20260527100001850,0,Small,Red Violet
20260527100001849,3,Small,Green
20260527100001848,2,Small,Red
20260527100001847,0,Small,Red Violet
20260527100001846,0,Small,Red Violet
20260527100001845,9,Big,Green
20260527100001844,1,Small,Green
20260527100001843,1,Small,Green
20260527100001842,2,Small,Red
20260527100001841,2,Small,Red
20260527100001840,6,Big,Red
20260527100001839,5,Big,Green Violet
20260527100001838,4,Small,Red
20260527100001837,8,Big,Red
20260527100001836,5,Big,Green Violet
20260527100001835,7,Big,Green
20260527100001834,4,Small,Red
20260527100001833,5,Big,Green Violet
20260527100001832,1,Small,Green
20260527100001831,7,Big,Green
20260527100001830,9,Big,Green
20260527100001829,5,Big,Green Violet
20260527100001828,9,Big,Green
20260527100001827,1,Small,Green
20260527100001826,5,Big,Green Violet
20260527100001825,8,Big,Red
20260527100001824,7,Big,Green
20260527100001823,1,Small,Green
20260527100001822,4,Small,Red
20260527100001821,5,Big,Green Violet
20260527100001820,0,Small,Red Violet
20260527100001819,0,Small,Red Violet
20260527100001818,2,Small,Red
20260527100001817,3,Small,Green
20260527100001816,9,Big,Green
20260527100001815,7,Big,Green
20260527100001814,5,Big,Green Violet
20260527100001813,1,Small,Green
20260527100001812,5,Big,Green Violet
20260527100001811,3,Small,Green
20260527100001810,4,Small,Red
20260527100001809,0,Small,Red Violet
20260527100001808,9,Big,Green
20260527100001807,6,Big,Red
20260527100001806,0,Small,Red Violet
20260527100001805,5,Big,Green Violet
20260527100001804,6,Big,Red
20260527100001803,3,Small,Green
20260527100001802,9,Big,Green
20260527100001801,3,Small,Green
20260527100001800,1,Small,Green
20260527100001799,8,Big,Red
20260527100001798,5,Big,Green Violet
20260527100001797,4,Small,Red
20260527100001796,7,Big,Green
20260527100001795,9,Big,Green
20260527100001794,3,Small,Green
20260527100001793,9,Big,Green
20260527100001792,9,Big,Green
20260527100001791,5,Big,Green Violet
20260527100001790,0,Small,Red Violet
20260527100001789,7,Big,Green
20260527100001788,6,Big,Red
20260527100001787,5,Big,Green Violet
20260527100001786,5,Big,Green Violet
20260527100001785,8,Big,Red
20260527100001784,7,Big,Green
20260527100001783,0,Small,Red Violet
20260527100001782,7,Big,Green
20260527100001781,9,Big,Green
20260527100001780,7,Big,Green
20260527100001779,4,Small,Red
20260527100001778,7,Big,Green
20260527100001777,3,Small,Green
20260527100001776,0,Small,Red Violet
20260527100001775,7,Big,Green
20260527100001774,3,Small,Green
20260527100001773,4,Small,Red
20260527100001772,9,Big,Green
20260527100001771,0,Small,Red Violet
20260527100001770,7,Big,Green
20260527100001769,7,Big,Green
20260527100001768,8,Big,Red
20260527100001767,4,Small,Red
20260527100001766,7,Big,Green
20260527100001765,4,Small,Red
20260527100001764,6,Big,Red
20260527100001763,7,Big,Green
20260527100001762,4,Small,Red
20260527100001761,6,Big,Red
20260527100001760,5,Big,Green Violet
20260527100001759,3,Small,Green
20260527100001758,9,Big,Green
20260527100001757,9,Big,Green
20260527100001756,8,Big,Red
20260527100001755,4,Small,Red
20260527100001754,1,Small,Green
20260527100001753,4,Small,Red
20260527100001752,4,Small,Red
20260527100001751,5,Big,Green Violet
20260527100001750,7,Big,Green
20260527100001749,4,Small,Red
20260527100001748,8,Big,Red
20260527100001747,8,Big,Red
20260527100001746,9,Big,Green
20260527100001745,4,Small,Red
20260527100001744,4,Small,Red
20260527100001743,7,Big,Green
20260527100001742,0,Small,Red Violet
20260527100001741,7,Big,Green
20260527100001740,2,Small,Red
20260527100001739,5,Big,Green Violet
20260527100001738,5,Big,Green Violet
20260527100001737,2,Small,Red
20260527100001736,9,Big,Green
20260527100001735,0,Small,Red Violet
20260527100001734,3,Small,Green
20260527100001733,7,Big,Green
20260527100001732,2,Small,Red
20260527100001731,9,Big,Green
20260527100001730,9,Big,Green
20260527100001729,6,Big,Red
20260527100001728,0,Small,Red Violet
20260527100001727,2,Small,Red
20260527100001726,7,Big,Green
20260527100001725,8,Big,Red
20260527100001724,3,Small,Green
20260527100001723,2,Small,Red
20260527100001722,2,Small,Red
20260527100001721,3,Small,Green
20260527100001720,6,Big,Red
20260527100001719,4,Small,Red
20260527100001718,2,Small,Red
20260527100001717,6,Big,Red
20260527100001716,2,Small,Red
20260527100001715,4,Small,Red
20260527100001714,4,Small,Red
20260527100001713,4,Small,Red
20260527100001712,7,Big,Green
20260527100001711,5,Big,Green Violet
20260527100001710,0,Small,Red Violet
20260527100001709,7,Big,Green
20260527100001708,3,Small,Green
20260527100001707,3,Small,Green
20260527100001706,0,Small,Red Violet
20260527100001705,0,Small,Red Violet
20260527100001704,4,Small,Red
20260527100001703,5,Big,Green Violet
20260527100001702,4,Small,Red
20260527100001701,6,Big,Red
20260527100001700,2,Small,Red
20260527100001699,0,Small,Red Violet
20260527100001698,5,Big,Green Violet
20260527100001697,3,Small,Green
20260527100001696,9,Big,Green
20260527100001695,6,Big,Red
20260527100001694,2,Small,Red
20260527100001693,0,Small,Red Violet
20260527100001692,9,Big,Green
20260527100001691,5,Big,Green Violet
20260527100001690,4,Small,Red
20260527100001689,7,Big,Green
20260527100001688,5,Big,Green Violet
20260527100001687,6,Big,Red
20260527100001686,8,Big,Red
20260527100001685,5,Big,Green Violet
20260527100001684,0,Small,Red Violet
20260527100001683,3,Small,Green
20260527100001682,3,Small,Green
20260527100001681,2,Small,Red
20260527100001680,7,Big,Green
20260527100001679,2,Small,Red
20260527100001678,4,Small,Red
20260527100001677,0,Small,Red Violet
20260527100001676,3,Small,Green
20260527100001675,5,Big,Green Violet
20260527100001674,8,Big,Red
20260527100001673,5,Big,Green Violet
20260527100001672,3,Small,Green
20260527100001671,6,Big,Red
20260527100001670,5,Big,Green Violet
20260527100001669,5,Big,Green Violet
20260527100001668,5,Big,Green Violet
20260527100001667,0,Small,Red Violet
20260527100001666,4,Small,Red
20260527100001665,2,Small,Red
20260527100001664,7,Big,Green
20260527100001663,3,Small,Green
20260527100001662,5,Big,Green Violet
20260527100001661,0,Small,Red Violet
20260527100001660,0,Small,Red Violet
20260527100001659,6,Big,Red
20260527100001658,3,Small,Green
20260527100001657,4,Small,Red
20260527100001656,6,Big,Red
20260527100001655,0,Small,Red Violet
20260527100001654,5,Big,Green Violet
20260527100001653,6,Big,Red
20260527100001652,8,Big,Red
20260527100001651,7,Big,Green
20260527100001650,5,Big,Green Violet
20260527100001649,6,Big,Red
20260527100001648,1,Small,Green
20260527100001647,4,Small,Red
20260527100001646,2,Small,Red
20260527100001645,0,Small,Red Violet
20260527100001644,2,Small,Red
20260527100001643,4,Small,Red
20260527100001642,0,Small,Red Violet
20260527100001641,7,Big,Green
20260527100001640,9,Big,Green
20260527100001639,0,Small,Red Violet
20260527100001638,5,Big,Green Violet
20260527100001637,9,Big,Green
20260527100001636,8,Big,Red
20260527100001635,1,Small,Green
20260527100001634,2,Small,Red
20260527100001633,0,Small,Red Violet
20260527100001632,6,Big,Red
20260527100001631,7,Big,Green
20260527100001630,6,Big,Red
20260527100001629,3,Small,Green
20260527100001628,9,Big,Green
20260527100001627,0,Small,Red Violet
20260527100001626,4,Small,Red
20260527100001625,3,Small,Green
20260527100001624,4,Small,Red
20260527100001623,4,Small,Red
20260527100001622,5,Big,Green Violet
20260527100001621,5,Big,Green Violet
20260527100001620,8,Big,Red
20260527100001619,0,Small,Red Violet
20260527100001618,9,Big,Green
20260527100001617,9,Big,Green
20260527100001616,7,Big,Green
20260527100001615,7,Big,Green
20260527100001614,2,Small,Red
20260527100001613,2,Small,Red
20260527100001612,2,Small,Red
20260527100001611,4,Small,Red
20260527100001610,7,Big,Green
20260527100001609,8,Big,Red
20260527100001608,8,Big,Red
20260527100001607,0,Small,Red Violet
20260527100001606,6,Big,Red
20260527100001605,9,Big,Green
20260527100001604,3,Small,Green
20260527100001603,8,Big,Red
20260527100001602,8,Big,Red
20260527100001601,2,Small,Red
20260527100001600,3,Small,Green
20260527100001599,3,Small,Green
20260527100001598,9,Big,Green
20260527100001597,5,Big,Green Violet
20260527100001596,6,Big,Red
20260527100001595,9,Big,Green
20260527100001594,0,Small,Red Violet
20260527100001593,8,Big,Red
20260527100001592,6,Big,Red
20260527100001591,8,Big,Red
20260527100001590,7,Big,Green
20260527100001589,7,Big,Green
20260527100001588,4,Small,Red
20260527100001587,3,Small,Green
20260527100001586,1,Small,Green
20260527100001585,7,Big,Green
20260527100001584,9,Big,Green
20260527100001583,6,Big,Red
20260527100001582,0,Small,Red Violet
20260527100001581,4,Small,Red
20260527100001580,8,Big,Red
20260527100001579,3,Small,Green
20260527100001578,3,Small,Green
20260527100001577,1,Small,Green
20260527100001576,5,Big,Green Violet
20260527100001575,4,Small,Red
20260527100001574,3,Small,Green
20260527100001573,2,Small,Red
20260527100001572,2,Small,Red
20260527100001571,7,Big,Green
20260527100001570,7,Big,Green
20260527100001569,0,Small,Red Violet
20260527100001568,2,Small,Red
20260527100001567,3,Small,Green
20260527100001566,2,Small,Red
20260527100001565,8,Big,Red
20260527100001564,9,Big,Green
20260527100001563,2,Small,Red
20260527100001562,2,Small,Red
20260527100001561,4,Small,Red
20260527100001560,6,Big,Red
20260527100001559,0,Small,Red Violet
20260527100001558,0,Small,Red Violet
20260527100001557,5,Big,Green Violet
20260527100001556,1,Small,Green
20260527100001555,2,Small,Red
20260527100001554,9,Big,Green
20260527100001553,7,Big,Green
20260527100001552,7,Big,Green
20260527100001551,9,Big,Green
20260527100001550,7,Big,Green
20260527100001549,5,Big,Green Violet
20260527100001548,8,Big,Red
20260527100001547,9,Big,Green
20260527100001546,6,Big,Red
20260527100001545,3,Small,Green
20260527100001544,6,Big,Red
20260527100001543,9,Big,Green
20260527100001542,6,Big,Red
20260527100001541,3,Small,Green
20260527100001540,8,Big,Red
20260527100001539,4,Small,Red
20260527100001538,8,Big,Red
20260527100001537,8,Big,Red
20260527100001536,6,Big,Red
20260527100001535,4,Small,Red
20260527100001534,0,Small,Red Violet
20260527100001533,8,Big,Red
20260527100001532,8,Big,Red
20260527100001531,1,Small,Green
20260527100001530,3,Small,Green
20260527100001529,4,Small,Red
20260527100001528,0,Small,Red Violet
20260527100001527,7,Big,Green
20260527100001526,3,Small,Green
20260527100001525,7,Big,Green
20260527100001524,7,Big,Green
20260527100001523,5,Big,Green Violet
20260527100001522,0,Small,Red Violet
20260527100001521,4,Small,Red
20260527100001520,5,Big,Green Violet
20260527100001519,4,Small,Red
20260527100001518,9,Big,Green
20260527100001517,6,Big,Red
20260527100001516,0,Small,Red Violet
20260527100001515,6,Big,Red
20260527100001514,9,Big,Green
20260527100001513,6,Big,Red
20260527100001512,1,Small,Green
20260527100001511,1,Small,Green
20260527100001510,8,Big,Red
20260527100001509,2,Small,Red
20260527100001508,2,Small,Red
20260527100001507,9,Big,Green
20260527100001506,9,Big,Green
20260527100001505,5,Big,Green Violet
20260527100001504,0,Small,Red Violet
20260527100001503,6,Big,Red
20260527100001502,3,Small,Green
20260527100001501,8,Big,Red
20260527100001500,6,Big,Red
20260527100001499,0,Small,Red Violet
20260527100001498,4,Small,Red
20260527100001497,3,Small,Green
20260527100001496,7,Big,Green
20260527100001495,5,Big,Green Violet
20260527100001494,6,Big,Red
20260527100001493,6,Big,Red
20260527100001492,1,Small,Green
20260527100001491,3,Small,Green
20260527100001490,2,Small,Red
20260527100001489,5,Big,Green Violet
20260527100001488,9,Big,Green
20260527100001487,5,Big,Green Violet
20260527100001486,8,Big,Red
20260527100001485,4,Small,Red
20260527100001484,9,Big,Green
20260527100001483,5,Big,Green Violet
20260527100001482,2,Small,Red
20260527100001481,9,Big,Green
20260527100001480,3,Small,Green
20260527100001479,8,Big,Red
20260527100001478,7,Big,Green
20260527100001477,0,Small,Red Violet
20260527100001476,1,Small,Green
20260527100001475,3,Small,Green
20260527100001474,3,Small,Green
20260527100001473,5,Big,Green Violet
20260527100001472,5,Big,Green Violet
20260527100001471,5,Big,Green Violet
20260527100001470,6,Big,Red
20260527100001469,5,Big,Green Violet
20260527100001468,1,Small,Green
20260527100001467,0,Small,Red Violet
20260527100001466,4,Small,Red
20260527100001465,9,Big,Green
20260527100001464,5,Big,Green Violet
20260527100001463,4,Small,Red
20260527100001462,0,Small,Red Violet
20260527100001461,2,Small,Red
20260527100001460,0,Small,Red Violet
20260527100001459,4,Small,Red
20260527100001458,8,Big,Red
20260527100001457,6,Big,Red
20260527100001456,0,Small,Red Violet
20260527100001455,7,Big,Green
20260527100001454,9,Big,Green
20260527100001453,6,Big,Red
20260527100001452,2,Small,Red
20260527100001451,1,Small,Green
20260527100001450,1,Small,Green
20260527100001449,0,Small,Red Violet
20260527100001448,3,Small,Green
20260527100001447,7,Big,Green
20260527100001446,8,Big,Red
20260527100001445,4,Small,Red
20260527100001444,3,Small,Green
20260527100001443,9,Big,Green
20260527100001442,8,Big,Red
20260527100001441,7,Big,Green
20260527100001440,3,Small,Green
20260527100001439,1,Small,Green
20260527100001438,9,Big,Green
20260527100001437,9,Big,Green
20260527100001436,2,Small,Red
20260527100001435,8,Big,Red
20260527100001434,0,Small,Red Violet
20260527100001433,2,Small,Red
20260527100001432,2,Small,Red
20260527100001431,5,Big,Green Violet
20260527100001430,3,Small,Green
20260527100001429,0,Small,Red Violet
20260527100001428,7,Big,Green
20260527100001427,2,Small,Red
20260527100001426,8,Big,Red
20260527100001425,9,Big,Green
20260527100001424,3,Small,Green
20260527100001423,7,Big,Green
20260527100001422,2,Small,Red
20260527100001421,8,Big,Red
20260527100001420,2,Small,Red
20260527100001419,1,Small,Green
20260527100001418,1,Small,Green
20260527100001417,1,Small,Green
20260527100001416,9,Big,Green
20260527100001415,1,Small,Green
20260527100001414,6,Big,Red
20260527100001413,5,Big,Green Violet
20260527100001412,0,Small,Red Violet
20260527100001411,7,Big,Green
20260527100001410,9,Big,Green
20260527100001409,6,Big,Red
20260527100001408,4,Small,Red
20260527100001407,2,Small,Red
20260527100001406,1,Small,Green
20260527100001405,4,Small,Red
20260527100001404,7,Big,Green
20260527100001403,8,Big,Red
20260527100001402,4,Small,Red
20260527100001401,2,Small,Red
20260527100001400,3,Small,Green
20260527100001399,1,Small,Green
20260527100001398,0,Small,Red Violet
20260527100001397,9,Big,Green
20260527100001396,7,Big,Green
20260527100001395,8,Big,Red
20260527100001394,3,Small,Green
20260527100001393,2,Small,Red
20260527100001392,3,Small,Green
20260527100001391,6,Big,Red
20260527100001390,0,Small,Red Violet
20260527100001389,9,Big,Green
20260527100001388,0,Small,Red Violet
20260527100001387,9,Big,Green
20260527100001386,6,Big,Red
20260527100001385,1,Small,Green
20260527100001384,2,Small,Red
20260527100001383,0,Small,Red Violet
20260527100001382,9,Big,Green
20260527100001381,8,Big,Red
20260527100001380,2,Small,Red
20260527100001379,9,Big,Green
20260527100001378,5,Big,Green Violet
20260527100001377,0,Small,Red Violet
20260527100001376,7,Big,Green
20260527100001375,8,Big,Red
20260527100001374,0,Small,Red Violet
20260527100001373,1,Small,Green
20260527100001372,7,Big,Green
20260527100001371,2,Small,Red
20260527100001370,3,Small,Green
20260527100001369,8,Big,Red
20260527100001368,9,Big,Green
20260527100001367,9,Big,Green
20260527100001366,7,Big,Green
20260527100001365,5,Big,Green Violet
20260527100001364,9,Big,Green
20260527100001363,6,Big,Red
20260527100001362,0,Small,Red Violet
20260527100001361,8,Big,Red
20260527100001360,8,Big,Red
20260527100001359,3,Small,Green
20260527100001358,9,Big,Green
20260527100001357,4,Small,Red
20260527100001356,3,Small,Green
20260527100001355,3,Small,Green
20260527100001354,6,Big,Red
20260527100001353,1,Small,Green
20260527100001352,4,Small,Red
20260527100001351,4,Small,Red
20260527100001350,0,Small,Red Violet
20260527100001349,2,Small,Red
20260527100001348,1,Small,Green
20260527100001347,3,Small,Green
20260527100001346,1,Small,Green
20260527100001345,7,Big,Green
20260527100001344,3,Small,Green
20260527100001343,4,Small,Red
20260527100001342,9,Big,Green
20260527100001341,4,Small,Red
20260527100001340,0,Small,Red Violet
20260527100001339,8,Big,Red
20260527100001338,6,Big,Red
20260527100001337,2,Small,Red
20260527100001336,8,Big,Red
20260527100001335,8,Big,Red
20260527100001334,8,Big,Red
20260527100001333,6,Big,Red
20260527100001332,0,Small,Red Violet
20260527100001331,3,Small,Green
20260527100001330,9,Big,Green
20260527100001329,9,Big,Green
20260527100001328,1,Small,Green
20260527100001327,0,Small,Red Violet
20260527100001326,3,Small,Green
20260527100001325,1,Small,Green
20260527100001324,6,Big,Red
20260527100001323,3,Small,Green
20260527100001322,0,Small,Red Violet
20260527100001321,5,Big,Green Violet
20260527100001320,6,Big,Red
20260527100001319,3,Small,Green
20260527100001318,5,Big,Green Violet
20260527100001317,7,Big,Green
20260527100001316,5,Big,Green Violet
20260527100001315,2,Small,Red
20260527100001314,1,Small,Green
20260527100001313,6,Big,Red
20260527100001312,3,Small,Green
20260527100001311,3,Small,Green
20260527100001310,6,Big,Red
20260527100001309,6,Big,Red
20260527100001308,2,Small,Red
20260527100001307,7,Big,Green
20260527100001306,1,Small,Green
20260527100001305,6,Big,Red
20260527100001304,6,Big,Red
20260527100001303,3,Small,Green
20260527100001302,6,Big,Red
20260527100001301,8,Big,Red
20260527100001300,4,Small,Red
20260527100001299,4,Small,Red
20260527100001298,7,Big,Green
20260527100001297,4,Small,Red
20260527100001296,9,Big,Green
20260527100001295,2,Small,Red
20260527100001294,3,Small,Green
20260527100001293,1,Small,Green
20260527100001292,3,Small,Green
20260527100001291,1,Small,Green
20260527100001290,0,Small,Red Violet
20260527100001289,6,Big,Red
20260527100001288,9,Big,Green
20260527100001287,6,Big,Red
20260527100001286,0,Small,Red Violet
20260527100001285,8,Big,Red
20260527100001284,0,Small,Red Violet
20260527100001283,0,Small,Red Violet
20260527100001282,1,Small,Green
20260527100001281,1,Small,Green
20260527100001280,3,Small,Green
20260527100001279,2,Small,Red
20260527100001278,4,Small,Red
20260527100001277,8,Big,Red
20260527100001276,6,Big,Red
20260527100001275,0,Small,Red Violet
20260527100001274,8,Big,Red
20260527100001273,0,Small,Red Violet
20260527100001272,4,Small,Red
20260527100001271,6,Big,Red
20260527100001270,2,Small,Red
20260527100001269,3,Small,Green
20260527100001268,8,Big,Red
20260527100001267,5,Big,Green Violet
20260527100001266,1,Small,Green
20260527100001265,2,Small,Red
20260527100001264,8,Big,Red
20260527100001263,4,Small,Red
20260527100001262,3,Small,Green
20260527100001261,1,Small,Green
20260527100001260,0,Small,Red Violet
20260527100001259,3,Small,Green
20260527100001258,6,Big,Red
20260527100001257,7,Big,Green
20260527100001256,7,Big,Green
20260527100001255,0,Small,Red Violet
20260527100001254,9,Big,Green
20260527100001253,2,Small,Red
20260527100001252,4,Small,Red
20260527100001251,4,Small,Red
20260527100001250,5,Big,Green Violet
20260527100001249,0,Small,Red Violet
20260527100001248,8,Big,Red
20260527100001247,0,Small,Red Violet
20260527100001246,5,Big,Green Violet
20260527100001245,5,Big,Green Violet
20260527100001244,2,Small,Red
20260527100001243,0,Small,Red Violet
20260527100001242,8,Big,Red
20260527100001241,6,Big,Red
20260527100001240,9,Big,Green
20260527100001239,4,Small,Red
20260527100001238,3,Small,Green
20260527100001237,0,Small,Red Violet
20260527100001236,8,Big,Red
20260527100001235,1,Small,Green
20260527100001234,2,Small,Red
20260527100001233,5,Big,Green Violet
20260527100001232,8,Big,Red
20260527100001231,9,Big,Green
20260527100001230,0,Small,Red Violet
20260527100001229,0,Small,Red Violet
20260527100001228,1,Small,Green
20260527100001227,8,Big,Red
20260527100001226,5,Big,Green Violet
20260527100001225,9,Big,Green
20260527100001224,7,Big,Green
20260527100001223,8,Big,Red
20260527100001222,7,Big,Green
20260527100001221,8,Big,Red
20260527100001220,8,Big,Red
20260527100001219,9,Big,Green
20260527100001218,7,Big,Green
20260527100001217,0,Small,Red Violet
20260527100001216,2,Small,Red
20260527100001215,1,Small,Green
20260527100001214,1,Small,Green
20260527100001213,8,Big,Red
20260527100001212,5,Big,Green Violet
20260527100001211,8,Big,Red
20260527100001210,8,Big,Red
20260527100001209,3,Small,Green
20260527100001208,6,Big,Red
20260527100001207,6,Big,Red
20260527100001206,1,Small,Green
20260527100001205,6,Big,Red
20260527100001204,1,Small,Green
20260527100001203,9,Big,Green
20260527100001202,5,Big,Green Violet
20260527100001201,2,Small,Red
20260527100001200,7,Big,Green
20260527100001199,6,Big,Red
20260527100001198,1,Small,Green
20260527100001197,8,Big,Red
20260527100001196,0,Small,Red Violet
20260527100001195,1,Small,Green
20260527100001194,9,Big,Green
20260527100001193,0,Small,Red Violet
20260527100001192,4,Small,Red
20260527100001191,3,Small,Green
20260527100001190,9,Big,Green
20260527100001189,1,Small,Green
20260527100001188,3,Small,Green
20260527100001187,7,Big,Green
20260527100001186,7,Big,Green
20260527100001185,7,Big,Green
20260527100001184,3,Small,Green
20260527100001183,5,Big,Green Violet
20260527100001182,3,Small,Green
20260527100001181,5,Big,Green Violet
20260527100001180,7,Big,Green
20260527100001179,6,Big,Red
20260527100001178,6,Big,Red
20260527100001177,3,Small,Green
20260527100001176,6,Big,Red
20260527100001175,2,Small,Red
20260527100001174,2,Small,Red
20260527100001173,9,Big,Green
20260527100001172,4,Small,Red
20260527100001171,8,Big,Red
20260527100001170,0,Small,Red Violet
20260527100001169,6,Big,Red
20260527100001168,4,Small,Red
20260527100001167,8,Big,Red
20260527100001166,3,Small,Green
20260527100001165,9,Big,Green
20260527100001164,7,Big,Green
20260527100001163,0,Small,Red Violet
20260527100001162,6,Big,Red
20260527100001161,1,Small,Green
20260527100001160,9,Big,Green
20260527100001159,6,Big,Red
20260527100001158,3,Small,Green
20260527100001157,5,Big,Green Violet
20260527100001156,0,Small,Red Violet
20260527100001155,0,Small,Red Violet
20260527100001154,9,Big,Green
20260527100001153,2,Small,Red
20260527100001152,5,Big,Green Violet
20260527100001151,5,Big,Green Violet
20260527100001150,4,Small,Red
20260527100001149,2,Small,Red
20260527100001148,8,Big,Red
20260527100001147,4,Small,Red
20260527100001146,6,Big,Red
20260527100001145,2,Small,Red
20260527100001144,5,Big,Green Violet
20260527100001143,0,Small,Red Violet
20260527100001142,8,Big,Red
20260527100001141,1,Small,Green
20260527100001140,7,Big,Green
20260527100001139,3,Small,Green
20260527100001138,4,Small,Red
20260527100001137,6,Big,Red
20260527100001136,0,Small,Red Violet
20260527100001135,0,Small,Red Violet
20260527100001134,9,Big,Green
20260527100001133,3,Small,Green
20260527100001132,0,Small,Red Violet
20260527100001131,8,Big,Red
20260527100001130,4,Small,Red
20260527100001129,3,Small,Green
20260527100001128,8,Big,Red
20260527100001127,5,Big,Green Violet
20260527100001126,5,Big,Green Violet
20260527100001125,0,Small,Red Violet
20260527100001124,0,Small,Red Violet
20260527100001123,3,Small,Green
20260527100001122,5,Big,Green Violet
20260527100001121,9,Big,Green
20260527100001120,1,Small,Green
20260527100001119,9,Big,Green
20260527100001118,1,Small,Green
20260527100001117,9,Big,Green
20260527100001116,1,Small,Green
20260527100001115,5,Big,Green Violet
20260527100001114,9,Big,Green
20260527100001113,0,Small,Red Violet
20260527100001112,0,Small,Red Violet
20260527100001111,4,Small,Red
20260527100001110,8,Big,Red
20260527100001109,0,Small,Red Violet
20260527100001108,8,Big,Red
20260527100001107,8,Big,Red
20260527100001106,6,Big,Red
20260527100001105,5,Big,Green Violet
20260527100001104,6,Big,Red
20260527100001103,7,Big,Green
20260527100001102,3,Small,Green
20260527100001101,0,Small,Red Violet
20260527100001100,1,Small,Green
20260527100001099,0,Small,Red Violet
20260527100001098,3,Small,Green
20260527100001097,5,Big,Green Violet
20260527100001096,5,Big,Green Violet
20260527100001095,9,Big,Green
20260527100001094,1,Small,Green
20260527100001093,1,Small,Green
20260527100001092,1,Small,Green
20260527100001091,8,Big,Red
20260527100001090,3,Small,Green
20260527100001089,2,Small,Red
20260527100001088,6,Big,Red
20260527100001087,3,Small,Green
20260527100001086,7,Big,Green
20260527100001085,2,Small,Red
20260527100001084,5,Big,Green Violet
20260527100001083,9,Big,Green
20260527100001082,7,Big,Green
20260527100001081,4,Small,Red
20260527100001080,9,Big,Green
20260527100001079,2,Small,Red
20260527100001078,8,Big,Red
20260527100001077,8,Big,Red
20260527100001076,5,Big,Green Violet
20260527100001075,2,Small,Red
20260527100001074,3,Small,Green
20260527100001073,1,Small,Green
20260527100001072,6,Big,Red
20260527100001071,5,Big,Green Violet
20260527100001070,7,Big,Green
20260527100001069,7,Big,Green
20260527100001068,2,Small,Red
20260527100001067,2,Small,Red
20260527100001066,7,Big,Green
20260527100001065,0,Small,Red Violet
20260527100001064,9,Big,Green
20260527100001063,0,Small,Red Violet
20260527100001062,2,Small,Red
20260527100001061,2,Small,Red
20260527100001060,4,Small,Red
20260527100001059,6,Big,Red
20260527100001058,9,Big,Green
20260527100001057,9,Big,Green
20260527100001056,1,Small,Green
20260527100001055,7,Big,Green
20260527100001054,7,Big,Green
20260527100001053,6,Big,Red
20260527100001052,2,Small,Red
20260527100001051,2,Small,Red
20260527100001050,8,Big,Red
20260527100001049,7,Big,Green
20260527100001048,1,Small,Green
20260527100001047,8,Big,Red
20260527100001046,6,Big,Red
20260527100001045,4,Small,Red
20260527100001044,1,Small,Green
20260527100001043,1,Small,Green
20260527100001042,4,Small,Red
20260527100001041,8,Big,Red
20260527100001040,1,Small,Green
20260527100001039,0,Small,Red Violet
20260527100001038,0,Small,Red Violet
20260527100001037,5,Big,Green Violet
20260527100001036,8,Big,Red
20260527100001035,7,Big,Green
20260527100001034,5,Big,Green Violet
20260527100001033,6,Big,Red
20260527100001032,3,Small,Green
20260527100001031,1,Small,Green
20260527100001030,3,Small,Green
20260527100001029,7,Big,Green
20260527100001028,9,Big,Green
20260527100001027,2,Small,Red
20260527100001026,0,Small,Red Violet
20260527100001025,1,Small,Green
20260527100001024,0,Small,Red Violet
20260527100001023,4,Small,Red
20260527100001022,5,Big,Green Violet
20260527100001021,9,Big,Green
20260527100001020,9,Big,Green
20260527100001019,4,Small,Red
20260527100001018,2,Small,Red
20260527100001017,6,Big,Red
20260527100001016,5,Big,Green Violet
20260527100001015,7,Big,Green
20260527100001014,6,Big,Red
20260527100001013,5,Big,Green Violet
20260527100001012,5,Big,Green Violet
20260527100001011,1,Small,Green
20260527100001010,9,Big,Green
20260527100001009,8,Big,Red
20260527100001008,8,Big,Red
20260527100001007,1,Small,Green
20260527100001006,1,Small,Green
20260527100001005,8,Big,Red
20260527100001004,9,Big,Green
20260527100001003,5,Big,Green Violet
20260527100001002,7,Big,Green
20260527100001001,5,Big,Green Violet
20260527100001000,7,Big,Green
20260527100000999,0,Small,Red Violet
20260527100000998,2,Small,Red
20260527100000997,2,Small,Red
20260527100000996,9,Big,Green
20260527100000995,3,Small,Green
20260527100000994,7,Big,Green
20260527100000993,9,Big,Green
20260527100000992,3,Small,Green
20260527100000991,5,Big,Green Violet
20260527100000990,7,Big,Green
20260527100000989,1,Small,Green
20260527100000988,8,Big,Red
20260527100000987,2,Small,Red
20260527100000986,5,Big,Green Violet
20260527100000985,5,Big,Green Violet
20260527100000984,0,Small,Red Violet
20260527100000983,5,Big,Green Violet
20260527100000982,1,Small,Green
20260527100000981,4,Small,Red
20260527100000980,3,Small,Green
20260527100000979,2,Small,Red
20260527100000978,2,Small,Red
20260527100000977,9,Big,Green
20260527100000976,0,Small,Red Violet
20260527100000975,3,Small,Green
20260527100000974,3,Small,Green
20260527100000973,9,Big,Green
20260527100000972,7,Big,Green
20260527100000971,0,Small,Red Violet
20260527100000970,0,Small,Red Violet
20260527100000969,1,Small,Green
20260527100000968,6,Big,Red
20260527100000967,4,Small,Red
20260527100000966,4,Small,Red
20260527100000965,0,Small,Red Violet
20260527100000964,4,Small,Red
20260527100000963,0,Small,Red Violet
20260527100000962,9,Big,Green
20260527100000961,2,Small,Red
20260527100000960,7,Big,Green
20260527100000959,2,Small,Red
20260527100000958,8,Big,Red
20260527100000957,0,Small,Red Violet
20260527100000956,4,Small,Red
20260527100000955,9,Big,Green
20260527100000954,1,Small,Green
20260527100000953,0,Small,Red Violet
20260527100000952,9,Big,Green
20260527100000951,4,Small,Red
20260527100000950,4,Small,Red
20260527100000949,5,Big,Green Violet
20260527100000948,6,Big,Red
20260527100000947,4,Small,Red
20260527100000946,5,Big,Green Violet
20260527100000945,4,Small,Red
20260527100000944,8,Big,Red
20260527100000943,3,Small,Green
20260527100000942,2,Small,Red
20260527100000941,2,Small,Red
20260527100000940,6,Big,Red
20260527100000939,7,Big,Green
20260527100000938,9,Big,Green
20260527100000937,3,Small,Green
20260527100000936,7,Big,Green
20260527100000935,0,Small,Red Violet
20260527100000934,1,Small,Green
20260527100000933,6,Big,Red
20260527100000932,1,Small,Green
20260527100000931,2,Small,Red
20260527100000930,1,Small,Green
20260527100000929,2,Small,Red
20260527100000928,4,Small,Red
20260527100000927,0,Small,Red Violet
20260527100000926,6,Big,Red
20260527100000925,7,Big,Green
20260527100000924,0,Small,Red Violet
20260527100000923,2,Small,Red
20260527100000922,8,Big,Red
20260527100000921,2,Small,Red
20260527100000920,6,Big,Red
20260527100000919,2,Small,Red
20260527100000918,1,Small,Green
20260527100000917,5,Big,Green Violet
20260527100000916,7,Big,Green
20260527100000915,4,Small,Red
20260527100000914,0,Small,Red Violet
20260527100000913,6,Big,Red
20260527100000912,2,Small,Red
20260527100000911,9,Big,Green
20260527100000910,0,Small,Red Violet
20260527100000909,8,Big,Red
20260527100000908,8,Big,Red
20260527100000907,6,Big,Red
20260527100000906,9,Big,Green
20260527100000905,2,Small,Red
20260527100000904,2,Small,Red
20260527100000903,4,Small,Red
20260527100000902,0,Small,Red Violet
20260527100000901,9,Big,Green
20260527100000900,5,Big,Green Violet
20260527100000899,5,Big,Green Violet
20260527100000898,2,Small,Red
20260527100000897,5,Big,Green Violet
20260527100000896,7,Big,Green
20260527100000895,4,Small,Red
20260527100000894,2,Small,Red
20260527100000893,8,Big,Red
20260527100000892,3,Small,Green
20260527100000891,6,Big,Red
20260527100000890,9,Big,Green
20260527100000889,4,Small,Red
20260527100000888,6,Big,Red
20260527100000887,9,Big,Green
20260527100000886,4,Small,Red
20260527100000885,0,Small,Red Violet
20260527100000884,9,Big,Green
20260527100000883,1,Small,Green
20260527100000882,4,Small,Red
20260527100000881,9,Big,Green
20260527100000880,0,Small,Red Violet
20260527100000879,5,Big,Green Violet
20260527100000878,2,Small,Red
20260527100000877,6,Big,Red
20260527100000876,7,Big,Green
20260527100000875,4,Small,Red
20260527100000874,8,Big,Red
20260527100000873,4,Small,Red
20260527100000872,5,Big,Green Violet
20260527100000871,6,Big,Red
20260527100000870,1,Small,Green
20260527100000869,9,Big,Green
20260527100000868,0,Small,Red Violet
20260527100000867,8,Big,Red
20260527100000866,0,Small,Red Violet
20260527100000865,2,Small,Red
20260527100000864,8,Big,Red
20260527100000863,5,Big,Green Violet
20260527100000862,5,Big,Green Violet
20260527100000861,3,Small,Green
20260527100000860,7,Big,Green
20260527100000859,8,Big,Red
20260527100000858,0,Small,Red Violet
20260527100000857,5,Big,Green Violet
20260527100000856,8,Big,Red
20260527100000855,0,Small,Red Violet
20260527100000854,5,Big,Green Violet
20260527100000853,3,Small,Green
20260527100000852,1,Small,Green
20260527100000851,8,Big,Red
20260527100000850,2,Small,Red
20260527100000849,8,Big,Red
20260527100000848,6,Big,Red
20260527100000847,2,Small,Red
20260527100000846,5,Big,Green Violet
20260527100000845,6,Big,Red
20260527100000844,1,Small,Green
20260527100000843,6,Big,Red
20260527100000842,5,Big,Green Violet
20260527100000841,5,Big,Green Violet
20260527100000840,4,Small,Red
20260527100000839,2,Small,Red
20260527100000838,2,Small,Red
20260527100000837,5,Big,Green Violet
20260527100000836,9,Big,Green
20260527100000835,8,Big,Red
20260527100000834,4,Small,Red
20260527100000833,1,Small,Green
20260527100000832,8,Big,Red
20260527100000831,3,Small,Green
20260527100000830,6,Big,Red
20260527100000829,5,Big,Green Violet
20260527100000828,3,Small,Green
20260527100000827,5,Big,Green Violet
20260527100000826,3,Small,Green
20260527100000825,1,Small,Green
20260527100000824,9,Big,Green
20260527100000823,2,Small,Red
20260527100000822,4,Small,Red
20260527100000821,4,Small,Red
20260527100000820,9,Big,Green
20260527100000819,6,Big,Red
20260527100000818,9,Big,Green
20260527100000817,6,Big,Red
20260527100000816,1,Small,Green
20260527100000815,7,Big,Green
20260527100000814,7,Big,Green
20260527100000813,3,Small,Green
20260527100000812,4,Small,Red
20260527100000811,6,Big,Red
20260527100000810,8,Big,Red
20260527100000809,6,Big,Red
20260527100000808,4,Small,Red
20260527100000807,6,Big,Red
20260527100000806,1,Small,Green
20260527100000805,3,Small,Green
20260527100000804,7,Big,Green
20260527100000803,1,Small,Green
20260527100000802,6,Big,Red
20260527100000801,1,Small,Green
20260527100000800,3,Small,Green
20260527100000799,7,Big,Green
20260527100000798,1,Small,Green
20260527100000797,2,Small,Red
20260527100000796,2,Small,Red
20260527100000795,4,Small,Red
20260527100000794,1,Small,Green
20260527100000793,2,Small,Red
20260527100000792,8,Big,Red
20260527100000791,3,Small,Green
20260527100000790,7,Big,Green
20260527100000789,5,Big,Green Violet
20260527100000788,1,Small,Green
20260527100000787,3,Small,Green
20260527100000786,8,Big,Red
20260527100000785,0,Small,Red Violet
20260527100000784,3,Small,Green
20260527100000783,5,Big,Green Violet
20260527100000782,4,Small,Red
20260527100000781,1,Small,Green
20260527100000780,9,Big,Green
20260527100000779,7,Big,Green
20260527100000778,4,Small,Red
20260527100000777,2,Small,Red
20260527100000776,6,Big,Red
20260527100000775,9,Big,Green
20260527100000774,0,Small,Red Violet
20260527100000773,6,Big,Red
20260527100000772,3,Small,Green
20260527100000771,6,Big,Red
20260527100000770,7,Big,Green
20260527100000769,5,Big,Green Violet
20260527100000768,4,Small,Red
20260527100000767,9,Big,Green
20260527100000766,6,Big,Red
20260527100000765,1,Small,Green
20260527100000764,6,Big,Red
20260527100000763,9,Big,Green
20260527100000762,8,Big,Red
20260527100000761,3,Small,Green
20260527100000760,8,Big,Red
20260527100000759,7,Big,Green
20260527100000758,8,Big,Red
20260527100000757,8,Big,Red
20260527100000756,8,Big,Red
20260527100000755,4,Small,Red
20260527100000754,3,Small,Green
20260527100000753,2,Small,Red
20260527100000752,5,Big,Green Violet
20260527100000751,6,Big,Red
20260527100000750,1,Small,Green
20260527100000749,5,Big,Green Violet
20260527100000748,7,Big,Green
20260527100000747,2,Small,Red
20260527100000746,5,Big,Green Violet
20260527100000745,9,Big,Green
20260527100000744,0,Small,Red Violet
20260527100000743,3,Small,Green
20260527100000742,3,Small,Green
20260527100000741,9,Big,Green
20260527100000740,9,Big,Green
20260527100000739,8,Big,Red
20260527100000738,5,Big,Green Violet
20260527100000737,5,Big,Green Violet
20260527100000736,0,Small,Red Violet
20260527100000735,7,Big,Green
20260527100000734,3,Small,Green
20260527100000733,4,Small,Red
20260527100000732,2,Small,Red
20260527100000731,2,Small,Red
20260527100000730,3,Small,Green
20260527100000729,4,Small,Red
20260527100000728,9,Big,Green
20260527100000727,9,Big,Green
20260527100000726,2,Small,Red
20260527100000725,7,Big,Green
20260527100000724,8,Big,Red
20260527100000723,6,Big,Red
20260527100000722,7,Big,Green
20260527100000721,1,Small,Green
20260527100000720,8,Big,Red
20260527100000719,6,Big,Red
20260527100000718,7,Big,Green
20260527100000717,7,Big,Green
20260527100000716,3,Small,Green
20260527100000715,1,Small,Green
20260527100000714,4,Small,Red
20260527100000713,1,Small,Green
20260527100000712,1,Small,Green
20260527100000711,6,Big,Red
20260527100000710,9,Big,Green
20260527100000709,5,Big,Green Violet
20260527100000708,0,Small,Red Violet
20260527100000707,4,Small,Red
20260527100000706,9,Big,Green
20260527100000705,2,Small,Red
20260527100000704,1,Small,Green
20260527100000703,5,Big,Green Violet
20260527100000702,4,Small,Red
20260527100000701,4,Small,Red
20260527100000700,7,Big,Green
20260527100000699,3,Small,Green
20260527100000698,8,Big,Red
20260527100000697,8,Big,Red
20260527100000696,3,Small,Green
20260527100000695,1,Small,Green
20260527100000694,5,Big,Green Violet
20260527100000693,1,Small,Green
20260527100000692,8,Big,Red
20260527100000691,3,Small,Green
20260527100000690,0,Small,Red Violet
20260527100000689,9,Big,Green
20260527100000688,8,Big,Red
20260527100000687,2,Small,Red
20260527100000686,7,Big,Green
20260527100000685,8,Big,Red
20260527100000684,1,Small,Green
20260527100000683,0,Small,Red Violet
20260527100000682,5,Big,Green Violet
20260527100000681,8,Big,Red
20260527100000680,7,Big,Green
20260527100000679,8,Big,Red
20260527100000678,9,Big,Green
20260527100000677,6,Big,Red
20260527100000676,7,Big,Green
20260527100000675,9,Big,Green
20260527100000674,9,Big,Green
20260527100000673,0,Small,Red Violet
20260527100000672,2,Small,Red
20260527100000671,8,Big,Red
20260527100000670,3,Small,Green
20260527100000669,6,Big,Red
20260527100000668,5,Big,Green Violet
20260527100000667,5,Big,Green Violet
20260527100000666,1,Small,Green
20260527100000665,9,Big,Green
20260527100000664,6,Big,Red
20260527100000663,1,Small,Green
20260527100000662,2,Small,Red
20260527100000661,4,Small,Red
20260527100000660,9,Big,Green
20260527100000659,2,Small,Red
20260527100000658,9,Big,Green
20260527100000657,8,Big,Red
20260527100000656,2,Small,Red
20260527100000655,0,Small,Red Violet
20260527100000654,8,Big,Red
20260527100000653,7,Big,Green
20260527100000652,2,Small,Red
20260527100000651,1,Small,Green
20260527100000650,3,Small,Green
20260527100000649,6,Big,Red
20260527100000648,3,Small,Green
20260527100000647,2,Small,Red
20260527100000646,6,Big,Red
20260527100000645,1,Small,Green
20260527100000644,3,Small,Green
20260527100000643,3,Small,Green
20260527100000642,2,Small,Red
20260527100000641,2,Small,Red
20260527100000640,2,Small,Red
20260527100000639,3,Small,Green
20260527100000638,5,Big,Green Violet
20260527100000637,2,Small,Red
20260527100000636,3,Small,Green
20260527100000635,5,Big,Green Violet
20260527100000634,7,Big,Green
20260527100000633,0,Small,Red Violet
20260527100000632,3,Small,Green
20260527100000631,6,Big,Red
20260527100000630,0,Small,Red Violet
20260527100000629,3,Small,Green
20260527100000628,6,Big,Red
20260527100000627,9,Big,Green
20260527100000626,4,Small,Red
20260527100000625,4,Small,Red
20260527100000624,0,Small,Red Violet
20260527100000623,2,Small,Red
20260527100000622,2,Small,Red
20260527100000621,1,Small,Green
20260527100000620,2,Small,Red
20260527100000619,5,Big,Green Violet
20260527100000618,4,Small,Red
20260527100000617,1,Small,Green
20260527100000616,1,Small,Green
20260527100000615,9,Big,Green
20260527100000614,3,Small,Green
20260527100000613,9,Big,Green
20260527100000612,3,Small,Green
20260527100000611,8,Big,Red
20260527100000610,1,Small,Green
20260527100000609,3,Small,Green
20260527100000608,9,Big,Green
20260527100000607,5,Big,Green Violet
20260527100000606,8,Big,Red
20260527100000605,9,Big,Green
20260527100000604,0,Small,Red Violet
20260527100000603,2,Small,Red
20260527100000602,7,Big,Green
20260527100000601,0,Small,Red Violet
20260527100000600,9,Big,Green
20260527100000599,9,Big,Green
20260527100000598,4,Small,Red
20260527100000597,9,Big,Green
20260527100000596,9,Big,Green
20260527100000595,4,Small,Red
20260527100000594,5,Big,Green Violet
20260527100000593,9,Big,Green
20260527100000592,6,Big,Red
20260527100000591,6,Big,Red
20260527100000590,4,Small,Red
20260527100000589,4,Small,Red
20260527100000588,3,Small,Green
20260527100000587,5,Big,Green Violet
20260527100000586,1,Small,Green
20260527100000585,3,Small,Green
20260527100000584,2,Small,Red
20260527100000583,2,Small,Red
20260527100000582,8,Big,Red
20260527100000581,3,Small,Green
20260527100000580,6,Big,Red
20260527100000579,1,Small,Green
20260527100000578,2,Small,Red
20260527100000577,6,Big,Red
20260527100000576,3,Small,Green
20260527100000575,9,Big,Green
20260527100000574,6,Big,Red
20260527100000573,4,Small,Red
20260527100000572,7,Big,Green
20260527100000571,7,Big,Green
20260527100000570,6,Big,Red
20260527100000569,0,Small,Red Violet
20260527100000568,6,Big,Red
20260527100000567,5,Big,Green Violet
20260527100000566,5,Big,Green Violet
20260527100000565,1,Small,Green
20260527100000564,0,Small,Red Violet
20260527100000563,6,Big,Red
20260527100000562,6,Big,Red
20260527100000561,1,Small,Green
20260527100000560,3,Small,Green
20260527100000559,6,Big,Red
20260527100000558,4,Small,Red
20260527100000557,6,Big,Red
20260527100000556,7,Big,Green
20260527100000555,2,Small,Red
20260527100000554,4,Small,Red
20260527100000553,6,Big,Red
20260527100000552,2,Small,Red
20260527100000551,0,Small,Red Violet
20260527100000550,6,Big,Red
20260527100000549,0,Small,Red Violet
20260527100000548,3,Small,Green
20260527100000547,9,Big,Green
20260527100000546,7,Big,Green
20260527100000545,8,Big,Red
20260527100000544,0,Small,Red Violet
20260527100000543,6,Big,Red
20260527100000542,0,Small,Red Violet
20260527100000541,4,Small,Red
20260527100000540,7,Big,Green
20260527100000539,9,Big,Green
20260527100000538,8,Big,Red
20260527100000537,2,Small,Red
20260527100000536,1,Small,Green
20260527100000535,0,Small,Red Violet
20260527100000534,3,Small,Green
20260527100000533,4,Small,Red
20260527100000532,9,Big,Green
20260527100000531,6,Big,Red
20260527100000530,1,Small,Green
20260527100000529,6,Big,Red
20260527100000528,1,Small,Green
20260527100000527,6,Big,Red
20260527100000526,2,Small,Red
20260527100000525,3,Small,Green
20260527100000524,2,Small,Red
20260527100000523,1,Small,Green
20260527100000522,7,Big,Green
20260527100000521,1,Small,Green
20260527100000520,3,Small,Green
20260527100000519,1,Small,Green
20260527100000518,2,Small,Red
20260527100000517,3,Small,Green
20260527100000516,6,Big,Red
20260527100000515,0,Small,Red Violet
20260527100000514,1,Small,Green
20260527100000513,7,Big,Green
20260527100000512,6,Big,Red
20260527100000511,3,Small,Green
20260527100000510,1,Small,Green
20260527100000509,8,Big,Red
20260527100000508,4,Small,Red
20260527100000507,9,Big,Green
20260527100000506,2,Small,Red
20260527100000505,3,Small,Green
20260527100000504,7,Big,Green
20260527100000503,8,Big,Red
20260527100000502,7,Big,Green
20260527100000501,1,Small,Green
20260527100000500,1,Small,Green
20260527100000499,4,Small,Red
20260527100000498,1,Small,Green
20260527100000497,8,Big,Red
20260527100000496,3,Small,Green
20260527100000495,2,Small,Red
20260527100000494,6,Big,Red
20260527100000493,8,Big,Red
20260527100000492,9,Big,Green
20260527100000491,7,Big,Green
20260527100000490,5,Big,Green Violet
20260527100000489,5,Big,Green Violet
20260527100000488,5,Big,Green Violet
20260527100000487,9,Big,Green
20260527100000486,5,Big,Green Violet
20260527100000485,4,Small,Red
20260527100000484,5,Big,Green Violet
20260527100000483,5,Big,Green Violet
20260527100000482,2,Small,Red
20260527100000481,0,Small,Red Violet
20260527100000480,3,Small,Green
20260527100000479,2,Small,Red
20260527100000478,9,Big,Green
20260527100000477,4,Small,Red
20260527100000476,1,Small,Green
20260527100000475,1,Small,Green
20260527100000474,1,Small,Green
20260527100000473,2,Small,Red
20260527100000472,7,Big,Green
20260527100000471,4,Small,Red
20260527100000470,9,Big,Green
20260527100000469,9,Big,Green
20260527100000468,9,Big,Green
20260527100000467,4,Small,Red
20260527100000466,9,Big,Green
20260527100000465,5,Big,Green Violet
20260527100000464,9,Big,Green
20260527100000463,0,Small,Red Violet
20260527100000462,7,Big,Green
20260527100000461,6,Big,Red
20260527100000460,3,Small,Green
20260527100000459,2,Small,Red
20260527100000458,0,Small,Red Violet
20260527100000457,3,Small,Green
20260527100000456,3,Small,Green
20260527100000455,6,Big,Red
20260527100000454,5,Big,Green Violet
20260527100000453,4,Small,Red
20260527100000452,8,Big,Red
20260527100000451,1,Small,Green
20260527100000450,0,Small,Red Violet
20260527100000449,7,Big,Green
20260527100000448,9,Big,Green
20260527100000447,4,Small,Red
20260527100000446,7,Big,Green
20260527100000445,5,Big,Green Violet
20260527100000444,1,Small,Green
20260527100000443,5,Big,Green Violet
20260527100000442,3,Small,Green
20260527100000441,5,Big,Green Violet
20260527100000440,0,Small,Red Violet
20260527100000439,7,Big,Green
20260527100000438,6,Big,Red
20260527100000437,1,Small,Green
20260527100000436,3,Small,Green
20260527100000435,1,Small,Green
20260527100000434,5,Big,Green Violet
20260527100000433,2,Small,Red
20260527100000432,4,Small,Red
20260527100000431,1,Small,Green
20260527100000430,7,Big,Green
20260527100000429,8,Big,Red
20260527100000428,7,Big,Green
20260527100000427,6,Big,Red
20260527100000426,8,Big,Red
20260527100000425,7,Big,Green
20260527100000424,4,Small,Red
20260527100000423,7,Big,Green
20260527100000422,6,Big,Red
20260527100000421,7,Big,Green
20260527100000420,5,Big,Green Violet
20260527100000419,8,Big,Red
20260527100000418,5,Big,Green Violet
20260527100000417,1,Small,Green
20260527100000416,5,Big,Green Violet
20260527100000415,9,Big,Green
20260527100000414,2,Small,Red
20260527100000413,2,Small,Red
20260527100000412,1,Small,Green
20260527100000411,4,Small,Red
20260527100000410,0,Small,Red Violet
20260527100000409,8,Big,Red
20260527100000408,5,Big,Green Violet
20260527100000407,2,Small,Red
20260527100000406,0,Small,Red Violet
20260527100000405,4,Small,Red
20260527100000404,5,Big,Green Violet
20260527100000403,4,Small,Red
20260527100000402,4,Small,Red
20260527100000401,0,Small,Red Violet
20260527100000400,5,Big,Green Violet
20260527100000399,1,Small,Green
20260527100000398,8,Big,Red
20260527100000397,1,Small,Green
20260527100000396,4,Small,Red
20260527100000395,5,Big,Green Violet
20260527100000394,0,Small,Red Violet
20260527100000393,7,Big,Green
20260527100000392,1,Small,Green
20260527100000391,4,Small,Red
20260527100000390,8,Big,Red
20260527100000389,6,Big,Red
20260527100000388,5,Big,Green Violet
20260527100000387,4,Small,Red
20260527100000386,2,Small,Red
20260527100000385,0,Small,Red Violet
20260527100000384,8,Big,Red
20260527100000383,9,Big,Green
20260527100000382,4,Small,Red
20260527100000381,8,Big,Red
20260527100000380,5,Big,Green Violet
20260527100000379,5,Big,Green Violet
20260527100000378,0,Small,Red Violet
20260527100000377,7,Big,Green
20260527100000376,8,Big,Red
20260527100000375,6,Big,Red
20260527100000374,0,Small,Red Violet
20260527100000373,2,Small,Red
20260527100000372,1,Small,Green
20260527100000371,6,Big,Red
20260527100000370,5,Big,Green Violet
20260527100000369,3,Small,Green
20260527100000368,5,Big,Green Violet
20260527100000367,6,Big,Red
20260527100000366,6,Big,Red
20260527100000365,9,Big,Green
20260527100000364,6,Big,Red
20260527100000363,3,Small,Green
20260527100000362,7,Big,Green
20260527100000361,5,Big,Green Violet
20260527100000360,4,Small,Red
20260527100000359,6,Big,Red
20260527100000358,3,Small,Green
20260527100000357,3,Small,Green
20260527100000356,8,Big,Red
20260527100000355,8,Big,Red
20260527100000354,5,Big,Green Violet
20260527100000353,9,Big,Green
20260527100000352,1,Small,Green
20260527100000351,7,Big,Green
20260527100000350,4,Small,Red
20260527100000349,9,Big,Green
20260527100000348,0,Small,Red Violet
20260527100000347,6,Big,Red
20260527100000346,2,Small,Red
20260527100000345,8,Big,Red
20260527100000344,7,Big,Green
20260527100000343,1,Small,Green
20260527100000342,2,Small,Red
20260527100000341,9,Big,Green
20260527100000340,5,Big,Green Violet
20260527100000339,7,Big,Green
20260527100000338,3,Small,Green
20260527100000337,4,Small,Red
20260527100000336,6,Big,Red
20260527100000335,6,Big,Red
20260527100000334,7,Big,Green
20260527100000333,7,Big,Green
20260527100000332,8,Big,Red
20260527100000331,1,Small,Green
20260527100000330,6,Big,Red
20260527100000329,3,Small,Green
20260527100000328,1,Small,Green
20260527100000327,9,Big,Green
20260527100000326,4,Small,Red
20260527100000325,3,Small,Green
20260527100000324,7,Big,Green
20260527100000323,8,Big,Red
20260527100000322,2,Small,Red
20260527100000321,4,Small,Red
20260527100000320,0,Small,Red Violet
20260527100000319,8,Big,Red
20260527100000318,7,Big,Green
20260527100000317,6,Big,Red
20260527100000316,0,Small,Red Violet
20260527100000315,0,Small,Red Violet
20260527100000314,0,Small,Red Violet
20260527100000313,7,Big,Green
20260527100000312,8,Big,Red
20260527100000311,6,Big,Red
20260527100000310,0,Small,Red Violet
20260527100000309,5,Big,Green Violet
20260527100000308,8,Big,Red
20260527100000307,2,Small,Red
20260527100000306,2,Small,Red
20260527100000305,1,Small,Green
20260527100000304,1,Small,Green
20260527100000303,0,Small,Red Violet
20260527100000302,3,Small,Green
20260527100000301,4,Small,Red
20260527100000300,9,Big,Green
20260527100000299,9,Big,Green
20260527100000298,6,Big,Red
20260527100000297,3,Small,Green
20260527100000296,8,Big,Red
20260527100000295,3,Small,Green
20260527100000294,7,Big,Green
20260527100000293,7,Big,Green
20260527100000292,8,Big,Red
20260527100000291,7,Big,Green
20260527100000290,4,Small,Red
20260527100000289,4,Small,Red
20260527100000288,0,Small,Red Violet
20260527100000287,4,Small,Red
20260527100000286,5,Big,Green Violet
20260527100000285,5,Big,Green Violet
20260527100000284,8,Big,Red
20260527100000283,4,Small,Red
20260527100000282,3,Small,Green
20260527100000281,7,Big,Green
20260527100000280,7,Big,Green
20260527100000279,0,Small,Red Violet
20260527100000278,3,Small,Green
20260527100000277,5,Big,Green Violet
20260527100000276,1,Small,Green
20260527100000275,6,Big,Red
20260527100000274,9,Big,Green
20260527100000273,7,Big,Green
20260527100000272,6,Big,Red
20260527100000271,2,Small,Red
20260527100000270,9,Big,Green
20260527100000269,1,Small,Green
20260527100000268,5,Big,Green Violet
20260527100000267,1,Small,Green
20260527100000266,5,Big,Green Violet
20260527100000265,3,Small,Green
20260527100000264,9,Big,Green
20260527100000263,8,Big,Red
20260527100000262,7,Big,Green
20260527100000261,1,Small,Green
20260527100000260,1,Small,Green
20260527100000259,4,Small,Red
20260527100000258,0,Small,Red Violet
20260527100000257,4,Small,Red
20260527100000256,5,Big,Green Violet
20260527100000255,4,Small,Red
20260527100000254,9,Big,Green
20260527100000253,6,Big,Red
20260527100000252,9,Big,Green
20260527100000251,3,Small,Green
20260527100000250,6,Big,Red
20260527100000249,1,Small,Green
20260527100000248,0,Small,Red Violet
20260527100000247,3,Small,Green
20260527100000246,7,Big,Green
20260527100000245,4,Small,Red
20260527100000244,8,Big,Red
20260527100000243,7,Big,Green
20260527100000242,6,Big,Red
20260527100000241,7,Big,Green
20260527100000240,6,Big,Red
20260527100000239,8,Big,Red
20260527100000238,6,Big,Red
20260527100000237,4,Small,Red
20260527100000236,4,Small,Red
20260527100000235,0,Small,Red Violet
20260527100000234,8,Big,Red
20260527100000233,4,Small,Red
20260527100000232,9,Big,Green
20260527100000231,5,Big,Green Violet
20260527100000230,9,Big,Green
20260527100000229,8,Big,Red
20260527100000228,8,Big,Red
20260527100000227,7,Big,Green
20260527100000226,2,Small,Red
20260527100000225,8,Big,Red
20260527100000224,4,Small,Red
20260527100000223,9,Big,Green
20260527100000222,3,Small,Green
20260527100000221,1,Small,Green
20260527100000220,9,Big,Green
20260527100000219,0,Small,Red Violet
20260527100000218,3,Small,Green
20260527100000217,8,Big,Red
20260527100000216,6,Big,Red
20260527100000215,7,Big,Green
20260527100000214,9,Big,Green
20260527100000213,7,Big,Green
20260527100000212,8,Big,Red
20260527100000211,4,Small,Red
20260527100000210,6,Big,Red
20260527100000209,2,Small,Red
20260527100000208,5,Big,Green Violet
20260527100000207,0,Small,Red Violet
20260527100000206,7,Big,Green
20260527100000205,3,Small,Green
20260527100000204,9,Big,Green
20260527100000203,0,Small,Red Violet
20260527100000202,6,Big,Red
20260527100000201,5,Big,Green Violet
20260527100000200,3,Small,Green
20260527100000199,2,Small,Red
20260527100000198,3,Small,Green
20260527100000197,4,Small,Red
20260527100000196,1,Small,Green
20260527100000195,4,Small,Red
20260527100000194,3,Small,Green
20260527100000193,4,Small,Red
20260527100000192,5,Big,Green Violet
20260527100000191,9,Big,Green
20260527100000190,3,Small,Green
20260527100000189,3,Small,Green
20260527100000188,6,Big,Red
20260527100000187,8,Big,Red
20260527100000186,1,Small,Green
20260527100000185,6,Big,Red
20260527100000184,8,Big,Red
20260527100000183,8,Big,Red
20260527100000182,0,Small,Red Violet
20260527100000181,1,Small,Green
20260527100000180,5,Big,Green Violet
20260527100000179,3,Small,Green
20260527100000178,1,Small,Green
20260527100000177,3,Small,Green
20260527100000176,5,Big,Green Violet
20260527100000175,6,Big,Red
20260527100000174,2,Small,Red
20260527100000173,1,Small,Green
20260527100000172,3,Small,Green
20260527100000171,1,Small,Green
20260527100000170,4,Small,Red
20260527100000169,4,Small,Red
20260527100000168,0,Small,Red Violet
20260527100000167,5,Big,Green Violet
20260527100000166,9,Big,Green
20260527100000165,0,Small,Red Violet
20260527100000164,9,Big,Green
20260527100000163,6,Big,Red
20260527100000162,2,Small,Red
20260527100000161,3,Small,Green
20260527100000160,7,Big,Green
20260527100000159,8,Big,Red
20260527100000158,1,Small,Green
20260527100000157,9,Big,Green
20260527100000156,9,Big,Green
20260527100000155,5,Big,Green Violet
20260527100000154,9,Big,Green
20260527100000153,8,Big,Red
20260527100000152,2,Small,Red
20260527100000151,5,Big,Green Violet
20260527100000150,8,Big,Red
20260527100000149,4,Small,Red
20260527100000148,5,Big,Green Violet
20260527100000147,5,Big,Green Violet
20260527100000146,3,Small,Green
20260527100000145,6,Big,Red
20260527100000144,8,Big,Red
20260527100000143,3,Small,Green
20260527100000142,4,Small,Red
20260527100000141,9,Big,Green
20260527100000140,0,Small,Red Violet
20260527100000139,3,Small,Green
20260527100000138,4,Small,Red
20260527100000137,6,Big,Red
20260527100000136,4,Small,Red
20260527100000135,2,Small,Red
20260527100000134,4,Small,Red
20260527100000133,0,Small,Red Violet
20260527100000132,8,Big,Red
20260527100000131,8,Big,Red
20260527100000130,8,Big,Red
20260527100000129,7,Big,Green
20260527100000128,1,Small,Green
20260527100000127,5,Big,Green Violet
20260527100000126,7,Big,Green
20260527100000125,8,Big,Red
20260527100000124,5,Big,Green Violet
20260527100000123,8,Big,Red
20260527100000122,8,Big,Red
20260527100000121,2,Small,Red
20260527100000120,8,Big,Red
20260527100000119,9,Big,Green
20260527100000118,0,Small,Red Violet
20260527100000117,8,Big,Red
20260527100000116,8,Big,Red
20260527100000115,9,Big,Green
20260527100000114,7,Big,Green
20260527100000113,0,Small,Red Violet
20260527100000112,1,Small,Green
20260527100000111,4,Small,Red
20260527100000110,2,Small,Red
20260527100000109,3,Small,Green
20260527100000108,1,Small,Green
20260527100000107,4,Small,Red
20260527100000106,7,Big,Green
20260527100000105,0,Small,Red Violet
20260527100000104,2,Small,Red
20260527100000103,6,Big,Red
20260527100000102,2,Small,Red
20260527100000101,7,Big,Green
20260527100000100,8,Big,Red
20260527100000099,4,Small,Red
20260527100000098,2,Small,Red
20260527100000097,5,Big,Green Violet
20260527100000096,8,Big,Red
20260527100000095,3,Small,Green
20260527100000094,2,Small,Red
20260527100000093,2,Small,Red
20260527100000092,0,Small,Red Violet
20260527100000091,5,Big,Green Violet
20260527100000090,0,Small,Red Violet
20260527100000089,3,Small,Green
20260527100000088,7,Big,Green
20260527100000087,0,Small,Red Violet
20260527100000086,6,Big,Red
20260527100000085,8,Big,Red
20260527100000084,3,Small,Green
20260527100000083,0,Small,Red Violet
20260527100000082,6,Big,Red
20260527100000081,2,Small,Red
20260527100000080,7,Big,Green
20260527100000079,5,Big,Green Violet
20260527100000078,1,Small,Green
20260527100000077,6,Big,Red
20260527100000076,7,Big,Green
20260527100000075,8,Big,Red
20260527100000074,2,Small,Red
20260527100000073,4,Small,Red
20260527100000072,1,Small,Green
20260527100000071,3,Small,Green
20260527100000070,1,Small,Green
20260527100000069,5,Big,Green Violet
20260527100000068,4,Small,Red
20260527100000067,0,Small,Red Violet
20260527100000066,5,Big,Green Violet
20260527100000065,0,Small,Red Violet
20260527100000064,8,Big,Red
20260527100000063,7,Big,Green
20260527100000062,8,Big,Red
20260527100000061,2,Small,Red
20260527100000060,1,Small,Green
20260527100000059,2,Small,Red
20260527100000058,2,Small,Red
20260527100000057,6,Big,Red
20260527100000056,3,Small,Green
20260527100000055,8,Big,Red
20260527100000054,5,Big,Green Violet
20260527100000053,0,Small,Red Violet
20260527100000052,9,Big,Green
20260527100000051,0,Small,Red Violet
20260527100000050,3,Small,Green
20260527100000049,5,Big,Green Violet
20260527100000048,3,Small,Green
20260527100000047,0,Small,Red Violet
20260527100000046,3,Small,Green
20260527100000045,3,Small,Green
20260527100000044,9,Big,Green
20260527100000043,9,Big,Green
20260527100000042,8,Big,Red
20260527100000041,1,Small,Green
20260527100000040,4,Small,Red
20260527100000039,6,Big,Red
20260527100000038,2,Small,Red
20260527100000037,0,Small,Red Violet
20260527100000036,4,Small,Red
20260527100000035,8,Big,Red
20260527100000034,6,Big,Red
20260527100000033,2,Small,Red
20260527100000032,1,Small,Green
20260527100000031,8,Big,Red
20260527100000030,2,Small,Red
20260527100000029,5,Big,Green Violet
20260527100000028,3,Small,Green
20260527100000027,6,Big,Red
20260527100000026,7,Big,Green
20260527100000025,8,Big,Red
20260527100000024,8,Big,Red
20260527100000023,7,Big,Green
20260527100000022,4,Small,Red
20260527100000021,3,Small,Green
20260527100000020,3,Small,Green
20260527100000019,4,Small,Red
20260527100000018,7,Big,Green
20260527100000017,6,Big,Red
20260527100000016,9,Big,Green
20260527100000015,1,Small,Green
20260527100000014,2,Small,Red
20260527100000013,8,Big,Red
20260527100000012,5,Big,Green Violet
20260527100000011,4,Small,Red
20260527100000010,4,Small,Red
20260527100000009,7,Big,Green
20260527100000008,2,Small,Red
20260527100000007,3,Small,Green
20260527100000006,1,Small,Green
20260527100000005,1,Small,Green
20260527100000004,9,Big,Green
20260527100000003,6,Big,Red
20260527100000002,1,Small,Green
20260527100000001,8,Big,Red
20260527100000000,7,Big,Green
20260527099999999,0,Small,Red Violet
20260527099999998,8,Big,Red
20260527099999997,3,Small,Green
20260527099999996,6,Big,Red
20260527099999995,6,Big,Red
20260527099999994,7,Big,Green
20260527099999993,0,Small,Red Violet
20260527099999992,5,Big,Green Violet
20260527099999991,2,Small,Red
20260527099999990,0,Small,Red Violet
20260527099999989,3,Small,Green
20260527099999988,5,Big,Green Violet
20260527099999987,1,Small,Green
20260527099999986,6,Big,Red
20260527099999985,3,Small,Green
20260527099999984,0,Small,Red Violet
20260527099999983,8,Big,Red
20260527099999982,5,Big,Green Violet
20260527099999981,6,Big,Red
20260527099999980,3,Small,Green
20260527099999979,2,Small,Red
20260527099999978,7,Big,Green
20260527099999977,3,Small,Green
20260527099999976,5,Big,Green Violet
20260527099999975,2,Small,Red
20260527099999974,6,Big,Red
20260527099999973,2,Small,Red
20260527099999972,7,Big,Green
20260527099999971,7,Big,Green
20260527099999970,9,Big,Green
20260527099999969,8,Big,Red
20260527099999968,4,Small,Red
20260527099999967,1,Small,Green
20260527099999966,7,Big,Green
20260527099999965,7,Big,Green
20260527099999964,8,Big,Red
20260527099999963,2,Small,Red
20260527099999962,7,Big,Green
20260527099999961,3,Small,Green
20260527099999960,9,Big,Green
20260527099999959,6,Big,Red
20260527099999958,9,Big,Green
20260527099999957,9,Big,Green
20260527099999956,2,Small,Red
20260527099999955,0,Small,Red Violet
20260527099999954,5,Big,Green Violet
20260527099999953,8,Big,Red
20260527099999952,4,Small,Red
20260527099999951,1,Small,Green
20260527099999950,3,Small,Green
20260527099999949,1,Small,Green
20260527099999948,3,Small,Green
20260527099999947,3,Small,Green
20260527099999946,0,Small,Red Violet
20260527099999945,7,Big,Green
20260527099999944,3,Small,Green
20260527099999943,7,Big,Green
20260527099999942,6,Big,Red
20260527099999941,7,Big,Green
20260527099999940,3,Small,Green
20260527099999939,8,Big,Red
20260527099999938,2,Small,Red
20260527099999937,1,Small,Green
20260527099999936,2,Small,Red
20260527099999935,7,Big,Green
20260527099999934,7,Big,Green
20260527099999933,2,Small,Red
20260527099999932,9,Big,Green
20260527099999931,7,Big,Green
20260527099999930,3,Small,Green
20260527099999929,0,Small,Red Violet
20260527099999928,1,Small,Green
20260527099999927,6,Big,Red
20260527099999926,1,Small,Green
20260527099999925,6,Big,Red
20260527099999924,4,Small,Red
20260527099999923,5,Big,Green Violet
20260527099999922,1,Small,Green
20260527099999921,0,Small,Red Violet
20260527099999920,9,Big,Green
20260527099999919,5,Big,Green Violet
20260527099999918,5,Big,Green Violet
20260527099999917,1,Small,Green
20260527099999916,8,Big,Red
20260527099999915,0,Small,Red Violet
20260527099999914,1,Small,Green
20260527099999913,8,Big,Red
20260527099999912,6,Big,Red
20260527099999911,3,Small,Green
20260527099999910,4,Small,Red
20260527099999909,5,Big,Green Violet
20260527099999908,2,Small,Red
20260527099999907,8,Big,Red
20260527099999906,3,Small,Green
20260527099999905,5,Big,Green Violet
20260527099999904,6,Big,Red
20260527099999903,3,Small,Green
20260527099999902,0,Small,Red Violet
20260527099999901,6,Big,Red
20260527099999900,7,Big,Green
20260527099999899,1,Small,Green
20260527099999898,9,Big,Green
20260527099999897,1,Small,Green
20260527099999896,3,Small,Green
20260527099999895,3,Small,Green
20260527099999894,6,Big,Red
20260527099999893,7,Big,Green
20260527099999892,7,Big,Green
20260527099999891,4,Small,Red
20260527099999890,8,Big,Red
20260527099999889,5,Big,Green Violet
20260527099999888,5,Big,Green Violet
20260527099999887,7,Big,Green
20260527099999886,1,Small,Green
20260527099999885,0,Small,Red Violet
20260527099999884,6,Big,Red
20260527099999883,3,Small,Green
20260527099999882,1,Small,Green
20260527099999881,0,Small,Red Violet
20260527099999880,8,Big,Red
20260527099999879,0,Small,Red Violet
20260527099999878,3,Small,Green
20260527099999877,9,Big,Green
20260527099999876,0,Small,Red Violet
20260527099999875,7,Big,Green
20260527099999874,2,Small,Red
20260527099999873,5,Big,Green Violet
20260527099999872,8,Big,Red
20260527099999871,2,Small,Red
20260527099999870,2,Small,Red
20260527099999869,8,Big,Red
20260527099999868,7,Big,Green
20260527099999867,3,Small,Green
20260527099999866,0,Small,Red Violet
20260527099999865,9,Big,Green
20260527099999864,8,Big,Red
20260527099999863,0,Small,Red Violet
20260527099999862,8,Big,Red
20260527099999861,3,Small,Green
20260527099999860,8,Big,Red
20260527099999859,0,Small,Red Violet
20260527099999858,2,Small,Red
20260527099999857,6,Big,Red
20260527099999856,6,Big,Red
20260527099999855,7,Big,Green
20260527099999854,1,Small,Green
20260527099999853,8,Big,Red
20260527099999852,7,Big,Green
20260527099999851,2,Small,Red
20260527099999850,4,Small,Red
20260527099999849,4,Small,Red
20260527099999848,3,Small,Green
20260527099999847,1,Small,Green
20260527099999846,8,Big,Red
20260527099999845,9,Big,Green
20260527099999844,0,Small,Red Violet
20260527099999843,0,Small,Red Violet
20260527099999842,6,Big,Red
20260527099999841,3,Small,Green
20260527099999840,1,Small,Green
20260527099999839,2,Small,Red
20260527099999838,6,Big,Red
20260527099999837,3,Small,Green
20260527099999836,7,Big,Green
20260527099999835,3,Small,Green
20260527099999834,7,Big,Green
20260527099999833,9,Big,Green
20260527099999832,4,Small,Red
20260527099999831,5,Big,Green Violet
20260527099999830,3,Small,Green
20260527099999829,3,Small,Green
20260527099999828,0,Small,Red Violet
20260527099999827,9,Big,Green
20260527099999826,3,Small,Green
20260527099999825,3,Small,Green
20260527099999824,6,Big,Red
20260527099999823,1,Small,Green
20260527099999822,5,Big,Green Violet
20260527099999821,3,Small,Green
20260527099999820,5,Big,Green Violet
20260527099999819,0,Small,Red Violet
20260527099999818,7,Big,Green
20260527099999817,0,Small,Red Violet
20260527099999816,1,Small,Green
20260527099999815,8,Big,Red
20260527099999814,6,Big,Red
20260527099999813,0,Small,Red Violet
20260527099999812,7,Big,Green
20260527099999811,1,Small,Green
20260527099999810,7,Big,Green
20260527099999809,3,Small,Green
20260527099999808,6,Big,Red
20260527099999807,4,Small,Red
20260527099999806,5,Big,Green Violet
20260527099999805,6,Big,Red
20260527099999804,2,Small,Red
20260527099999803,9,Big,Green
20260527099999802,2,Small,Red
20260527099999801,1,Small,Green
20260527099999800,7,Big,Green
20260527099999799,2,Small,Red
20260527099999798,5,Big,Green Violet
20260527099999797,7,Big,Green
20260527099999796,3,Small,Green
20260527099999795,8,Big,Red
20260527099999794,2,Small,Red
20260527099999793,2,Small,Red
20260527099999792,9,Big,Green
20260527099999791,4,Small,Red
20260527099999790,5,Big,Green Violet
20260527099999789,9,Big,Green
20260527099999788,3,Small,Green
20260527099999787,2,Small,Red
20260527099999786,3,Small,Green
20260527099999785,8,Big,Red
20260527099999784,0,Small,Red Violet
20260527099999783,7,Big,Green
20260527099999782,4,Small,Red
20260527099999781,5,Big,Green Violet
20260527099999780,3,Small,Green
20260527099999779,0,Small,Red Violet
20260527099999778,3,Small,Green
20260527099999777,6,Big,Red
20260527099999776,0,Small,Red Violet
20260527099999775,1,Small,Green
20260527099999774,5,Big,Green Violet
20260527099999773,4,Small,Red
20260527099999772,7,Big,Green
20260527099999771,8,Big,Red
20260527099999770,0,Small,Red Violet
20260527099999769,8,Big,Red
20260527099999768,6,Big,Red
20260527099999767,1,Small,Green
20260527099999766,2,Small,Red
20260527099999765,7,Big,Green
20260527099999764,1,Small,Green
20260527099999763,1,Small,Green
20260527099999762,3,Small,Green
20260527099999761,8,Big,Red
20260527099999760,9,Big,Green
20260527099999759,5,Big,Green Violet
20260527099999758,3,Small,Green
20260527099999757,9,Big,Green
20260527099999756,5,Big,Green Violet
20260527099999755,4,Small,Red
20260527099999754,9,Big,Green
20260527099999753,6,Big,Red
20260527099999752,9,Big,Green
20260527099999751,8,Big,Red
20260527099999750,2,Small,Red
20260527099999749,6,Big,Red
20260527099999748,5,Big,Green Violet
20260527099999747,3,Small,Green
20260527099999746,1,Small,Green
20260527099999745,3,Small,Green
20260527099999744,6,Big,Red
20260527099999743,3,Small,Green
20260527099999742,7,Big,Green
20260527099999741,0,Small,Red Violet
20260527099999740,2,Small,Red
20260527099999739,9,Big,Green
20260527099999738,5,Big,Green Violet
20260527099999737,8,Big,Red
20260527099999736,9,Big,Green
20260527099999735,4,Small,Red
20260527099999734,9,Big,Green
20260527099999733,2,Small,Red
20260527099999732,0,Small,Red Violet
20260527099999731,7,Big,Green
20260527099999730,5,Big,Green Violet
20260527099999729,6,Big,Red
20260527099999728,8,Big,Red
20260527099999727,2,Small,Red
20260527099999726,1,Small,Green
20260527099999725,8,Big,Red
20260527099999724,3,Small,Green
20260527099999723,2,Small,Red
20260527099999722,0,Small,Red Violet
20260527099999721,8,Big,Red
20260527099999720,2,Small,Red
20260527099999719,8,Big,Red
20260527099999718,9,Big,Green
20260527099999717,7,Big,Green
20260527099999716,5,Big,Green Violet
20260527099999715,1,Small,Green
20260527099999714,1,Small,Green
20260527099999713,0,Small,Red Violet
20260527099999712,9,Big,Green
20260527099999711,9,Big,Green
20260527099999710,4,Small,Red
20260527099999709,4,Small,Red
20260527099999708,5,Big,Green Violet
20260527099999707,4,Small,Red
20260527099999706,0,Small,Red Violet
20260527099999705,3,Small,Green
20260527099999704,1,Small,Green
20260527099999703,9,Big,Green
20260527099999702,9,Big,Green
20260527099999701,0,Small,Red Violet
20260527099999700,8,Big,Red
20260527099999699,9,Big,Green
20260527099999698,1,Small,Green
20260527099999697,5,Big,Green Violet
20260527099999696,1,Small,Green
20260527099999695,3,Small,Green
20260527099999694,3,Small,Green
20260527099999693,3,Small,Green
20260527099999692,9,Big,Green
20260527099999691,7,Big,Green
20260527099999690,2,Small,Red
20260527099999689,5,Big,Green Violet
20260527099999688,1,Small,Green
20260527099999687,3,Small,Green
20260527099999686,9,Big,Green
20260527099999685,9,Big,Green
20260527099999684,4,Small,Red
20260527099999683,1,Small,Green
20260527099999682,4,Small,Red
20260527099999681,5,Big,Green Violet
20260527099999680,7,Big,Green
20260527099999679,6,Big,Red
20260527099999678,3,Small,Green
20260527099999677,5,Big,Green Violet
20260527099999676,3,Small,Green
20260527099999675,5,Big,Green Violet
20260527099999674,9,Big,Green
20260527099999673,4,Small,Red
20260527099999672,9,Big,Green
20260527099999671,8,Big,Red
20260527099999670,5,Big,Green Violet
20260527099999669,0,Small,Red Violet
20260527099999668,3,Small,Green
20260527099999667,1,Small,Green
20260527099999666,6,Big,Red
20260527099999665,5,Big,Green Violet
20260527099999664,9,Big,Green
20260527099999663,5,Big,Green Violet
20260527099999662,9,Big,Green
20260527099999661,8,Big,Red
20260527099999660,3,Small,Green
20260527099999659,4,Small,Red
20260527099999658,3,Small,Green
20260527099999657,3,Small,Green
20260527099999656,7,Big,Green
20260527099999655,1,Small,Green
20260527099999654,5,Big,Green Violet
20260527099999653,0,Small,Red Violet
20260527099999652,5,Big,Green Violet
20260527099999651,6,Big,Red
20260527099999650,2,Small,Red
20260527099999649,4,Small,Red
20260527099999648,3,Small,Green
20260527099999647,5,Big,Green Violet
20260527099999646,1,Small,Green
20260527099999645,7,Big,Green
20260527099999644,4,Small,Red
20260527099999643,2,Small,Red
20260527099999642,7,Big,Green
20260527099999641,9,Big,Green
20260527099999640,4,Small,Red
20260527099999639,0,Small,Red Violet
20260527099999638,8,Big,Red
20260527099999637,8,Big,Red
20260527099999636,9,Big,Green
20260527099999635,3,Small,Green
20260527099999634,5,Big,Green Violet
20260527099999633,1,Small,Green
20260527099999632,7,Big,Green
20260527099999631,2,Small,Red
20260527099999630,3,Small,Green
20260527099999629,0,Small,Red Violet
20260527099999628,9,Big,Green
20260527099999627,1,Small,Green
20260527099999626,8,Big,Red
20260527099999625,6,Big,Red
20260527099999624,6,Big,Red
20260527099999623,9,Big,Green
20260527099999622,1,Small,Green
20260527099999621,8,Big,Red
20260527099999620,8,Big,Red
20260527099999619,1,Small,Green
20260527099999618,7,Big,Green
20260527099999617,0,Small,Red Violet
20260527099999616,2,Small,Red
20260527099999615,8,Big,Red
20260527099999614,0,Small,Red Violet
20260527099999613,6,Big,Red
20260527099999612,2,Small,Red
20260527099999611,2,Small,Red
20260527099999610,2,Small,Red
20260527099999609,8,Big,Red
20260527099999608,2,Small,Red
20260527099999607,0,Small,Red Violet
20260527099999606,4,Small,Red
20260527099999605,4,Small,Red
20260527099999604,2,Small,Red
20260527099999603,5,Big,Green Violet
20260527099999602,1,Small,Green
20260527099999601,5,Big,Green Violet
20260527099999600,1,Small,Green
20260527099999599,0,Small,Red Violet
20260527099999598,4,Small,Red
20260527099999597,5,Big,Green Violet
20260527099999596,2,Small,Red
20260527099999595,6,Big,Red
20260527099999594,9,Big,Green
20260527099999593,8,Big,Red
20260527099999592,6,Big,Red
20260527099999591,8,Big,Red
20260527099999590,9,Big,Green
20260527099999589,6,Big,Red
20260527099999588,1,Small,Green
20260527099999587,7,Big,Green
20260527099999586,1,Small,Green
20260527099999585,1,Small,Green
20260527099999584,6,Big,Red
20260527099999583,8,Big,Red
20260527099999582,5,Big,Green Violet
20260527099999581,6,Big,Red
20260527099999580,4,Small,Red
20260527099999579,7,Big,Green
20260527099999578,8,Big,Red
20260527099999577,3,Small,Green
20260527099999576,1,Small,Green
20260527099999575,1,Small,Green
20260527099999574,7,Big,Green
20260527099999573,1,Small,Green
20260527099999572,7,Big,Green
20260527099999571,6,Big,Red
20260527099999570,3,Small,Green
20260527099999569,1,Small,Green
20260527099999568,8,Big,Red
20260527099999567,5,Big,Green Violet
20260527099999566,5,Big,Green Violet
20260527099999565,3,Small,Green
20260527099999564,9,Big,Green
20260527099999563,4,Small,Red
20260527099999562,4,Small,Red
20260527099999561,8,Big,Red
20260527099999560,0,Small,Red Violet
20260527099999559,2,Small,Red
20260527099999558,1,Small,Green
20260527099999557,7,Big,Green
20260527099999556,7,Big,Green
20260527099999555,0,Small,Red Violet
20260527099999554,5,Big,Green Violet
20260527099999553,3,Small,Green
20260527099999552,4,Small,Red
20260527099999551,8,Big,Red
20260527099999550,6,Big,Red
20260527099999549,8,Big,Red
20260527099999548,1,Small,Green
20260527099999547,8,Big,Red
20260527099999546,8,Big,Red
20260527099999545,4,Small,Red
20260527099999544,5,Big,Green Violet
20260527099999543,7,Big,Green
20260527099999542,7,Big,Green
20260527099999541,2,Small,Red
20260527099999540,1,Small,Green
20260527099999539,2,Small,Red
20260527099999538,3,Small,Green
20260527099999537,4,Small,Red
20260527099999536,1,Small,Green
20260527099999535,9,Big,Green
20260527099999534,9,Big,Green
20260527099999533,2,Small,Red
20260527099999532,1,Small,Green
20260527099999531,8,Big,Red
20260527099999530,7,Big,Green
20260527099999529,5,Big,Green Violet
20260527099999528,1,Small,Green
20260527099999527,3,Small,Green
20260527099999526,7,Big,Green
20260527099999525,2,Small,Red
20260527099999524,9,Big,Green
20260527099999523,9,Big,Green
20260527099999522,4,Small,Red
20260527099999521,1,Small,Green
20260527099999520,4,Small,Red
20260527099999519,5,Big,Green Violet
20260527099999518,2,Small,Red
20260527099999517,3,Small,Green
20260527099999516,4,Small,Red
20260527099999515,2,Small,Red
20260527099999514,8,Big,Red
20260527099999513,9,Big,Green
20260527099999512,8,Big,Red
20260527099999511,1,Small,Green
20260527099999510,9,Big,Green
20260527099999509,9,Big,Green
20260527099999508,3,Small,Green
20260527099999507,6,Big,Red
20260527099999506,0,Small,Red Violet
20260527099999505,1,Small,Green
20260527099999504,8,Big,Red
20260527099999503,4,Small,Red
20260527099999502,9,Big,Green
20260527099999501,0,Small,Red Violet
20260527099999500,6,Big,Red
20260527099999499,3,Small,Green
20260527099999498,4,Small,Red
20260527099999497,5,Big,Green Violet
20260527099999496,0,Small,Red Violet
20260527099999495,0,Small,Red Violet
20260527099999494,3,Small,Green
20260527099999493,7,Big,Green
20260527099999492,2,Small,Red
20260527099999491,1,Small,Green
20260527099999490,0,Small,Red Violet
20260527099999489,5,Big,Green Violet
20260527099999488,1,Small,Green
20260527099999487,2,Small,Red
20260527099999486,3,Small,Green
20260527099999485,9,Big,Green
20260527099999484,6,Big,Red
20260527099999483,2,Small,Red
20260527099999482,4,Small,Red
20260527099999481,2,Small,Red
20260527099999480,7,Big,Green
20260527099999479,8,Big,Red
20260527099999478,3,Small,Green
20260527099999477,7,Big,Green
20260527099999476,0,Small,Red Violet
20260527099999475,8,Big,Red
20260527099999474,4,Small,Red
20260527099999473,4,Small,Red
20260527099999472,9,Big,Green
20260527099999471,3,Small,Green
20260527099999470,8,Big,Red
20260527099999469,4,Small,Red
20260527099999468,2,Small,Red
20260527099999467,9,Big,Green
20260527099999466,5,Big,Green Violet
20260527099999465,1,Small,Green
20260527099999464,1,Small,Green
20260527099999463,6,Big,Red
20260527099999462,4,Small,Red
20260527099999461,3,Small,Green
20260527099999460,3,Small,Green
20260527099999459,1,Small,Green
20260527099999458,9,Big,Green
20260527099999457,8,Big,Red
20260527099999456,6,Big,Red
20260527099999455,0,Small,Red Violet
20260527099999454,0,Small,Red Violet
20260527099999453,5,Big,Green Violet
20260527099999452,8,Big,Red
20260527099999451,8,Big,Red
20260527099999450,8,Big,Red
20260527099999449,7,Big,Green
20260527099999448,8,Big,Red
20260527099999447,5,Big,Green Violet
20260527099999446,9,Big,Green
20260527099999445,6,Big,Red
20260527099999444,8,Big,Red
20260527099999443,4,Small,Red
20260527099999442,2,Small,Red
20260527099999441,0,Small,Red Violet
20260527099999440,1,Small,Green
20260527099999439,7,Big,Green
20260527099999438,3,Small,Green
20260527099999437,4,Small,Red
20260527099999436,0,Small,Red Violet
20260527099999435,3,Small,Green
20260527099999434,6,Big,Red
20260527099999433,3,Small,Green
20260527099999432,9,Big,Green
20260527099999431,8,Big,Red
20260527099999430,9,Big,Green
20260527099999429,5,Big,Green Violet
20260527099999428,2,Small,Red
20260527099999427,3,Small,Green
20260527099999426,4,Small,Red
20260527099999425,9,Big,Green
20260527099999424,3,Small,Green
20260527099999423,6,Big,Red
20260527099999422,5,Big,Green Violet
20260527099999421,1,Small,Green
20260527099999420,3,Small,Green
20260527099999419,8,Big,Red
20260527099999418,9,Big,Green
20260527099999417,3,Small,Green
20260527099999416,0,Small,Red Violet
20260527099999415,9,Big,Green
20260527099999414,0,Small,Red Violet
20260527099999413,4,Small,Red
20260527099999412,8,Big,Red
20260527099999411,4,Small,Red
20260527099999410,5,Big,Green Violet
20260527099999409,8,Big,Red
20260527099999408,3,Small,Green
20260527099999407,9,Big,Green
20260527099999406,1,Small,Green
20260527099999405,5,Big,Green Violet
20260527099999404,3,Small,Green
20260527099999403,2,Small,Red
20260527099999402,1,Small,Green
20260527099999401,9,Big,Green
20260527099999400,7,Big,Green
20260527099999399,2,Small,Red
20260527099999398,5,Big,Green Violet
20260527099999397,4,Small,Red
20260527099999396,4,Small,Red
20260527099999395,2,Small,Red
20260527099999394,4,Small,Red
20260527099999393,0,Small,Red Violet
20260527099999392,6,Big,Red
20260527099999391,4,Small,Red
20260527099999390,1,Small,Green
20260527099999389,9,Big,Green
20260527099999388,7,Big,Green
20260527099999387,4,Small,Red
20260527099999386,8,Big,Red
20260527099999385,4,Small,Red
20260527099999384,3,Small,Green
20260527099999383,8,Big,Red
20260527099999382,7,Big,Green
20260527099999381,2,Small,Red
20260527099999380,6,Big,Red
20260527099999379,8,Big,Red
20260527099999378,2,Small,Red
20260527099999377,9,Big,Green
20260527099999376,2,Small,Red
20260527099999375,1,Small,Green
20260527099999374,8,Big,Red
20260527099999373,7,Big,Green
20260527099999372,6,Big,Red
20260527099999371,0,Small,Red Violet
20260527099999370,9,Big,Green
20260527099999369,2,Small,Red
20260527099999368,1,Small,Green
20260527099999367,0,Small,Red Violet
20260527099999366,5,Big,Green Violet
20260527099999365,2,Small,Red
20260527099999364,6,Big,Red
20260527099999363,4,Small,Red
20260527099999362,7,Big,Green
20260527099999361,7,Big,Green
20260527099999360,2,Small,Red
20260527099999359,3,Small,Green
20260527099999358,0,Small,Red Violet
20260527099999357,5,Big,Green Violet
20260527099999356,4,Small,Red
20260527099999355,2,Small,Red
20260527099999354,9,Big,Green
20260527099999353,3,Small,Green
20260527099999352,2,Small,Red
20260527099999351,4,Small,Red
20260527099999350,3,Small,Green
20260527099999349,4,Small,Red
20260527099999348,4,Small,Red
20260527099999347,6,Big,Red
20260527099999346,6,Big,Red
20260527099999345,8,Big,Red
20260527099999344,7,Big,Green
20260527099999343,9,Big,Green
20260527099999342,7,Big,Green
20260527099999341,8,Big,Red
20260527099999340,2,Small,Red
20260527099999339,1,Small,Green
20260527099999338,3,Small,Green
20260527099999337,4,Small,Red
20260527099999336,7,Big,Green
20260527099999335,5,Big,Green Violet
20260527099999334,9,Big,Green
20260527099999333,2,Small,Red
20260527099999332,0,Small,Red Violet
20260527099999331,9,Big,Green
20260527099999330,8,Big,Red
20260527099999329,0,Small,Red Violet
20260527099999328,5,Big,Green Violet
20260527099999327,4,Small,Red
20260527099999326,8,Big,Red
20260527099999325,8,Big,Red
20260527099999324,1,Small,Green
20260527099999323,3,Small,Green
20260527099999322,0,Small,Red Violet
20260527099999321,2,Small,Red
20260527099999320,4,Small,Red
20260527099999319,3,Small,Green
20260527099999318,5,Big,Green Violet
20260527099999317,7,Big,Green
20260527099999316,7,Big,Green
20260527099999315,1,Small,Green
20260527099999314,3,Small,Green
20260527099999313,4,Small,Red
20260527099999312,2,Small,Red
20260527099999311,8,Big,Red
20260527099999310,9,Big,Green
20260527099999309,9,Big,Green
20260527099999308,5,Big,Green Violet
20260527099999307,1,Small,Green
20260527099999306,2,Small,Red
20260527099999305,3,Small,Green
20260527099999304,8,Big,Red
20260527099999303,4,Small,Red
20260527099999302,7,Big,Green
20260527099999301,4,Small,Red
20260527099999300,2,Small,Red
20260527099999299,8,Big,Red
20260527099999298,5,Big,Green Violet
20260527099999297,6,Big,Red
20260527099999296,6,Big,Red
20260527099999295,5,Big,Green Violet
20260527099999294,9,Big,Green
20260527099999293,9,Big,Green
20260527099999292,0,Small,Red Violet
20260527099999291,9,Big,Green
20260527099999290,7,Big,Green
20260527099999289,7,Big,Green
20260527099999288,9,Big,Green
20260527099999287,9,Big,Green
20260527099999286,8,Big,Red
20260527099999285,4,Small,Red
20260527099999284,3,Small,Green
20260527099999283,8,Big,Red
20260527099999282,5,Big,Green Violet
20260527099999281,9,Big,Green
20260527099999280,0,Small,Red Violet
20260527099999279,6,Big,Red
20260527099999278,3,Small,Green
20260527099999277,0,Small,Red Violet
20260527099999276,0,Small,Red Violet
20260527099999275,4,Small,Red
20260527099999274,6,Big,Red
20260527099999273,2,Small,Red
20260527099999272,3,Small,Green
20260527099999271,6,Big,Red
20260527099999270,2,Small,Red
20260527099999269,1,Small,Green
20260527099999268,4,Small,Red
20260527099999267,2,Small,Red
20260527099999266,1,Small,Green
20260527099999265,7,Big,Green
20260527099999264,3,Small,Green
20260527099999263,9,Big,Green
20260527099999262,2,Small,Red
20260527099999261,5,Big,Green Violet
20260527099999260,3,Small,Green
20260527099999259,0,Small,Red Violet
20260527099999258,4,Small,Red
20260527099999257,8,Big,Red
20260527099999256,4,Small,Red
20260527099999255,4,Small,Red
20260527099999254,6,Big,Red
20260527099999253,0,Small,Red Violet
20260527099999252,8,Big,Red
20260527099999251,6,Big,Red
20260527099999250,3,Small,Green
20260527099999249,2,Small,Red
20260527099999248,3,Small,Green
20260527099999247,5,Big,Green Violet
20260527099999246,1,Small,Green
20260527099999245,9,Big,Green
20260527099999244,4,Small,Red
20260527099999243,3,Small,Green
20260527099999242,4,Small,Red
20260527099999241,1,Small,Green
20260527099999240,5,Big,Green Violet
20260527099999239,4,Small,Red
20260527099999238,8,Big,Red
20260527099999237,9,Big,Green
20260527099999236,6,Big,Red
20260527099999235,0,Small,Red Violet
20260527099999234,7,Big,Green
20260527099999233,1,Small,Green
20260527099999232,4,Small,Red
20260527099999231,9,Big,Green
20260527099999230,8,Big,Red
20260527099999229,3,Small,Green
20260527099999228,7,Big,Green
20260527099999227,9,Big,Green
20260527099999226,0,Small,Red Violet
20260527099999225,0,Small,Red Violet
20260527099999224,0,Small,Red Violet
20260527099999223,5,Big,Green Violet
20260527099999222,9,Big,Green
20260527099999221,7,Big,Green
20260527099999220,9,Big,Green
20260527099999219,1,Small,Green
20260527099999218,0,Small,Red Violet
20260527099999217,8,Big,Red
20260527099999216,2,Small,Red
20260527099999215,8,Big,Red
20260527099999214,8,Big,Red
20260527099999213,7,Big,Green
20260527099999212,4,Small,Red
20260527099999211,3,Small,Green
20260527099999210,1,Small,Green
20260527099999209,3,Small,Green
20260527099999208,1,Small,Green
20260527099999207,5,Big,Green Violet
20260527099999206,1,Small,Green
20260527099999205,3,Small,Green
20260527099999204,1,Small,Green
20260527099999203,1,Small,Green
20260527099999202,8,Big,Red
20260527099999201,0,Small,Red Violet
20260527099999200,0,Small,Red Violet
20260527099999199,3,Small,Green
20260527099999198,4,Small,Red
20260527099999197,0,Small,Red Violet
20260527099999196,4,Small,Red
20260527099999195,8,Big,Red
20260527099999194,5,Big,Green Violet
20260527099999193,0,Small,Red Violet
20260527099999192,6,Big,Red
20260527099999191,7,Big,Green
20260527099999190,1,Small,Green
20260527099999189,7,Big,Green
20260527099999188,7,Big,Green
20260527099999187,5,Big,Green Violet
20260527099999186,6,Big,Red
20260527099999185,2,Small,Red
20260527099999184,2,Small,Red
20260527099999183,2,Small,Red
20260527099999182,8,Big,Red
20260527099999181,1,Small,Green
20260527099999180,9,Big,Green
20260527099999179,2,Small,Red
20260527099999178,8,Big,Red
20260527099999177,3,Small,Green
20260527099999176,7,Big,Green
20260527099999175,6,Big,Red
20260527099999174,3,Small,Green
20260527099999173,6,Big,Red
20260527099999172,9,Big,Green
20260527099999171,5,Big,Green Violet
20260527099999170,7,Big,Green
20260527099999169,2,Small,Red
20260527099999168,8,Big,Red
20260527099999167,2,Small,Red
20260527099999166,1,Small,Green
20260527099999165,9,Big,Green
20260527099999164,0,Small,Red Violet
20260527099999163,4,Small,Red
20260527099999162,0,Small,Red Violet
20260527099999161,1,Small,Green
20260527099999160,7,Big,Green
20260527099999159,4,Small,Red
20260527099999158,4,Small,Red
20260527099999157,0,Small,Red Violet
20260527099999156,1,Small,Green
20260527099999155,0,Small,Red Violet
20260527099999154,7,Big,Green
20260527099999153,4,Small,Red
20260527099999152,0,Small,Red Violet
20260527099999151,8,Big,Red
20260527099999150,5,Big,Green Violet
20260527099999149,3,Small,Green
20260527099999148,3,Small,Green
20260527099999147,7,Big,Green
20260527099999146,7,Big,Green
20260527099999145,4,Small,Red
20260527099999144,7,Big,Green
20260527099999143,3,Small,Green
20260527099999142,0,Small,Red Violet
20260527099999141,6,Big,Red
20260527099999140,8,Big,Red
20260527099999139,6,Big,Red
20260527099999138,1,Small,Green
20260527099999137,9,Big,Green
20260527099999136,3,Small,Green
20260527099999135,9,Big,Green
20260527099999134,9,Big,Green
20260527099999133,3,Small,Green
20260527099999132,0,Small,Red Violet
20260527099999131,3,Small,Green
20260527099999130,1,Small,Green
20260527099999129,6,Big,Red
20260527099999128,7,Big,Green
20260527099999127,8,Big,Red
20260527099999126,4,Small,Red
20260527099999125,9,Big,Green
20260527099999124,6,Big,Red
20260527099999123,6,Big,Red
20260527099999122,3,Small,Green
20260527099999121,8,Big,Red
20260527099999120,0,Small,Red Violet
20260527099999119,9,Big,Green
20260527099999118,5,Big,Green Violet
20260527099999117,8,Big,Red
20260527099999116,6,Big,Red
20260527099999115,7,Big,Green
20260527099999114,5,Big,Green Violet
20260527099999113,8,Big,Red
20260527099999112,8,Big,Red
20260527099999111,3,Small,Green
20260527099999110,3,Small,Green
20260527099999109,9,Big,Green
20260527099999108,0,Small,Red Violet
20260527099999107,1,Small,Green
20260527099999106,3,Small,Green
20260527099999105,0,Small,Red Violet
20260527099999104,6,Big,Red
20260527099999103,8,Big,Red
20260527099999102,6,Big,Red
20260527099999101,5,Big,Green Violet
20260527099999100,9,Big,Green
20260527099999099,7,Big,Green
20260527099999098,1,Small,Green
20260527099999097,5,Big,Green Violet
20260527099999096,9,Big,Green
20260527099999095,8,Big,Red
20260527099999094,1,Small,Green
20260527099999093,1,Small,Green
20260527099999092,3,Small,Green
20260527099999091,1,Small,Green
20260527099999090,3,Small,Green
20260527099999089,1,Small,Green
20260527099999088,3,Small,Green
20260527099999087,3,Small,Green
20260527099999086,7,Big,Green
20260527099999085,4,Small,Red
20260527099999084,6,Big,Red
20260527099999083,6,Big,Red
20260527099999082,7,Big,Green
20260527099999081,9,Big,Green
20260527099999080,2,Small,Red
20260527099999079,3,Small,Green
20260527099999078,9,Big,Green
20260527099999077,8,Big,Red
20260527099999076,4,Small,Red
20260527099999075,4,Small,Red
20260527099999074,4,Small,Red
20260527099999073,5,Big,Green Violet
20260527099999072,5,Big,Green Violet
20260527099999071,0,Small,Red Violet
20260527099999070,2,Small,Red
20260527099999069,1,Small,Green
20260527099999068,3,Small,Green
20260527099999067,0,Small,Red Violet
20260527099999066,3,Small,Green
20260527099999065,8,Big,Red
20260527099999064,5,Big,Green Violet
20260527099999063,7,Big,Green
20260527099999062,2,Small,Red
20260527099999061,9,Big,Green
20260527099999060,2,Small,Red
20260527099999059,3,Small,Green
20260527099999058,4,Small,Red
20260527099999057,9,Big,Green
20260527099999056,6,Big,Red
20260527099999055,3,Small,Green
20260527099999054,6,Big,Red
20260527099999053,8,Big,Red
20260527099999052,0,Small,Red Violet
20260527099999051,4,Small,Red
20260527099999050,4,Small,Red
20260527099999049,5,Big,Green Violet
20260527099999048,1,Small,Green
20260527099999047,6,Big,Red
20260527099999046,2,Small,Red
20260527099999045,3,Small,Green
20260527099999044,5,Big,Green Violet
20260527099999043,7,Big,Green
20260527099999042,0,Small,Red Violet
20260527099999041,1,Small,Green
20260527099999040,9,Big,Green
20260527099999039,3,Small,Green
20260527099999038,4,Small,Red
20260527099999037,7,Big,Green
20260527099999036,2,Small,Red
20260527099999035,6,Big,Red
20260527099999034,2,Small,Red
20260527099999033,4,Small,Red
20260527099999032,2,Small,Red
20260527099999031,8,Big,Red
20260527099999030,9,Big,Green
20260527099999029,6,Big,Red
20260527099999028,8,Big,Red
20260527099999027,0,Small,Red Violet
20260527099999026,9,Big,Green
20260527099999025,5,Big,Green Violet
20260527099999024,0,Small,Red Violet
20260527099999023,3,Small,Green
20260527099999022,3,Small,Green
20260527099999021,3,Small,Green
20260527099999020,9,Big,Green
20260527099999019,3,Small,Green
20260527099999018,9,Big,Green
20260527099999017,2,Small,Red
20260527099999016,5,Big,Green Violet
20260527099999015,7,Big,Green
20260527099999014,6,Big,Red
20260527099999013,1,Small,Green
20260527099999012,1,Small,Green
20260527099999011,2,Small,Red
20260527099999010,1,Small,Green
20260527099999009,9,Big,Green
20260527099999008,3,Small,Green
20260527099999007,8,Big,Red
20260527099999006,9,Big,Green
20260527099999005,5,Big,Green Violet
20260527099999004,0,Small,Red Violet
20260527099999003,2,Small,Red
20260527099999002,8,Big,Red
20260527099999001,5,Big,Green Violet
20260527099999000,1,Small,Green
20260527099998999,7,Big,Green
20260527099998998,3,Small,Green
20260527099998997,0,Small,Red Violet
20260527099998996,1,Small,Green
20260527099998995,7,Big,Green
20260527099998994,3,Small,Green
20260527099998993,5,Big,Green Violet
20260527099998992,3,Small,Green
20260527099998991,3,Small,Green
20260527099998990,3,Small,Green
20260527099998989,4,Small,Red
20260527099998988,1,Small,Green
20260527099998987,0,Small,Red Violet
20260527099998986,8,Big,Red
20260527099998985,0,Small,Red Violet
20260527099998984,3,Small,Green
20260527099998983,0,Small,Red Violet
20260527099998982,2,Small,Red
20260527099998981,5,Big,Green Violet
20260527099998980,3,Small,Green
20260527099998979,9,Big,Green
20260527099998978,1,Small,Green
20260527099998977,5,Big,Green Violet
20260527099998976,3,Small,Green
20260527099998975,8,Big,Red
20260527099998974,8,Big,Red
20260527099998973,2,Small,Red
20260527099998972,5,Big,Green Violet
20260527099998971,2,Small,Red
20260527099998970,2,Small,Red
20260527099998969,1,Small,Green
20260527099998968,8,Big,Red
20260527099998967,0,Small,Red Violet
20260527099998966,5,Big,Green Violet
20260527099998965,3,Small,Green
20260527099998964,1,Small,Green
20260527099998963,2,Small,Red
20260527099998962,8,Big,Red
20260527099998961,2,Small,Red
20260527099998960,8,Big,Red
20260527099998959,7,Big,Green
20260527099998958,2,Small,Red
20260527099998957,0,Small,Red Violet
20260527099998956,2,Small,Red
20260527099998955,2,Small,Red
20260527099998954,1,Small,Green
20260527099998953,4,Small,Red
20260527099998952,3,Small,Green
20260527099998951,3,Small,Green
20260527099998950,0,Small,Red Violet
20260527099998949,2,Small,Red
20260527099998948,5,Big,Green Violet
20260527099998947,4,Small,Red
20260527099998946,5,Big,Green Violet
20260527099998945,7,Big,Green
20260527099998944,1,Small,Green
20260527099998943,8,Big,Red
20260527099998942,3,Small,Green
20260527099998941,2,Small,Red
20260527099998940,6,Big,Red
20260527099998939,6,Big,Red
20260527099998938,3,Small,Green
20260527099998937,0,Small,Red Violet
20260527099998936,3,Small,Green
20260527099998935,4,Small,Red
20260527099998934,3,Small,Green
20260527099998933,9,Big,Green
20260527099998932,2,Small,Red
20260527099998931,2,Small,Red
20260527099998930,3,Small,Green
20260527099998929,4,Small,Red
20260527099998928,0,Small,Red Violet
20260527099998927,9,Big,Green
20260527099998926,6,Big,Red
20260527099998925,3,Small,Green
20260527099998924,1,Small,Green
20260527099998923,5,Big,Green Violet
20260527099998922,8,Big,Red
20260527099998921,0,Small,Red Violet
20260527099998920,5,Big,Green Violet
20260527099998919,3,Small,Green
20260527099998918,7,Big,Green
20260527099998917,7,Big,Green
20260527099998916,2,Small,Red
20260527099998915,5,Big,Green Violet
20260527099998914,2,Small,Red
20260527099998913,8,Big,Red
20260527099998912,3,Small,Green
20260527099998911,2,Small,Red
20260527099998910,6,Big,Red
20260527099998909,1,Small,Green
20260527099998908,2,Small,Red
20260527099998907,7,Big,Green
20260527099998906,8,Big,Red
20260527099998905,1,Small,Green
20260527099998904,4,Small,Red
20260527099998903,3,Small,Green
20260527099998902,0,Small,Red Violet
20260527099998901,5,Big,Green Violet
20260527099998900,7,Big,Green
20260527099998899,5,Big,Green Violet
20260527099998898,4,Small,Red
20260527099998897,5,Big,Green Violet
20260527099998896,3,Small,Green
20260527099998895,6,Big,Red
20260527099998894,2,Small,Red
20260527099998893,4,Small,Red
20260527099998892,0,Small,Red Violet
20260527099998891,1,Small,Green
20260527099998890,4,Small,Red
20260527099998889,9,Big,Green
20260527099998888,8,Big,Red
20260527099998887,2,Small,Red
20260527099998886,4,Small,Red
20260527099998885,0,Small,Red Violet
20260527099998884,9,Big,Green
20260527099998883,7,Big,Green
20260527099998882,7,Big,Green
20260527099998881,1,Small,Green
20260527099998880,7,Big,Green
20260527099998879,6,Big,Red
20260527099998878,1,Small,Green
20260527099998877,9,Big,Green
20260527099998876,8,Big,Red
20260527099998875,5,Big,Green Violet
20260527099998874,9,Big,Green
20260527099998873,0,Small,Red Violet
20260527099998872,4,Small,Red
20260527099998871,8,Big,Red
20260527099998870,5,Big,Green Violet
20260527099998869,3,Small,Green
20260527099998868,3,Small,Green
20260527099998867,4,Small,Red
20260527099998866,7,Big,Green
20260527099998865,7,Big,Green
20260527099998864,8,Big,Red
20260527099998863,2,Small,Red
20260527099998862,5,Big,Green Violet
20260527099998861,2,Small,Red
20260527099998860,6,Big,Red
20260527099998859,2,Small,Red
20260527099998858,3,Small,Green
20260527099998857,4,Small,Red
20260527099998856,6,Big,Red
20260527099998855,3,Small,Green
20260527099998854,2,Small,Red
20260527099998853,4,Small,Red
20260527099998852,7,Big,Green
20260527099998851,1,Small,Green
20260527099998850,2,Small,Red
20260527099998849,7,Big,Green
20260527099998848,8,Big,Red
20260527099998847,4,Small,Red
20260527099998846,5,Big,Green Violet
20260527099998845,6,Big,Red
20260527099998844,4,Small,Red
20260527099998843,4,Small,Red
20260527099998842,0,Small,Red Violet
20260527099998841,5,Big,Green Violet
20260527099998840,2,Small,Red
20260527099998839,6,Big,Red
20260527099998838,6,Big,Red
20260527099998837,7,Big,Green
20260527099998836,1,Small,Green
20260527099998835,9,Big,Green
20260527099998834,2,Small,Red
20260527099998833,5,Big,Green Violet
20260527099998832,3,Small,Green
20260527099998831,7,Big,Green
20260527099998830,9,Big,Green
20260527099998829,3,Small,Green
20260527099998828,9,Big,Green
20260527099998827,6,Big,Red
20260527099998826,9,Big,Green
20260527099998825,1,Small,Green
20260527099998824,8,Big,Red
20260527099998823,5,Big,Green Violet
20260527099998822,7,Big,Green
20260527099998821,7,Big,Green
20260527099998820,4,Small,Red
20260527099998819,3,Small,Green
20260527099998818,5,Big,Green Violet
20260527099998817,0,Small,Red Violet
20260527099998816,8,Big,Red
20260527099998815,0,Small,Red Violet
20260527099998814,3,Small,Green
20260527099998813,8,Big,Red
20260527099998812,0,Small,Red Violet
20260527099998811,8,Big,Red
20260527099998810,0,Small,Red Violet
20260527099998809,5,Big,Green Violet
20260527099998808,2,Small,Red
20260527099998807,5,Big,Green Violet
20260527099998806,4,Small,Red
20260527099998805,7,Big,Green
20260527099998804,2,Small,Red
20260527099998803,6,Big,Red
20260527099998802,8,Big,Red
20260527099998801,4,Small,Red
20260527099998800,3,Small,Green
20260527099998799,1,Small,Green
20260527099998798,6,Big,Red
20260527099998797,4,Small,Red
20260527099998796,6,Big,Red
20260527099998795,7,Big,Green
20260527099998794,1,Small,Green
20260527099998793,0,Small,Red Violet
20260527099998792,7,Big,Green
20260527099998791,4,Small,Red
20260527099998790,6,Big,Red
20260527099998789,6,Big,Red
20260527099998788,8,Big,Red
20260527099998787,8,Big,Red
20260527099998786,3,Small,Green
20260527099998785,3,Small,Green
20260527099998784,8,Big,Red
20260527099998783,8,Big,Red
20260527099998782,4,Small,Red
20260527099998781,8,Big,Red
20260527099998780,0,Small,Red Violet
20260527099998779,7,Big,Green
20260527099998778,8,Big,Red
20260527099998777,5,Big,Green Violet
20260527099998776,0,Small,Red Violet
20260527099998775,0,Small,Red Violet
20260527099998774,6,Big,Red
20260527099998773,3,Small,Green
20260527099998772,1,Small,Green
20260527099998771,8,Big,Red
20260527099998770,9,Big,Green
20260527099998769,3,Small,Green
20260527099998768,5,Big,Green Violet
20260527099998767,4,Small,Red
20260527099998766,6,Big,Red
20260527099998765,7,Big,Green
20260527099998764,0,Small,Red Violet
20260527099998763,3,Small,Green
20260527099998762,2,Small,Red
20260527099998761,6,Big,Red
20260527099998760,9,Big,Green
20260527099998759,6,Big,Red
20260527099998758,3,Small,Green
20260527099998757,0,Small,Red Violet
20260527099998756,1,Small,Green
20260527099998755,0,Small,Red Violet
20260527099998754,9,Big,Green
20260527099998753,4,Small,Red
20260527099998752,3,Small,Green
20260527099998751,0,Small,Red Violet
20260527099998750,2,Small,Red
20260527099998749,0,Small,Red Violet
20260527099998748,6,Big,Red
20260527099998747,1,Small,Green
20260527099998746,9,Big,Green
20260527099998745,8,Big,Red
20260527099998744,4,Small,Red
20260527099998743,5,Big,Green Violet
20260527099998742,2,Small,Red
20260527099998741,6,Big,Red
20260527099998740,5,Big,Green Violet
20260527099998739,2,Small,Red
20260527099998738,2,Small,Red
20260527099998737,6,Big,Red
20260527099998736,9,Big,Green
20260527099998735,7,Big,Green
20260527099998734,5,Big,Green Violet
20260527099998733,2,Small,Red
20260527099998732,9,Big,Green
20260527099998731,1,Small,Green
20260527099998730,3,Small,Green
20260527099998729,2,Small,Red
20260527099998728,3,Small,Green
20260527099998727,4,Small,Red
20260527099998726,6,Big,Red
20260527099998725,9,Big,Green
20260527099998724,6,Big,Red
20260527099998723,6,Big,Red
20260527099998722,0,Small,Red Violet
20260527099998721,7,Big,Green
20260527099998720,2,Small,Red
20260527099998719,1,Small,Green
20260527099998718,4,Small,Red
20260527099998717,0,Small,Red Violet
20260527099998716,0,Small,Red Violet
20260527099998715,1,Small,Green
20260527099998714,0,Small,Red Violet
20260527099998713,1,Small,Green
20260527099998712,8,Big,Red
20260527099998711,9,Big,Green
20260527099998710,2,Small,Red
20260527099998709,4,Small,Red
20260527099998708,1,Small,Green
20260527099998707,9,Big,Green
20260527099998706,8,Big,Red
20260527099998705,1,Small,Green
20260527099998704,3,Small,Green
20260527099998703,1,Small,Green
20260527099998702,1,Small,Green
20260527099998701,1,Small,Green
20260527099998700,9,Big,Green
20260527099998699,6,Big,Red
20260527099998698,9,Big,Green
20260527099998697,7,Big,Green
20260527099998696,7,Big,Green
20260527099998695,6,Big,Red
20260527099998694,2,Small,Red
20260527099998693,2,Small,Red
20260527099998692,1,Small,Green
20260527099998691,7,Big,Green
20260527099998690,4,Small,Red
20260527099998689,8,Big,Red
20260527099998688,6,Big,Red
20260527099998687,1,Small,Green
20260527099998686,3,Small,Green
20260527099998685,4,Small,Red
20260527099998684,6,Big,Red
20260527099998683,8,Big,Red
20260527099998682,8,Big,Red
20260527099998681,2,Small,Red
20260527099998680,4,Small,Red
20260527099998679,3,Small,Green
20260527099998678,8,Big,Red
20260527099998677,2,Small,Red
20260527099998676,3,Small,Green
20260527099998675,5,Big,Green Violet
20260527099998674,8,Big,Red
20260527099998673,6,Big,Red
20260527099998672,3,Small,Green
20260527099998671,7,Big,Green
20260527099998670,1,Small,Green
20260527099998669,5,Big,Green Violet
20260527099998668,1,Small,Green
20260527099998667,2,Small,Red
20260527099998666,0,Small,Red Violet
20260527099998665,3,Small,Green
20260527099998664,1,Small,Green
20260527099998663,2,Small,Red
20260527099998662,5,Big,Green Violet
20260527099998661,3,Small,Green
20260527099998660,3,Small,Green
20260527099998659,8,Big,Red
20260527099998658,6,Big,Red
20260527099998657,7,Big,Green
20260527099998656,9,Big,Green
20260527099998655,8,Big,Red
20260527099998654,7,Big,Green
20260527099998653,2,Small,Red
20260527099998652,5,Big,Green Violet
20260527099998651,5,Big,Green Violet
20260527099998650,9,Big,Green
20260527099998649,3,Small,Green
20260527099998648,7,Big,Green
20260527099998647,4,Small,Red
20260527099998646,8,Big,Red
20260527099998645,8,Big,Red
20260527099998644,4,Small,Red
20260527099998643,5,Big,Green Violet
20260527099998642,8,Big,Red
20260527099998641,8,Big,Red
20260527099998640,1,Small,Green
20260527099998639,3,Small,Green
20260527099998638,5,Big,Green Violet
20260527099998637,8,Big,Red
20260527099998636,0,Small,Red Violet
20260527099998635,6,Big,Red
20260527099998634,8,Big,Red
20260527099998633,1,Small,Green
20260527099998632,4,Small,Red
20260527099998631,0,Small,Red Violet
20260527099998630,7,Big,Green
20260527099998629,4,Small,Red
20260527099998628,7,Big,Green
20260527099998627,2,Small,Red
20260527099998626,4,Small,Red
20260527099998625,7,Big,Green
20260527099998624,8,Big,Red
20260527099998623,0,Small,Red Violet
20260527099998622,1,Small,Green
20260527099998621,9,Big,Green
20260527099998620,4,Small,Red
20260527099998619,9,Big,Green
20260527099998618,2,Small,Red
20260527099998617,0,Small,Red Violet
20260527099998616,2,Small,Red
20260527099998615,5,Big,Green Violet
20260527099998614,7,Big,Green
20260527099998613,8,Big,Red
20260527099998612,4,Small,Red
20260527099998611,1,Small,Green
20260527099998610,4,Small,Red
20260527099998609,7,Big,Green
20260527099998608,9,Big,Green
20260527099998607,1,Small,Green
20260527099998606,1,Small,Green
20260527099998605,7,Big,Green
20260527099998604,0,Small,Red Violet
20260527099998603,3,Small,Green
20260527099998602,3,Small,Green
20260527099998601,5,Big,Green Violet
20260527099998600,1,Small,Green
20260527099998599,5,Big,Green Violet
20260527099998598,5,Big,Green Violet
20260527099998597,6,Big,Red
20260527099998596,2,Small,Red
20260527099998595,3,Small,Green
20260527099998594,2,Small,Red
20260527099998593,8,Big,Red
20260527099998592,3,Small,Green
20260527099998591,1,Small,Green
20260527099998590,0,Small,Red Violet
20260527099998589,9,Big,Green
20260527099998588,7,Big,Green
20260527099998587,8,Big,Red
20260527099998586,4,Small,Red
20260527099998585,7,Big,Green
20260527099998584,9,Big,Green
20260527099998583,6,Big,Red
20260527099998582,8,Big,Red
20260527099998581,8,Big,Red
20260527099998580,8,Big,Red
20260527099998579,5,Big,Green Violet
20260527099998578,6,Big,Red
20260527099998577,9,Big,Green
20260527099998576,4,Small,Red
20260527099998575,4,Small,Red
20260527099998574,6,Big,Red
20260527099998573,9,Big,Green
20260527099998572,0,Small,Red Violet
20260527099998571,0,Small,Red Violet
20260527099998570,9,Big,Green
20260527099998569,5,Big,Green Violet
20260527099998568,6,Big,Red
20260527099998567,7,Big,Green
20260527099998566,2,Small,Red
20260527099998565,0,Small,Red Violet
20260527099998564,8,Big,Red
20260527099998563,4,Small,Red
20260527099998562,7,Big,Green
20260527099998561,7,Big,Green
20260527099998560,3,Small,Green
20260527099998559,7,Big,Green
20260527099998558,9,Big,Green
20260527099998557,3,Small,Green
20260527099998556,0,Small,Red Violet
20260527099998555,4,Small,Red
20260527099998554,7,Big,Green
20260527099998553,3,Small,Green
20260527099998552,7,Big,Green
20260527099998551,6,Big,Red
20260527099998550,4,Small,Red
20260527099998549,3,Small,Green
20260527099998548,6,Big,Red
20260527099998547,7,Big,Green
20260527099998546,3,Small,Green
20260527099998545,1,Small,Green
20260527099998544,4,Small,Red
20260527099998543,1,Small,Green
20260527099998542,2,Small,Red
20260527099998541,7,Big,Green
20260527099998540,7,Big,Green
20260527099998539,7,Big,Green
20260527099998538,9,Big,Green
20260527099998537,6,Big,Red
20260527099998536,1,Small,Green
20260527099998535,2,Small,Red
20260527099998534,8,Big,Red
20260527099998533,1,Small,Green
20260527099998532,7,Big,Green
20260527099998531,9,Big,Green
20260527099998530,7,Big,Green
20260527099998529,7,Big,Green
20260527099998528,2,Small,Red
20260527099998527,0,Small,Red Violet
20260527099998526,8,Big,Red
20260527099998525,8,Big,Red
20260527099998524,1,Small,Green
20260527099998523,1,Small,Green
20260527099998522,2,Small,Red
20260527099998521,0,Small,Red Violet
20260527099998520,8,Big,Red
20260527099998519,0,Small,Red Violet
20260527099998518,9,Big,Green
20260527099998517,3,Small,Green
20260527099998516,1,Small,Green
20260527099998515,8,Big,Red
20260527099998514,1,Small,Green
20260527099998513,6,Big,Red
20260527099998512,7,Big,Green
20260527099998511,7,Big,Green
20260527099998510,6,Big,Red
20260527099998509,3,Small,Green
20260527099998508,8,Big,Red
20260527099998507,8,Big,Red
20260527099998506,6,Big,Red
20260527099998505,9,Big,Green
20260527099998504,0,Small,Red Violet
20260527099998503,2,Small,Red
20260527099998502,5,Big,Green Violet
20260527099998501,8,Big,Red
20260527099998500,4,Small,Red
20260527099998499,1,Small,Green
20260527099998498,8,Big,Red
20260527099998497,8,Big,Red
20260527099998496,0,Small,Red Violet
20260527099998495,6,Big,Red
20260527099998494,9,Big,Green
20260527099998493,3,Small,Green
20260527099998492,0,Small,Red Violet
20260527099998491,2,Small,Red
20260527099998490,9,Big,Green
20260527099998489,1,Small,Green
20260527099998488,2,Small,Red
20260527099998487,2,Small,Red
20260527099998486,4,Small,Red
20260527099998485,5,Big,Green Violet
20260527099998484,3,Small,Green
20260527099998483,2,Small,Red
20260527099998482,2,Small,Red
20260527099998481,5,Big,Green Violet
20260527099998480,8,Big,Red
20260527099998479,0,Small,Red Violet
20260527099998478,0,Small,Red Violet
20260527099998477,3,Small,Green
20260527099998476,9,Big,Green
20260527099998475,0,Small,Red Violet
20260527099998474,3,Small,Green
20260527099998473,1,Small,Green
20260527099998472,3,Small,Green
20260527099998471,5,Big,Green Violet
20260527099998470,2,Small,Red
20260527099998469,8,Big,Red
20260527099998468,6,Big,Red
20260527099998467,8,Big,Red
20260527099998466,5,Big,Green Violet
20260527099998465,7,Big,Green
20260527099998464,2,Small,Red
20260527099998463,1,Small,Green
20260527099998462,6,Big,Red
20260527099998461,9,Big,Green
20260527099998460,1,Small,Green
20260527099998459,8,Big,Red
20260527099998458,8,Big,Red
20260527099998457,6,Big,Red
20260527099998456,0,Small,Red Violet
20260527099998455,2,Small,Red
20260527099998454,2,Small,Red
20260527099998453,0,Small,Red Violet
20260527099998452,8,Big,Red
20260527099998451,6,Big,Red
20260527099998450,6,Big,Red
20260527099998449,4,Small,Red
20260527099998448,7,Big,Green
20260527099998447,9,Big,Green
20260527099998446,7,Big,Green
20260527099998445,8,Big,Red
20260527099998444,5,Big,Green Violet
20260527099998443,7,Big,Green
20260527099998442,5,Big,Green Violet
20260527099998441,3,Small,Green
20260527099998440,8,Big,Red
20260527099998439,9,Big,Green
20260527099998438,4,Small,Red
20260527099998437,8,Big,Red
20260527099998436,6,Big,Red
20260527099998435,5,Big,Green Violet
20260527099998434,5,Big,Green Violet
20260527099998433,7,Big,Green
20260527099998432,0,Small,Red Violet
20260527099998431,5,Big,Green Violet
20260527099998430,0,Small,Red Violet
20260527099998429,5,Big,Green Violet
20260527099998428,2,Small,Red
20260527099998427,6,Big,Red
20260527099998426,5,Big,Green Violet
20260527099998425,0,Small,Red Violet
20260527099998424,6,Big,Red
20260527099998423,2,Small,Red
20260527099998422,6,Big,Red
20260527099998421,1,Small,Green
20260527099998420,3,Small,Green
20260527099998419,7,Big,Green
20260527099998418,8,Big,Red
20260527099998417,8,Big,Red
20260527099998416,8,Big,Red
20260527099998415,8,Big,Red
20260527099998414,6,Big,Red
20260527099998413,1,Small,Green
20260527099998412,6,Big,Red
20260527099998411,6,Big,Red
20260527099998410,3,Small,Green
20260527099998409,8,Big,Red
20260527099998408,8,Big,Red
20260527099998407,1,Small,Green
20260527099998406,6,Big,Red
20260527099998405,8,Big,Red
20260527099998404,9,Big,Green
20260527099998403,3,Small,Green
20260527099998402,0,Small,Red Violet
20260527099998401,9,Big,Green
20260527099998400,9,Big,Green
20260527099998399,3,Small,Green
20260527099998398,8,Big,Red
20260527099998397,9,Big,Green
20260527099998396,9,Big,Green
20260527099998395,6,Big,Red
20260527099998394,5,Big,Green Violet
20260527099998393,1,Small,Green
20260527099998392,5,Big,Green Violet
20260527099998391,9,Big,Green
20260527099998390,0,Small,Red Violet
20260527099998389,3,Small,Green
20260527099998388,5,Big,Green Violet
20260527099998387,4,Small,Red
20260527099998386,7,Big,Green
20260527099998385,1,Small,Green
20260527099998384,7,Big,Green
20260527099998383,2,Small,Red
20260527099998382,3,Small,Green
20260527099998381,6,Big,Red
20260527099998380,8,Big,Red
20260527099998379,8,Big,Red
20260527099998378,2,Small,Red
20260527099998377,5,Big,Green Violet
20260527099998376,2,Small,Red
20260527099998375,0,Small,Red Violet
20260527099998374,5,Big,Green Violet
20260527099998373,5,Big,Green Violet
20260527099998372,4,Small,Red
20260527099998371,3,Small,Green
20260527099998370,8,Big,Red
20260527099998369,6,Big,Red
20260527099998368,3,Small,Green
20260527099998367,0,Small,Red Violet
20260527099998366,0,Small,Red Violet
20260527099998365,2,Small,Red
20260527099998364,8,Big,Red
20260527099998363,1,Small,Green
20260527099998362,1,Small,Green
20260527099998361,9,Big,Green
20260527099998360,1,Small,Green
20260527099998359,4,Small,Red
20260527099998358,1,Small,Green
20260527099998357,8,Big,Red
20260527099998356,5,Big,Green Violet
20260527099998355,5,Big,Green Violet
20260527099998354,5,Big,Green Violet
20260527099998353,8,Big,Red
20260527099998352,7,Big,Green
20260527099998351,2,Small,Red
20260527099998350,8,Big,Red
20260527099998349,3,Small,Green
20260527099998348,4,Small,Red
20260527099998347,4,Small,Red
20260527099998346,5,Big,Green Violet
20260527099998345,2,Small,Red
20260527099998344,9,Big,Green
20260527099998343,5,Big,Green Violet
20260527099998342,6,Big,Red
20260527099998341,0,Small,Red Violet
20260527099998340,7,Big,Green
20260527099998339,1,Small,Green
20260527099998338,4,Small,Red
20260527099998337,6,Big,Red
20260527099998336,8,Big,Red
20260527099998335,4,Small,Red
20260527099998334,7,Big,Green
20260527099998333,6,Big,Red
20260527099998332,9,Big,Green
20260527099998331,2,Small,Red
20260527099998330,5,Big,Green Violet
20260527099998329,1,Small,Green
20260527099998328,1,Small,Green
20260527099998327,2,Small,Red
20260527099998326,2,Small,Red
20260527099998325,7,Big,Green
20260527099998324,7,Big,Green
20260527099998323,5,Big,Green Violet
20260527099998322,8,Big,Red
20260527099998321,1,Small,Green
20260527099998320,1,Small,Green
20260527099998319,8,Big,Red
20260527099998318,9,Big,Green
20260527099998317,9,Big,Green
20260527099998316,1,Small,Green
20260527099998315,3,Small,Green
20260527099998314,9,Big,Green
20260527099998313,8,Big,Red
20260527099998312,0,Small,Red Violet
20260527099998311,4,Small,Red
20260527099998310,7,Big,Green
20260527099998309,6,Big,Red
20260527099998308,2,Small,Red
20260527099998307,2,Small,Red
20260527099998306,3,Small,Green
20260527099998305,8,Big,Red
20260527099998304,8,Big,Red
20260527099998303,0,Small,Red Violet
20260527099998302,2,Small,Red
20260527099998301,7,Big,Green
20260527099998300,1,Small,Green
20260527099998299,3,Small,Green
20260527099998298,5,Big,Green Violet
20260527099998297,4,Small,Red
20260527099998296,5,Big,Green Violet
20260527099998295,5,Big,Green Violet
20260527099998294,1,Small,Green
20260527099998293,7,Big,Green
20260527099998292,0,Small,Red Violet
20260527099998291,8,Big,Red
20260527099998290,1,Small,Green
20260527099998289,3,Small,Green
20260527099998288,8,Big,Red
20260527099998287,5,Big,Green Violet
20260527099998286,5,Big,Green Violet
20260527099998285,4,Small,Red
20260527099998284,0,Small,Red Violet
20260527099998283,1,Small,Green
20260527099998282,5,Big,Green Violet
20260527099998281,6,Big,Red
20260527099998280,9,Big,Green
20260527099998279,7,Big,Green
20260527099998278,9,Big,Green
20260527099998277,0,Small,Red Violet
20260527099998276,4,Small,Red
20260527099998275,7,Big,Green
20260527099998274,8,Big,Red
20260527099998273,3,Small,Green
20260527099998272,2,Small,Red
20260527099998271,7,Big,Green
20260527099998270,8,Big,Red
20260527099998269,1,Small,Green
20260527099998268,3,Small,Green
20260527099998267,1,Small,Green
20260527099998266,4,Small,Red
20260527099998265,0,Small,Red Violet
20260527099998264,8,Big,Red
20260527099998263,8,Big,Red
20260527099998262,3,Small,Green
20260527099998261,4,Small,Red
20260527099998260,4,Small,Red
20260527099998259,4,Small,Red
20260527099998258,5,Big,Green Violet
20260527099998257,1,Small,Green
20260527099998256,3,Small,Green
20260527099998255,0,Small,Red Violet
20260527099998254,4,Small,Red
20260527099998253,1,Small,Green
20260527099998252,4,Small,Red
20260527099998251,5,Big,Green Violet
20260527099998250,9,Big,Green
20260527099998249,1,Small,Green
20260527099998248,6,Big,Red
20260527099998247,7,Big,Green
20260527099998246,1,Small,Green
20260527099998245,1,Small,Green
20260527099998244,4,Small,Red
20260527099998243,3,Small,Green
20260527099998242,3,Small,Green
20260527099998241,5,Big,Green Violet
20260527099998240,6,Big,Red
20260527099998239,0,Small,Red Violet
20260527099998238,5,Big,Green Violet
20260527099998237,7,Big,Green
20260527099998236,0,Small,Red Violet
20260527099998235,7,Big,Green
20260527099998234,4,Small,Red
20260527099998233,8,Big,Red
20260527099998232,7,Big,Green
20260527099998231,0,Small,Red Violet
20260527099998230,7,Big,Green
20260527099998229,4,Small,Red
20260527099998228,7,Big,Green
20260527099998227,1,Small,Green
20260527099998226,8,Big,Red
20260527099998225,4,Small,Red
20260527099998224,6,Big,Red
20260527099998223,0,Small,Red Violet
20260527099998222,4,Small,Red
20260527099998221,9,Big,Green
20260527099998220,6,Big,Red
20260527099998219,7,Big,Green
20260527099998218,5,Big,Green Violet
20260527099998217,4,Small,Red
20260527099998216,3,Small,Green
20260527099998215,6,Big,Red
20260527099998214,3,Small,Green
20260527099998213,6,Big,Red
20260527099998212,9,Big,Green
20260527099998211,5,Big,Green Violet
20260527099998210,2,Small,Red
20260527099998209,5,Big,Green Violet
20260527099998208,2,Small,Red
20260527099998207,7,Big,Green
20260527099998206,9,Big,Green
20260527099998205,9,Big,Green
20260527099998204,4,Small,Red
20260527099998203,2,Small,Red
20260527099998202,9,Big,Green
20260527099998201,8,Big,Red
20260527099998200,0,Small,Red Violet
20260527099998199,9,Big,Green
20260527099998198,4,Small,Red
20260527099998197,8,Big,Red
20260527099998196,2,Small,Red
20260527099998195,6,Big,Red
20260527099998194,9,Big,Green
20260527099998193,3,Small,Green
20260527099998192,1,Small,Green
20260527099998191,4,Small,Red
20260527099998190,9,Big,Green
20260527099998189,3,Small,Green
20260527099998188,1,Small,Green
20260527099998187,7,Big,Green
20260527099998186,3,Small,Green
20260527099998185,1,Small,Green
20260527099998184,7,Big,Green
20260527099998183,0,Small,Red Violet
20260527099998182,4,Small,Red
20260527099998181,5,Big,Green Violet
20260527099998180,6,Big,Red
20260527099998179,8,Big,Red
20260527099998178,3,Small,Green
20260527099998177,1,Small,Green
20260527099998176,8,Big,Red
20260527099998175,6,Big,Red
20260527099998174,9,Big,Green
20260527099998173,6,Big,Red
20260527099998172,4,Small,Red
20260527099998171,3,Small,Green
20260527099998170,5,Big,Green Violet
20260527099998169,9,Big,Green
20260527099998168,1,Small,Green
20260527099998167,2,Small,Red
20260527099998166,6,Big,Red
20260527099998165,0,Small,Red Violet
20260527099998164,6,Big,Red
20260527099998163,2,Small,Red
20260527099998162,0,Small,Red Violet
20260527099998161,8,Big,Red
20260527099998160,7,Big,Green
20260527099998159,5,Big,Green Violet
20260527099998158,9,Big,Green
20260527099998157,2,Small,Red
20260527099998156,6,Big,Red
20260527099998155,4,Small,Red
20260527099998154,6,Big,Red
20260527099998153,5,Big,Green Violet
20260527099998152,4,Small,Red
20260527099998151,2,Small,Red
20260527099998150,2,Small,Red
20260527099998149,9,Big,Green
20260527099998148,5,Big,Green Violet
20260527099998147,9,Big,Green
20260527099998146,4,Small,Red
20260527099998145,6,Big,Red
20260527099998144,0,Small,Red Violet
20260527099998143,8,Big,Red
20260527099998142,2,Small,Red
20260527099998141,5,Big,Green Violet
20260527099998140,3,Small,Green
20260527099998139,0,Small,Red Violet
20260527099998138,5,Big,Green Violet
20260527099998137,9,Big,Green
20260527099998136,5,Big,Green Violet
20260527099998135,2,Small,Red
20260527099998134,5,Big,Green Violet
20260527099998133,4,Small,Red
20260527099998132,9,Big,Green
20260527099998131,8,Big,Red
20260527099998130,2,Small,Red
20260527099998129,8,Big,Red
20260527099998128,2,Small,Red
20260527099998127,6,Big,Red
20260527099998126,6,Big,Red
20260527099998125,8,Big,Red
20260527099998124,6,Big,Red
20260527099998123,5,Big,Green Violet
20260527099998122,1,Small,Green
20260527099998121,1,Small,Green
20260527099998120,7,Big,Green
20260527099998119,6,Big,Red
20260527099998118,5,Big,Green Violet
20260527099998117,4,Small,Red
20260527099998116,5,Big,Green Violet
20260527099998115,8,Big,Red
20260527099998114,5,Big,Green Violet
20260527099998113,6,Big,Red
20260527099998112,4,Small,Red
20260527099998111,2,Small,Red
20260527099998110,2,Small,Red
20260527099998109,5,Big,Green Violet
20260527099998108,1,Small,Green
20260527099998107,9,Big,Green
20260527099998106,9,Big,Green
20260527099998105,2,Small,Red
20260527099998104,6,Big,Red
20260527099998103,1,Small,Green
20260527099998102,4,Small,Red
20260527099998101,1,Small,Green
20260527099998100,9,Big,Green
20260527099998099,8,Big,Red
20260527099998098,4,Small,Red
20260527099998097,8,Big,Red
20260527099998096,2,Small,Red
20260527099998095,4,Small,Red
20260527099998094,7,Big,Green
20260527099998093,2,Small,Red
20260527099998092,1,Small,Green
20260527099998091,4,Small,Red
20260527099998090,7,Big,Green
20260527099998089,4,Small,Red
20260527099998088,0,Small,Red Violet
20260527099998087,2,Small,Red
20260527099998086,5,Big,Green Violet
20260527099998085,3,Small,Green
20260527099998084,2,Small,Red
20260527099998083,5,Big,Green Violet
20260527099998082,3,Small,Green
20260527099998081,4,Small,Red
20260527099998080,1,Small,Green
20260527099998079,9,Big,Green
20260527099998078,7,Big,Green
20260527099998077,7,Big,Green
20260527099998076,7,Big,Green
20260527099998075,8,Big,Red
20260527099998074,8,Big,Red
20260527099998073,6,Big,Red
20260527099998072,8,Big,Red
20260527099998071,4,Small,Red
20260527099998070,6,Big,Red
20260527099998069,1,Small,Green
20260527099998068,7,Big,Green
20260527099998067,6,Big,Red
20260527099998066,2,Small,Red
20260527099998065,1,Small,Green
20260527099998064,3,Small,Green
20260527099998063,8,Big,Red
20260527099998062,3,Small,Green
20260527099998061,3,Small,Green
20260527099998060,9,Big,Green
20260527099998059,8,Big,Red
20260527099998058,0,Small,Red Violet
20260527099998057,8,Big,Red
20260527099998056,7,Big,Green
20260527099998055,7,Big,Green
20260527099998054,9,Big,Green
20260527099998053,8,Big,Red
20260527099998052,3,Small,Green
20260527099998051,3,Small,Green
20260527099998050,5,Big,Green Violet
20260527099998049,7,Big,Green
20260527099998048,6,Big,Red
20260527099998047,5,Big,Green Violet
20260527099998046,8,Big,Red
20260527099998045,1,Small,Green
20260527099998044,4,Small,Red
20260527099998043,9,Big,Green
20260527099998042,5,Big,Green Violet
20260527099998041,7,Big,Green
20260527099998040,5,Big,Green Violet
20260527099998039,8,Big,Red
20260527099998038,6,Big,Red
20260527099998037,1,Small,Green
20260527099998036,2,Small,Red
20260527099998035,9,Big,Green
20260527099998034,3,Small,Green
20260527099998033,7,Big,Green
20260527099998032,5,Big,Green Violet
20260527099998031,8,Big,Red
20260527099998030,5,Big,Green Violet
20260527099998029,6,Big,Red
20260527099998028,6,Big,Red
20260527099998027,3,Small,Green
20260527099998026,3,Small,Green
20260527099998025,5,Big,Green Violet
20260527099998024,3,Small,Green
20260527099998023,5,Big,Green Violet
20260527099998022,9,Big,Green
20260527099998021,6,Big,Red
20260527099998020,8,Big,Red
20260527099998019,6,Big,Red
20260527099998018,1,Small,Green
20260527099998017,6,Big,Red
20260527099998016,4,Small,Red
20260527099998015,3,Small,Green
20260527099998014,4,Small,Red
20260527099998013,1,Small,Green
20260527099998012,4,Small,Red
20260527099998011,1,Small,Green
20260527099998010,7,Big,Green
20260527099998009,6,Big,Red
20260527099998008,1,Small,Green
20260527099998007,2,Small,Red
20260527099998006,9,Big,Green
20260527099998005,4,Small,Red
20260527099998004,7,Big,Green
20260527099998003,4,Small,Red
20260527099998002,0,Small,Red Violet
20260527099998001,0,Small,Red Violet
20260527099998000,9,Big,Green
20260527099997999,3,Small,Green
20260527099997998,1,Small,Green
20260527099997997,5,Big,Green Violet
20260527099997996,9,Big,Green
20260527099997995,5,Big,Green Violet
20260527099997994,8,Big,Red
20260527099997993,9,Big,Green
20260527099997992,4,Small,Red
20260527099997991,1,Small,Green
20260527099997990,6,Big,Red
20260527099997989,5,Big,Green Violet
20260527099997988,9,Big,Green
20260527099997987,6,Big,Red
20260527099997986,5,Big,Green Violet
20260527099997985,2,Small,Red
20260527099997984,4,Small,Red
20260527099997983,8,Big,Red
20260527099997982,5,Big,Green Violet
20260527099997981,8,Big,Red
20260527099997980,4,Small,Red
20260527099997979,6,Big,Red
20260527099997978,8,Big,Red
20260527099997977,1,Small,Green
20260527099997976,4,Small,Red
20260527099997975,8,Big,Red
20260527099997974,8,Big,Red
20260527099997973,9,Big,Green
20260527099997972,1,Small,Green
20260527099997971,5,Big,Green Violet
20260527099997970,4,Small,Red
20260527099997969,6,Big,Red
20260527099997968,7,Big,Green
20260527099997967,9,Big,Green
20260527099997966,0,Small,Red Violet
20260527099997965,9,Big,Green
20260527099997964,6,Big,Red
20260527099997963,1,Small,Green
20260527099997962,3,Small,Green
20260527099997961,3,Small,Green
20260527099997960,4,Small,Red
20260527099997959,1,Small,Green
20260527099997958,8,Big,Red
20260527099997957,2,Small,Red
20260527099997956,9,Big,Green
20260527099997955,5,Big,Green Violet
20260527099997954,0,Small,Red Violet
20260527099997953,7,Big,Green
20260527099997952,9,Big,Green
20260527099997951,2,Small,Red
20260527099997950,8,Big,Red
20260527099997949,8,Big,Red
20260527099997948,0,Small,Red Violet
20260527099997947,5,Big,Green Violet
20260527099997946,2,Small,Red
20260527099997945,3,Small,Green
20260527099997944,2,Small,Red
20260527099997943,0,Small,Red Violet
20260527099997942,6,Big,Red
20260527099997941,8,Big,Red
20260527099997940,7,Big,Green
20260527099997939,1,Small,Green
20260527099997938,5,Big,Green Violet
20260527099997937,3,Small,Green
20260527099997936,4,Small,Red
20260527099997935,0,Small,Red Violet
20260527099997934,4,Small,Red
20260527099997933,9,Big,Green
20260527099997932,5,Big,Green Violet
20260527099997931,2,Small,Red
20260527099997930,6,Big,Red
20260527099997929,6,Big,Red
20260527099997928,8,Big,Red
20260527099997927,8,Big,Red
20260527099997926,3,Small,Green
20260527099997925,9,Big,Green
20260527099997924,3,Small,Green
20260527099997923,3,Small,Green
20260527099997922,7,Big,Green
20260527099997921,0,Small,Red Violet
20260527099997920,6,Big,Red
20260527099997919,4,Small,Red
20260527099997918,2,Small,Red
20260527099997917,1,Small,Green
20260527099997916,1,Small,Green
20260527099997915,1,Small,Green
20260527099997914,3,Small,Green
20260527099997913,1,Small,Green
20260527099997912,1,Small,Green
20260527099997911,0,Small,Red Violet
20260527099997910,3,Small,Green
20260527099997909,6,Big,Red
20260527099997908,9,Big,Green
20260527099997907,3,Small,Green
20260527099997906,1,Small,Green
20260527099997905,3,Small,Green
20260527099997904,9,Big,Green
20260527099997903,8,Big,Red
20260527099997902,5,Big,Green Violet
20260527099997901,4,Small,Red
20260527099997900,5,Big,Green Violet
20260527099997899,9,Big,Green
20260527099997898,2,Small,Red
20260527099997897,9,Big,Green
20260527099997896,6,Big,Red
20260527099997895,3,Small,Green
20260527099997894,6,Big,Red
20260527099997893,3,Small,Green
20260527099997892,8,Big,Red
20260527099997891,6,Big,Red
20260527099997890,5,Big,Green Violet
20260527099997889,1,Small,Green
20260527099997888,8,Big,Red
20260527099997887,1,Small,Green
20260527099997886,1,Small,Green
20260527099997885,7,Big,Green
20260527099997884,9,Big,Green
20260527099997883,3,Small,Green
20260527099997882,3,Small,Green
20260527099997881,6,Big,Red
20260527099997880,3,Small,Green
20260527099997879,5,Big,Green Violet
20260527099997878,6,Big,Red
20260527099997877,5,Big,Green Violet
20260527099997876,6,Big,Red
20260527099997875,3,Small,Green
20260527099997874,1,Small,Green
20260527099997873,4,Small,Red
20260527099997872,1,Small,Green
20260527099997871,3,Small,Green
20260527099997870,5,Big,Green Violet
20260527099997869,5,Big,Green Violet
20260527099997868,9,Big,Green
20260527099997867,6,Big,Red
20260527099997866,3,Small,Green
20260527099997865,5,Big,Green Violet
20260527099997864,6,Big,Red
20260527099997863,6,Big,Red
20260527099997862,4,Small,Red
20260527099997861,0,Small,Red Violet
20260527099997860,7,Big,Green
20260527099997859,8,Big,Red
20260527099997858,1,Small,Green
20260527099997857,0,Small,Red Violet
20260527099997856,7,Big,Green
20260527099997855,3,Small,Green
20260527099997854,6,Big,Red
20260527099997853,7,Big,Green
20260527099997852,4,Small,Red
20260527099997851,7,Big,Green
20260527099997850,6,Big,Red
20260527099997849,4,Small,Red
20260527099997848,3,Small,Green
20260527099997847,8,Big,Red
20260527099997846,0,Small,Red Violet
20260527099997845,4,Small,Red
20260527099997844,2,Small,Red
20260527099997843,3,Small,Green
20260527099997842,7,Big,Green
20260527099997841,6,Big,Red
20260527099997840,7,Big,Green
20260527099997839,4,Small,Red
20260527099997838,4,Small,Red
20260527099997837,3,Small,Green
20260527099997836,2,Small,Red
20260527099997835,2,Small,Red
20260527099997834,5,Big,Green Violet
20260527099997833,0,Small,Red Violet
20260527099997832,5,Big,Green Violet
20260527099997831,7,Big,Green
20260527099997830,9,Big,Green
20260527099997829,4,Small,Red
20260527099997828,6,Big,Red
20260527099997827,3,Small,Green
20260527099997826,2,Small,Red
20260527099997825,1,Small,Green
20260527099997824,0,Small,Red Violet
20260527099997823,6,Big,Red
20260527099997822,6,Big,Red
20260527099997821,1,Small,Green
20260527099997820,3,Small,Green
20260527099997819,0,Small,Red Violet
20260527099997818,8,Big,Red
20260527099997817,8,Big,Red
20260527099997816,5,Big,Green Violet
20260527099997815,0,Small,Red Violet
20260527099997814,6,Big,Red
20260527099997813,6,Big,Red
20260527099997812,4,Small,Red
20260527099997811,5,Big,Green Violet
20260527099997810,2,Small,Red
20260527099997809,3,Small,Green
20260527099997808,1,Small,Green
20260527099997807,2,Small,Red
20260527099997806,9,Big,Green
20260527099997805,8,Big,Red
20260527099997804,6,Big,Red
20260527099997803,5,Big,Green Violet
20260527099997802,3,Small,Green
20260527099997801,9,Big,Green
20260527099997800,4,Small,Red
20260527099997799,0,Small,Red Violet
20260527099997798,8,Big,Red
20260527099997797,3,Small,Green
20260527099997796,4,Small,Red
20260527099997795,9,Big,Green
20260527099997794,9,Big,Green
20260527099997793,3,Small,Green
20260527099997792,2,Small,Red
20260527099997791,4,Small,Red
20260527099997790,2,Small,Red
20260527099997789,4,Small,Red
20260527099997788,1,Small,Green
20260527099997787,8,Big,Red
20260527099997786,1,Small,Green
20260527099997785,6,Big,Red
20260527099997784,6,Big,Red
20260527099997783,6,Big,Red
20260527099997782,7,Big,Green
20260527099997781,6,Big,Red
20260527099997780,1,Small,Green
20260527099997779,6,Big,Red
20260527099997778,1,Small,Green
20260527099997777,3,Small,Green
20260527099997776,4,Small,Red
20260527099997775,3,Small,Green
20260527099997774,3,Small,Green
20260527099997773,9,Big,Green
20260527099997772,3,Small,Green
20260527099997771,2,Small,Red
20260527099997770,3,Small,Green
20260527099997769,6,Big,Red
20260527099997768,1,Small,Green
20260527099997767,0,Small,Red Violet
20260527099997766,9,Big,Green
20260527099997765,2,Small,Red
20260527099997764,7,Big,Green
20260527099997763,7,Big,Green
20260527099997762,5,Big,Green Violet
20260527099997761,1,Small,Green
20260527099997760,8,Big,Red
20260527099997759,0,Small,Red Violet
20260527099997758,1,Small,Green
20260527099997757,8,Big,Red
20260527099997756,9,Big,Green
20260527099997755,4,Small,Red
20260527099997754,2,Small,Red
20260527099997753,3,Small,Green
20260527099997752,0,Small,Red Violet
20260527099997751,7,Big,Green
20260527099997750,5,Big,Green Violet
20260527099997749,4,Small,Red
20260527099997748,9,Big,Green
20260527099997747,2,Small,Red
20260527099997746,1,Small,Green
20260527099997745,3,Small,Green
20260527099997744,1,Small,Green
20260527099997743,1,Small,Green
20260527099997742,5,Big,Green Violet
20260527099997741,5,Big,Green Violet
20260527099997740,5,Big,Green Violet
20260527099997739,9,Big,Green
20260527099997738,1,Small,Green
20260527099997737,1,Small,Green
20260527099997736,1,Small,Green
20260527099997735,3,Small,Green
20260527099997734,1,Small,Green
20260527099997733,6,Big,Red
20260527099997732,8,Big,Red
20260527099997731,3,Small,Green
20260527099997730,8,Big,Red
20260527099997729,6,Big,Red
20260527099997728,6,Big,Red
20260527099997727,5,Big,Green Violet
20260527099997726,0,Small,Red Violet
20260527099997725,5,Big,Green Violet
20260527099997724,7,Big,Green
20260527099997723,8,Big,Red
20260527099997722,6,Big,Red
20260527099997721,0,Small,Red Violet
20260527099997720,8,Big,Red
20260527099997719,3,Small,Green
20260527099997718,2,Small,Red
20260527099997717,1,Small,Green
20260527099997716,8,Big,Red
20260527099997715,6,Big,Red
20260527099997714,6,Big,Red
20260527099997713,9,Big,Green
20260527099997712,0,Small,Red Violet
20260527099997711,3,Small,Green
20260527099997710,3,Small,Green
20260527099997709,9,Big,Green
20260527099997708,7,Big,Green
20260527099997707,3,Small,Green
20260527099997706,7,Big,Green
20260527099997705,2,Small,Red
20260527099997704,0,Small,Red Violet
20260527099997703,7,Big,Green
20260527099997702,1,Small,Green
20260527099997701,5,Big,Green Violet
20260527099997700,3,Small,Green
20260527099997699,3,Small,Green
20260527099997698,3,Small,Green
20260527099997697,0,Small,Red Violet
20260527099997696,8,Big,Red
20260527099997695,5,Big,Green Violet
20260527099997694,6,Big,Red
20260527099997693,6,Big,Red
20260527099997692,1,Small,Green
20260527099997691,6,Big,Red
20260527099997690,9,Big,Green
20260527099997689,0,Small,Red Violet
20260527099997688,9,Big,Green
20260527099997687,9,Big,Green
20260527099997686,1,Small,Green
20260527099997685,0,Small,Red Violet
20260527099997684,2,Small,Red
20260527099997683,2,Small,Red
20260527099997682,6,Big,Red
20260527099997681,1,Small,Green
20260527099997680,3,Small,Green
20260527099997679,2,Small,Red
20260527099997678,0,Small,Red Violet
20260527099997677,2,Small,Red
20260527099997676,6,Big,Red
20260527099997675,3,Small,Green
20260527099997674,4,Small,Red
20260527099997673,6,Big,Red
20260527099997672,8,Big,Red
20260527099997671,3,Small,Green
20260527099997670,6,Big,Red
20260527099997669,4,Small,Red
20260527099997668,7,Big,Green
20260527099997667,5,Big,Green Violet
20260527099997666,9,Big,Green
20260527099997665,7,Big,Green
20260527099997664,1,Small,Green
20260527099997663,4,Small,Red
20260527099997662,4,Small,Red
20260527099997661,6,Big,Red
20260527099997660,0,Small,Red Violet
20260527099997659,4,Small,Red
20260527099997658,8,Big,Red
20260527099997657,9,Big,Green
20260527099997656,4,Small,Red
20260527099997655,6,Big,Red
20260527099997654,4,Small,Red
20260527099997653,0,Small,Red Violet
20260527099997652,6,Big,Red
20260527099997651,9,Big,Green
20260527099997650,5,Big,Green Violet
20260527099997649,2,Small,Red
20260527099997648,0,Small,Red Violet
20260527099997647,3,Small,Green
20260527099997646,9,Big,Green
20260527099997645,1,Small,Green
20260527099997644,8,Big,Red
20260527099997643,5,Big,Green Violet
20260527099997642,0,Small,Red Violet
20260527099997641,9,Big,Green
20260527099997640,6,Big,Red
20260527099997639,4,Small,Red
20260527099997638,5,Big,Green Violet
20260527099997637,9,Big,Green
20260527099997636,8,Big,Red
20260527099997635,4,Small,Red
20260527099997634,4,Small,Red
20260527099997633,2,Small,Red
20260527099997632,1,Small,Green
20260527099997631,7,Big,Green
20260527099997630,8,Big,Red
20260527099997629,8,Big,Red
20260527099997628,7,Big,Green
20260527099997627,1,Small,Green
20260527099997626,2,Small,Red
20260527099997625,3,Small,Green
20260527099997624,8,Big,Red
20260527099997623,4,Small,Red
20260527099997622,2,Small,Red
20260527099997621,0,Small,Red Violet
20260527099997620,1,Small,Green
20260527099997619,9,Big,Green
20260527099997618,0,Small,Red Violet
20260527099997617,9,Big,Green
20260527099997616,7,Big,Green
20260527099997615,8,Big,Red
20260527099997614,2,Small,Red
20260527099997613,7,Big,Green
20260527099997612,7,Big,Green
20260527099997611,0,Small,Red Violet
20260527099997610,4,Small,Red
20260527099997609,6,Big,Red
20260527099997608,9,Big,Green
20260527099997607,1,Small,Green
20260527099997606,9,Big,Green
20260527099997605,2,Small,Red
20260527099997604,1,Small,Green
20260527099997603,5,Big,Green Violet
20260527099997602,2,Small,Red
20260527099997601,1,Small,Green
20260527099997600,9,Big,Green
20260527099997599,6,Big,Red
20260527099997598,9,Big,Green
20260527099997597,7,Big,Green
20260527099997596,9,Big,Green
20260527099997595,8,Big,Red
20260527099997594,7,Big,Green
20260527099997593,4,Small,Red
20260527099997592,5,Big,Green Violet
20260527099997591,3,Small,Green
20260527099997590,9,Big,Green
20260527099997589,4,Small,Red
20260527099997588,6,Big,Red
20260527099997587,7,Big,Green
20260527099997586,8,Big,Red
20260527099997585,3,Small,Green
20260527099997584,3,Small,Green
20260527099997583,7,Big,Green
20260527099997582,0,Small,Red Violet
20260527099997581,3,Small,Green
20260527099997580,4,Small,Red
20260527099997579,2,Small,Red
20260527099997578,5,Big,Green Violet
20260527099997577,3,Small,Green
20260527099997576,5,Big,Green Violet
20260527099997575,2,Small,Red
20260527099997574,3,Small,Green
20260527099997573,3,Small,Green
20260527099997572,2,Small,Red
20260527099997571,1,Small,Green
20260527099997570,4,Small,Red
20260527099997569,4,Small,Red
20260527099997568,8,Big,Red
20260527099997567,9,Big,Green
20260527099997566,8,Big,Red
20260527099997565,8,Big,Red
20260527099997564,9,Big,Green
20260527099997563,3,Small,Green
20260527099997562,6,Big,Red
20260527099997561,1,Small,Green
20260527099997560,1,Small,Green
20260527099997559,6,Big,Red
20260527099997558,8,Big,Red
20260527099997557,7,Big,Green
20260527099997556,8,Big,Red
20260527099997555,7,Big,Green
20260527099997554,0,Small,Red Violet
20260527099997553,7,Big,Green
20260527099997552,4,Small,Red
20260527099997551,0,Small,Red Violet
20260527099997550,1,Small,Green
20260527099997549,0,Small,Red Violet
20260527099997548,2,Small,Red
20260527099997547,9,Big,Green
20260527099997546,5,Big,Green Violet
20260527099997545,6,Big,Red
20260527099997544,9,Big,Green
20260527099997543,1,Small,Green
20260527099997542,7,Big,Green
20260527099997541,5,Big,Green Violet
20260527099997540,9,Big,Green
20260527099997539,7,Big,Green
20260527099997538,1,Small,Green
20260527099997537,5,Big,Green Violet
20260527099997536,9,Big,Green
20260527099997535,9,Big,Green
20260527099997534,8,Big,Red
20260527099997533,8,Big,Red
20260527099997532,5,Big,Green Violet
20260527099997531,5,Big,Green Violet
20260527099997530,6,Big,Red
20260527099997529,3,Small,Green
20260527099997528,9,Big,Green
20260527099997527,2,Small,Red
20260527099997526,9,Big,Green
20260527099997525,9,Big,Green
20260527099997524,6,Big,Red
20260527099997523,0,Small,Red Violet
20260527099997522,5,Big,Green Violet
20260527099997521,5,Big,Green Violet
20260527099997520,1,Small,Green
20260527099997519,9,Big,Green
20260527099997518,3,Small,Green
20260527099997517,7,Big,Green
20260527099997516,6,Big,Red
20260527099997515,5,Big,Green Violet
20260527099997514,5,Big,Green Violet
20260527099997513,8,Big,Red
20260527099997512,2,Small,Red
20260527099997511,4,Small,Red
20260527099997510,0,Small,Red Violet
20260527099997509,1,Small,Green
20260527099997508,4,Small,Red
20260527099997507,6,Big,Red
20260527099997506,0,Small,Red Violet
20260527099997505,2,Small,Red
20260527099997504,9,Big,Green
20260527099997503,2,Small,Red
20260527099997502,0,Small,Red Violet
20260527099997501,3,Small,Green
20260527099997500,3,Small,Green
20260527099997499,3,Small,Green
20260527099997498,4,Small,Red
20260527099997497,1,Small,Green
20260527099997496,0,Small,Red Violet
20260527099997495,7,Big,Green
20260527099997494,4,Small,Red
20260527099997493,1,Small,Green
20260527099997492,4,Small,Red
20260527099997491,2,Small,Red
20260527099997490,8,Big,Red
20260527099997489,4,Small,Red
20260527099997488,6,Big,Red
20260527099997487,0,Small,Red Violet
20260527099997486,8,Big,Red
20260527099997485,3,Small,Green
20260527099997484,5,Big,Green Violet
20260527099997483,8,Big,Red
20260527099997482,6,Big,Red
20260527099997481,6,Big,Red
20260527099997480,2,Small,Red
20260527099997479,1,Small,Green
20260527099997478,2,Small,Red
20260527099997477,9,Big,Green
20260527099997476,5,Big,Green Violet
20260527099997475,5,Big,Green Violet
20260527099997474,8,Big,Red
20260527099997473,9,Big,Green
20260527099997472,2,Small,Red
20260527099997471,1,Small,Green
20260527099997470,8,Big,Red
20260527099997469,9,Big,Green
20260527099997468,8,Big,Red
20260527099997467,5,Big,Green Violet
20260527099997466,5,Big,Green Violet
20260527099997465,2,Small,Red
20260527099997464,1,Small,Green
20260527099997463,5,Big,Green Violet
20260527099997462,2,Small,Red
20260527099997461,6,Big,Red
20260527099997460,9,Big,Green
20260527099997459,7,Big,Green
20260527099997458,0,Small,Red Violet
20260527099997457,4,Small,Red
20260527099997456,5,Big,Green Violet
20260527099997455,7,Big,Green
20260527099997454,9,Big,Green
20260527099997453,0,Small,Red Violet
20260527099997452,1,Small,Green
20260527099997451,8,Big,Red
20260527099997450,7,Big,Green
20260527099997449,9,Big,Green
20260527099997448,1,Small,Green
20260527099997447,0,Small,Red Violet
20260527099997446,4,Small,Red
20260527099997445,2,Small,Red
20260527099997444,0,Small,Red Violet
20260527099997443,9,Big,Green
20260527099997442,8,Big,Red
20260527099997441,8,Big,Red
20260527099997440,8,Big,Red
20260527099997439,9,Big,Green
20260527099997438,2,Small,Red
20260527099997437,9,Big,Green
20260527099997436,6,Big,Red
20260527099997435,5,Big,Green Violet
20260527099997434,4,Small,Red
20260527099997433,3,Small,Green
20260527099997432,9,Big,Green
20260527099997431,3,Small,Green
20260527099997430,9,Big,Green
20260527099997429,7,Big,Green
20260527099997428,3,Small,Green
20260527099997427,8,Big,Red
20260527099997426,5,Big,Green Violet
20260527099997425,0,Small,Red Violet
20260527099997424,6,Big,Red
20260527099997423,5,Big,Green Violet
20260527099997422,9,Big,Green
20260527099997421,6,Big,Red
20260527099997420,4,Small,Red
20260527099997419,9,Big,Green
20260527099997418,9,Big,Green
20260527099997417,7,Big,Green
20260527099997416,7,Big,Green
20260527099997415,2,Small,Red
20260527099997414,3,Small,Green
20260527099997413,3,Small,Green
20260527099997412,5,Big,Green Violet
20260527099997411,8,Big,Red
20260527099997410,9,Big,Green
20260527099997409,9,Big,Green
20260527099997408,6,Big,Red
20260527099997407,8,Big,Red
20260527099997406,9,Big,Green
20260527099997405,4,Small,Red
20260527099997404,4,Small,Red
20260527099997403,5,Big,Green Violet
20260527099997402,1,Small,Green
20260527099997401,1,Small,Green
20260527099997400,8,Big,Red
20260527099997399,5,Big,Green Violet
20260527099997398,7,Big,Green
20260527099997397,5,Big,Green Violet
20260527099997396,0,Small,Red Violet
20260527099997395,7,Big,Green
20260527099997394,9,Big,Green
20260527099997393,9,Big,Green
20260527099997392,6,Big,Red
20260527099997391,1,Small,Green
20260527099997390,5,Big,Green Violet
20260527099997389,0,Small,Red Violet
20260527099997388,6,Big,Red
20260527099997387,7,Big,Green
20260527099997386,8,Big,Red
20260527099997385,4,Small,Red
20260527099997384,4,Small,Red
20260527099997383,9,Big,Green
20260527099997382,8,Big,Red
20260527099997381,1,Small,Green
20260527099997380,0,Small,Red Violet
20260527099997379,7,Big,Green
20260527099997378,3,Small,Green
20260527099997377,0,Small,Red Violet
20260527099997376,2,Small,Red
20260527099997375,7,Big,Green
20260527099997374,5,Big,Green Violet
20260527099997373,9,Big,Green
20260527099997372,2,Small,Red
20260527099997371,6,Big,Red
20260527099997370,8,Big,Red
20260527099997369,3,Small,Green
20260527099997368,4,Small,Red
20260527099997367,3,Small,Green
20260527099997366,7,Big,Green
20260527099997365,8,Big,Red
20260527099997364,0,Small,Red Violet
20260527099997363,2,Small,Red
20260527099997362,9,Big,Green
20260527099997361,4,Small,Red
20260527099997360,5,Big,Green Violet
20260527099997359,4,Small,Red
20260527099997358,8,Big,Red
20260527099997357,1,Small,Green
20260527099997356,4,Small,Red
20260527099997355,6,Big,Red
20260527099997354,4,Small,Red
20260527099997353,4,Small,Red
20260527099997352,0,Small,Red Violet
20260527099997351,6,Big,Red
20260527099997350,6,Big,Red
20260527099997349,3,Small,Green
20260527099997348,3,Small,Green
20260527099997347,6,Big,Red
20260527099997346,7,Big,Green
20260527099997345,4,Small,Red
20260527099997344,3,Small,Green
20260527099997343,2,Small,Red
20260527099997342,6,Big,Red
20260527099997341,1,Small,Green
20260527099997340,6,Big,Red
20260527099997339,1,Small,Green
20260527099997338,5,Big,Green Violet
20260527099997337,4,Small,Red
20260527099997336,2,Small,Red
20260527099997335,0,Small,Red Violet
20260527099997334,4,Small,Red
20260527099997333,5,Big,Green Violet
20260527099997332,5,Big,Green Violet
20260527099997331,9,Big,Green
20260527099997330,2,Small,Red
20260527099997329,6,Big,Red
20260527099997328,5,Big,Green Violet
20260527099997327,2,Small,Red
20260527099997326,4,Small,Red
20260527099997325,4,Small,Red
20260527099997324,4,Small,Red
20260527099997323,9,Big,Green
20260527099997322,4,Small,Red
20260527099997321,1,Small,Green
20260527099997320,7,Big,Green
20260527099997319,3,Small,Green
20260527099997318,6,Big,Red
20260527099997317,5,Big,Green Violet
20260527099997316,5,Big,Green Violet
20260527099997315,9,Big,Green
20260527099997314,1,Small,Green
20260527099997313,0,Small,Red Violet
20260527099997312,9,Big,Green
20260527099997311,1,Small,Green
20260527099997310,7,Big,Green
20260527099997309,4,Small,Red
20260527099997308,3,Small,Green
20260527099997307,9,Big,Green
20260527099997306,9,Big,Green
20260527099997305,7,Big,Green
20260527099997304,5,Big,Green Violet
20260527099997303,7,Big,Green
20260527099997302,9,Big,Green
20260527099997301,7,Big,Green
20260527099997300,2,Small,Red
20260527099997299,1,Small,Green
20260527099997298,9,Big,Green
20260527099997297,2,Small,Red
20260527099997296,7,Big,Green
20260527099997295,1,Small,Green
20260527099997294,4,Small,Red
20260527099997293,3,Small,Green
20260527099997292,1,Small,Green
20260527099997291,9,Big,Green
20260527099997290,6,Big,Red
20260527099997289,3,Small,Green
20260527099997288,8,Big,Red
20260527099997287,5,Big,Green Violet
20260527099997286,1,Small,Green
20260527099997285,9,Big,Green
20260527099997284,5,Big,Green Violet
20260527099997283,1,Small,Green
20260527099997282,3,Small,Green
20260527099997281,0,Small,Red Violet
20260527099997280,6,Big,Red
20260527099997279,8,Big,Red
20260527099997278,5,Big,Green Violet
20260527099997277,0,Small,Red Violet
20260527099997276,4,Small,Red
20260527099997275,3,Small,Green
20260527099997274,5,Big,Green Violet
20260527099997273,8,Big,Red
20260527099997272,5,Big,Green Violet
20260527099997271,3,Small,Green
20260527099997270,7,Big,Green
20260527099997269,3,Small,Green
20260527099997268,9,Big,Green
20260527099997267,3,Small,Green
20260527099997266,9,Big,Green
20260527099997265,1,Small,Green
20260527099997264,7,Big,Green
20260527099997263,1,Small,Green
20260527099997262,7,Big,Green
20260527099997261,6,Big,Red
20260527099997260,2,Small,Red
20260527099997259,2,Small,Red
20260527099997258,1,Small,Green
20260527099997257,3,Small,Green
20260527099997256,6,Big,Red
20260527099997255,0,Small,Red Violet
20260527099997254,7,Big,Green
20260527099997253,8,Big,Red
20260527099997252,0,Small,Red Violet
20260527099997251,7,Big,Green
20260527099997250,4,Small,Red
20260527099997249,9,Big,Green
20260527099997248,6,Big,Red
20260527099997247,6,Big,Red
20260527099997246,7,Big,Green
20260527099997245,2,Small,Red
20260527099997244,3,Small,Green
20260527099997243,7,Big,Green
20260527099997242,8,Big,Red
20260527099997241,8,Big,Red
20260527099997240,1,Small,Green
20260527099997239,3,Small,Green
20260527099997238,8,Big,Red
20260527099997237,9,Big,Green
20260527099997236,4,Small,Red
20260527099997235,0,Small,Red Violet
20260527099997234,4,Small,Red
20260527099997233,2,Small,Red
20260527099997232,6,Big,Red
20260527099997231,0,Small,Red Violet
20260527099997230,6,Big,Red
20260527099997229,6,Big,Red
20260527099997228,4,Small,Red
20260527099997227,0,Small,Red Violet
20260527099997226,5,Big,Green Violet
20260527099997225,0,Small,Red Violet
20260527099997224,9,Big,Green
20260527099997223,6,Big,Red
20260527099997222,9,Big,Green
20260527099997221,9,Big,Green
20260527099997220,5,Big,Green Violet
20260527099997219,1,Small,Green
20260527099997218,4,Small,Red
20260527099997217,3,Small,Green
20260527099997216,1,Small,Green
20260527099997215,1,Small,Green
20260527099997214,0,Small,Red Violet
20260527099997213,4,Small,Red
20260527099997212,4,Small,Red
20260527099997211,9,Big,Green
20260527099997210,4,Small,Red
20260527099997209,1,Small,Green
20260527099997208,2,Small,Red
20260527099997207,4,Small,Red
20260527099997206,5,Big,Green Violet
20260527099997205,1,Small,Green
20260527099997204,6,Big,Red
20260527099997203,3,Small,Green
20260527099997202,4,Small,Red
20260527099997201,5,Big,Green Violet
20260527099997200,6,Big,Red
20260527099997199,4,Small,Red
20260527099997198,8,Big,Red
20260527099997197,4,Small,Red
20260527099997196,2,Small,Red
20260527099997195,6,Big,Red
20260527099997194,0,Small,Red Violet
20260527099997193,2,Small,Red
20260527099997192,6,Big,Red
20260527099997191,5,Big,Green Violet
20260527099997190,7,Big,Green
20260527099997189,4,Small,Red
20260527099997188,6,Big,Red
20260527099997187,7,Big,Green
20260527099997186,4,Small,Red
20260527099997185,5,Big,Green Violet
20260527099997184,9,Big,Green
20260527099997183,5,Big,Green Violet
20260527099997182,8,Big,Red
20260527099997181,2,Small,Red
20260527099997180,9,Big,Green
20260527099997179,1,Small,Green
20260527099997178,4,Small,Red
20260527099997177,3,Small,Green
20260527099997176,5,Big,Green Violet
20260527099997175,9,Big,Green
20260527099997174,1,Small,Green
20260527099997173,4,Small,Red
20260527099997172,9,Big,Green
20260527099997171,4,Small,Red
20260527099997170,0,Small,Red Violet
20260527099997169,9,Big,Green
20260527099997168,0,Small,Red Violet
20260527099997167,2,Small,Red
20260527099997166,7,Big,Green
20260527099997165,6,Big,Red
20260527099997164,2,Small,Red
20260527099997163,3,Small,Green
20260527099997162,6,Big,Red
20260527099997161,2,Small,Red
20260527099997160,0,Small,Red Violet
20260527099997159,6,Big,Red
20260527099997158,5,Big,Green Violet
20260527099997157,5,Big,Green Violet
20260527099997156,3,Small,Green
20260527099997155,4,Small,Red
20260527099997154,3,Small,Green
20260527099997153,5,Big,Green Violet
20260527099997152,9,Big,Green
20260527099997151,1,Small,Green
20260527099997150,8,Big,Red
20260527099997149,4,Small,Red
20260527099997148,9,Big,Green
20260527099997147,3,Small,Green
20260527099997146,4,Small,Red
20260527099997145,5,Big,Green Violet
20260527099997144,3,Small,Green
20260527099997143,1,Small,Green
20260527099997142,6,Big,Red
20260527099997141,3,Small,Green
20260527099997140,0,Small,Red Violet
20260527099997139,2,Small,Red
20260527099997138,5,Big,Green Violet
20260527099997137,8,Big,Red
20260527099997136,2,Small,Red
20260527099997135,0,Small,Red Violet
20260527099997134,4,Small,Red
20260527099997133,0,Small,Red Violet
20260527099997132,2,Small,Red
20260527099997131,3,Small,Green
20260527099997130,3,Small,Green
20260527099997129,3,Small,Green
20260527099997128,7,Big,Green
20260527099997127,2,Small,Red
20260527099997126,0,Small,Red Violet
20260527099997125,0,Small,Red Violet
20260527099997124,0,Small,Red Violet
20260527099997123,3,Small,Green
20260527099997122,0,Small,Red Violet
20260527099997121,8,Big,Red
20260527099997120,7,Big,Green
20260527099997119,8,Big,Red
20260527099997118,8,Big,Red
20260527099997117,6,Big,Red
20260527099997116,0,Small,Red Violet
20260527099997115,4,Small,Red
20260527099997114,3,Small,Green
20260527099997113,6,Big,Red
20260527099997112,7,Big,Green
20260527099997111,7,Big,Green
20260527099997110,5,Big,Green Violet
20260527099997109,4,Small,Red
20260527099997108,5,Big,Green Violet
20260527099997107,7,Big,Green
20260527099997106,6,Big,Red
20260527099997105,2,Small,Red
20260527099997104,6,Big,Red
20260527099997103,8,Big,Red
20260527099997102,6,Big,Red
20260527099997101,6,Big,Red
20260527099997100,4,Small,Red
20260527099997099,3,Small,Green
20260527099997098,8,Big,Red
20260527099997097,1,Small,Green
20260527099997096,2,Small,Red
20260527099997095,5,Big,Green Violet
20260527099997094,4,Small,Red
20260527099997093,6,Big,Red
20260527099997092,3,Small,Green
20260527099997091,4,Small,Red
20260527099997090,1,Small,Green
20260527099997089,3,Small,Green
20260527099997088,7,Big,Green
20260527099997087,6,Big,Red
20260527099997086,7,Big,Green
20260527099997085,1,Small,Green
20260527099997084,0,Small,Red Violet
20260527099997083,8,Big,Red
20260527099997082,0,Small,Red Violet
20260527099997081,5,Big,Green Violet
20260527099997080,7,Big,Green
20260527099997079,8,Big,Red
20260527099997078,1,Small,Green
20260527099997077,5,Big,Green Violet
20260527099997076,0,Small,Red Violet
20260527099997075,5,Big,Green Violet
20260527099997074,3,Small,Green
20260527099997073,7,Big,Green
20260527099997072,7,Big,Green
20260527099997071,0,Small,Red Violet
20260527099997070,7,Big,Green
20260527099997069,0,Small,Red Violet
20260527099997068,8,Big,Red
20260527099997067,3,Small,Green
20260527099997066,7,Big,Green
20260527099997065,0,Small,Red Violet
20260527099997064,4,Small,Red
20260527099997063,0,Small,Red Violet
20260527099997062,5,Big,Green Violet
20260527099997061,2,Small,Red
20260527099997060,9,Big,Green
20260527099997059,8,Big,Red
20260527099997058,2,Small,Red
20260527099997057,9,Big,Green
20260527099997056,0,Small,Red Violet
20260527099997055,6,Big,Red
20260527099997054,0,Small,Red Violet
20260527099997053,4,Small,Red
20260527099997052,3,Small,Green
20260527099997051,5,Big,Green Violet
20260527099997050,7,Big,Green
20260527099997049,4,Small,Red
20260527099997048,5,Big,Green Violet
20260527099997047,4,Small,Red
20260527099997046,7,Big,Green
20260527099997045,1,Small,Green
20260527099997044,5,Big,Green Violet
20260527099997043,0,Small,Red Violet
20260527099997042,8,Big,Red
20260527099997041,1,Small,Green
20260527099997040,5,Big,Green Violet
20260527099997039,5,Big,Green Violet
20260527099997038,3,Small,Green
20260527099997037,6,Big,Red
20260527099997036,2,Small,Red
20260527099997035,1,Small,Green
20260527099997034,2,Small,Red
20260527099997033,6,Big,Red
20260527099997032,7,Big,Green
20260527099997031,6,Big,Red
20260527099997030,7,Big,Green
20260527099997029,9,Big,Green
20260527099997028,1,Small,Green
20260527099997027,3,Small,Green
20260527099997026,5,Big,Green Violet
20260527099997025,2,Small,Red
20260527099997024,8,Big,Red
20260527099997023,9,Big,Green
20260527099997022,0,Small,Red Violet
20260527099997021,4,Small,Red
20260527099997020,5,Big,Green Violet
20260527099997019,7,Big,Green
20260527099997018,9,Big,Green
20260527099997017,6,Big,Red
20260527099997016,1,Small,Green
20260527099997015,8,Big,Red
20260527099997014,4,Small,Red
20260527099997013,2,Small,Red
20260527099997012,2,Small,Red
20260527099997011,5,Big,Green Violet
20260527099997010,7,Big,Green
20260527099997009,9,Big,Green
20260527099997008,7,Big,Green
20260527099997007,1,Small,Green
20260527099997006,5,Big,Green Violet
20260527099997005,8,Big,Red
20260527099997004,4,Small,Red
20260527099997003,7,Big,Green
20260527099997002,3,Small,Green
20260527099997001,7,Big,Green
20260527099997000,5,Big,Green Violet
20260527099996999,2,Small,Red
20260527099996998,9,Big,Green
20260527099996997,4,Small,Red
20260527099996996,8,Big,Red
20260527099996995,7,Big,Green
20260527099996994,1,Small,Green
20260527099996993,9,Big,Green
20260527099996992,8,Big,Red
20260527099996991,3,Small,Green
20260527099996990,9,Big,Green
20260527099996989,3,Small,Green
20260527099996988,0,Small,Red Violet
20260527099996987,8,Big,Red
20260527099996986,5,Big,Green Violet
20260527099996985,5,Big,Green Violet
20260527099996984,3,Small,Green
20260527099996983,5,Big,Green Violet
20260527099996982,0,Small,Red Violet
20260527099996981,0,Small,Red Violet
20260527099996980,1,Small,Green
20260527099996979,0,Small,Red Violet
20260527099996978,9,Big,Green
20260527099996977,9,Big,Green
20260527099996976,1,Small,Green
20260527099996975,1,Small,Green
20260527099996974,2,Small,Red
20260527099996973,8,Big,Red
20260527099996972,0,Small,Red Violet
20260527099996971,2,Small,Red
20260527099996970,5,Big,Green Violet
20260527099996969,4,Small,Red
20260527099996968,5,Big,Green Violet
20260527099996967,2,Small,Red
20260527099996966,6,Big,Red
20260527099996965,9,Big,Green
20260527099996964,5,Big,Green Violet
20260527099996963,9,Big,Green
20260527099996962,9,Big,Green
20260527099996961,9,Big,Green
20260527099996960,2,Small,Red
20260527099996959,3,Small,Green
20260527099996958,8,Big,Red
20260527099996957,0,Small,Red Violet
20260527099996956,4,Small,Red
20260527099996955,3,Small,Green
20260527099996954,8,Big,Red
20260527099996953,5,Big,Green Violet
20260527099996952,5,Big,Green Violet
20260527099996951,7,Big,Green
20260527099996950,7,Big,Green
20260527099996949,9,Big,Green
20260527099996948,5,Big,Green Violet
20260527099996947,2,Small,Red
20260527099996946,9,Big,Green
20260527099996945,2,Small,Red
20260527099996944,8,Big,Red
20260527099996943,6,Big,Red
20260527099996942,8,Big,Red
20260527099996941,2,Small,Red
20260527099996940,6,Big,Red
20260527099996939,5,Big,Green Violet
20260527099996938,2,Small,Red
20260527099996937,0,Small,Red Violet
20260527099996936,6,Big,Red
20260527099996935,6,Big,Red
20260527099996934,2,Small,Red
20260527099996933,4,Small,Red
20260527099996932,0,Small,Red Violet
20260527099996931,6,Big,Red
20260527099996930,5,Big,Green Violet
20260527099996929,0,Small,Red Violet
20260527099996928,9,Big,Green
20260527099996927,7,Big,Green
20260527099996926,6,Big,Red
20260527099996925,8,Big,Red
20260527099996924,3,Small,Green
20260527099996923,6,Big,Red
20260527099996922,5,Big,Green Violet
20260527099996921,1,Small,Green
20260527099996920,4,Small,Red
20260527099996919,7,Big,Green
20260527099996918,8,Big,Red
20260527099996917,3,Small,Green
20260527099996916,3,Small,Green
20260527099996915,8,Big,Red
20260527099996914,8,Big,Red
20260527099996913,6,Big,Red
20260527099996912,5,Big,Green Violet
20260527099996911,0,Small,Red Violet
20260527099996910,3,Small,Green
20260527099996909,7,Big,Green
20260527099996908,1,Small,Green
20260527099996907,4,Small,Red
20260527099996906,0,Small,Red Violet
20260527099996905,7,Big,Green
20260527099996904,8,Big,Red
20260527099996903,7,Big,Green
20260527099996902,7,Big,Green
20260527099996901,1,Small,Green
20260527099996900,4,Small,Red
20260527099996899,8,Big,Red
20260527099996898,8,Big,Red
20260527099996897,3,Small,Green
20260527099996896,0,Small,Red Violet
20260527099996895,2,Small,Red
20260527099996894,6,Big,Red
20260527099996893,7,Big,Green
20260527099996892,5,Big,Green Violet
20260527099996891,9,Big,Green
20260527099996890,8,Big,Red
20260527099996889,2,Small,Red
20260527099996888,5,Big,Green Violet
20260527099996887,2,Small,Red
20260527099996886,7,Big,Green
20260527099996885,3,Small,Green
20260527099996884,1,Small,Green
20260527099996883,6,Big,Red
20260527099996882,7,Big,Green
20260527099996881,3,Small,Green
20260527099996880,3,Small,Green
20260527099996879,9,Big,Green
20260527099996878,3,Small,Green
20260527099996877,7,Big,Green
20260527099996876,0,Small,Red Violet
20260527099996875,4,Small,Red
20260527099996874,9,Big,Green
20260527099996873,6,Big,Red
20260527099996872,5,Big,Green Violet
20260527099996871,4,Small,Red
20260527099996870,0,Small,Red Violet
20260527099996869,1,Small,Green
20260527099996868,2,Small,Red
20260527099996867,0,Small,Red Violet
20260527099996866,2,Small,Red
20260527099996865,9,Big,Green
20260527099996864,2,Small,Red
20260527099996863,8,Big,Red
20260527099996862,4,Small,Red
20260527099996861,7,Big,Green
20260527099996860,2,Small,Red
20260527099996859,5,Big,Green Violet
20260527099996858,0,Small,Red Violet
20260527099996857,2,Small,Red
20260527099996856,7,Big,Green
20260527099996855,0,Small,Red Violet
20260527099996854,5,Big,Green Violet
20260527099996853,0,Small,Red Violet
20260527099996852,4,Small,Red
20260527099996851,1,Small,Green
20260527099996850,5,Big,Green Violet
20260527099996849,1,Small,Green
20260527099996848,9,Big,Green
20260527099996847,8,Big,Red
20260527099996846,1,Small,Green
20260527099996845,8,Big,Red
20260527099996844,3,Small,Green
20260527099996843,6,Big,Red
20260527099996842,1,Small,Green
20260527099996841,9,Big,Green
20260527099996840,5,Big,Green Violet
20260527099996839,3,Small,Green
20260527099996838,7,Big,Green
20260527099996837,2,Small,Red
20260527099996836,5,Big,Green Violet
20260527099996835,4,Small,Red
20260527099996834,1,Small,Green
20260527099996833,8,Big,Red
20260527099996832,8,Big,Red
20260527099996831,6,Big,Red
20260527099996830,2,Small,Red
20260527099996829,6,Big,Red
20260527099996828,4,Small,Red
20260527099996827,9,Big,Green
20260527099996826,4,Small,Red
20260527099996825,3,Small,Green
20260527099996824,2,Small,Red
20260527099996823,5,Big,Green Violet
20260527099996822,6,Big,Red
20260527099996821,5,Big,Green Violet
20260527099996820,4,Small,Red
20260527099996819,4,Small,Red
20260527099996818,0,Small,Red Violet
20260527099996817,4,Small,Red
20260527099996816,4,Small,Red
20260527099996815,7,Big,Green
20260527099996814,6,Big,Red
20260527099996813,1,Small,Green
20260527099996812,0,Small,Red Violet
20260527099996811,5,Big,Green Violet
20260527099996810,1,Small,Green
20260527099996809,4,Small,Red
20260527099996808,8,Big,Red
20260527099996807,8,Big,Red
20260527099996806,2,Small,Red
20260527099996805,2,Small,Red
20260527099996804,1,Small,Green
20260527099996803,5,Big,Green Violet
20260527099996802,4,Small,Red
20260527099996801,7,Big,Green
20260527099996800,3,Small,Green
20260527099996799,0,Small,Red Violet
20260527099996798,1,Small,Green
20260527099996797,7,Big,Green
20260527099996796,4,Small,Red
20260527099996795,2,Small,Red
20260527099996794,5,Big,Green Violet
20260527099996793,9,Big,Green
20260527099996792,8,Big,Red
20260527099996791,4,Small,Red
20260527099996790,1,Small,Green
20260527099996789,8,Big,Red
20260527099996788,1,Small,Green
20260527099996787,5,Big,Green Violet
20260527099996786,0,Small,Red Violet
20260527099996785,5,Big,Green Violet
20260527099996784,2,Small,Red
20260527099996783,6,Big,Red
20260527099996782,2,Small,Red
20260527099996781,1,Small,Green
20260527099996780,4,Small,Red
20260527099996779,4,Small,Red
20260527099996778,3,Small,Green
20260527099996777,5,Big,Green Violet
20260527099996776,5,Big,Green Violet
20260527099996775,8,Big,Red
20260527099996774,3,Small,Green
20260527099996773,9,Big,Green
20260527099996772,7,Big,Green
20260527099996771,8,Big,Red
20260527099996770,4,Small,Red
20260527099996769,0,Small,Red Violet
20260527099996768,3,Small,Green
20260527099996767,2,Small,Red
20260527099996766,0,Small,Red Violet
20260527099996765,1,Small,Green
20260527099996764,7,Big,Green
20260527099996763,2,Small,Red
20260527099996762,5,Big,Green Violet
20260527099996761,6,Big,Red
20260527099996760,6,Big,Red
20260527099996759,1,Small,Green
20260527099996758,6,Big,Red
20260527099996757,5,Big,Green Violet
20260527099996756,9,Big,Green
20260527099996755,0,Small,Red Violet
20260527099996754,3,Small,Green
20260527099996753,0,Small,Red Violet
20260527099996752,3,Small,Green
20260527099996751,0,Small,Red Violet
20260527099996750,8,Big,Red
20260527099996749,2,Small,Red
20260527099996748,9,Big,Green
20260527099996747,2,Small,Red
20260527099996746,1,Small,Green
20260527099996745,7,Big,Green
20260527099996744,5,Big,Green Violet
20260527099996743,6,Big,Red
20260527099996742,3,Small,Green
20260527099996741,2,Small,Red
20260527099996740,0,Small,Red Violet
20260527099996739,6,Big,Red
20260527099996738,0,Small,Red Violet
20260527099996737,6,Big,Red
20260527099996736,8,Big,Red
20260527099996735,7,Big,Green
20260527099996734,3,Small,Green
20260527099996733,2,Small,Red
20260527099996732,6,Big,Red
20260527099996731,0,Small,Red Violet
20260527099996730,1,Small,Green
20260527099996729,6,Big,Red
20260527099996728,2,Small,Red
20260527099996727,9,Big,Green
20260527099996726,9,Big,Green
20260527099996725,6,Big,Red
20260527099996724,5,Big,Green Violet
20260527099996723,5,Big,Green Violet
20260527099996722,3,Small,Green
20260527099996721,6,Big,Red
20260527099996720,1,Small,Green
20260527099996719,5,Big,Green Violet
20260527099996718,5,Big,Green Violet
20260527099996717,5,Big,Green Violet
20260527099996716,3,Small,Green
20260527099996715,4,Small,Red
20260527099996714,6,Big,Red
20260527099996713,8,Big,Red
20260527099996712,9,Big,Green
20260527099996711,4,Small,Red
20260527099996710,5,Big,Green Violet
20260527099996709,0,Small,Red Violet
20260527099996708,0,Small,Red Violet
20260527099996707,3,Small,Green
20260527099996706,6,Big,Red
20260527099996705,2,Small,Red
20260527099996704,1,Small,Green
20260527099996703,8,Big,Red
20260527099996702,8,Big,Red
20260527099996701,6,Big,Red
20260527099996700,0,Small,Red Violet
20260527099996699,1,Small,Green
20260527099996698,5,Big,Green Violet
20260527099996697,0,Small,Red Violet
20260527099996696,4,Small,Red
20260527099996695,0,Small,Red Violet
20260527099996694,3,Small,Green
20260527099996693,3,Small,Green
20260527099996692,3,Small,Green
20260527099996691,9,Big,Green
20260527099996690,1,Small,Green
20260527099996689,7,Big,Green
20260527099996688,4,Small,Red
20260527099996687,5,Big,Green Violet
20260527099996686,4,Small,Red
20260527099996685,4,Small,Red
20260527099996684,8,Big,Red
20260527099996683,2,Small,Red
20260527099996682,5,Big,Green Violet
20260527099996681,5,Big,Green Violet
20260527099996680,4,Small,Red
20260527099996679,8,Big,Red
20260527099996678,3,Small,Green
20260527099996677,6,Big,Red
20260527099996676,9,Big,Green
20260527099996675,4,Small,Red
20260527099996674,6,Big,Red
20260527099996673,2,Small,Red
20260527099996672,2,Small,Red
20260527099996671,6,Big,Red
20260527099996670,1,Small,Green
20260527099996669,5,Big,Green Violet
20260527099996668,8,Big,Red
20260527099996667,8,Big,Red
20260527099996666,1,Small,Green
20260527099996665,3,Small,Green
20260527099996664,7,Big,Green
20260527099996663,5,Big,Green Violet
20260527099996662,6,Big,Red
20260527099996661,1,Small,Green
20260527099996660,1,Small,Green
20260527099996659,7,Big,Green
20260527099996658,3,Small,Green
20260527099996657,2,Small,Red
20260527099996656,7,Big,Green
20260527099996655,9,Big,Green
20260527099996654,9,Big,Green
20260527099996653,8,Big,Red
20260527099996652,7,Big,Green
20260527099996651,0,Small,Red Violet
20260527099996650,3,Small,Green
20260527099996649,2,Small,Red
20260527099996648,4,Small,Red
20260527099996647,1,Small,Green
20260527099996646,8,Big,Red
20260527099996645,3,Small,Green
20260527099996644,2,Small,Red
20260527099996643,8,Big,Red
20260527099996642,2,Small,Red
20260527099996641,4,Small,Red
20260527099996640,3,Small,Green
20260527099996639,8,Big,Red
20260527099996638,2,Small,Red
20260527099996637,4,Small,Red
20260527099996636,9,Big,Green
20260527099996635,1,Small,Green
20260527099996634,7,Big,Green
20260527099996633,2,Small,Red
20260527099996632,4,Small,Red
20260527099996631,0,Small,Red Violet
20260527099996630,7,Big,Green
20260527099996629,3,Small,Green
20260527099996628,8,Big,Red
20260527099996627,5,Big,Green Violet
20260527099996626,4,Small,Red
20260527099996625,3,Small,Green
20260527099996624,4,Small,Red
20260527099996623,9,Big,Green
20260527099996622,7,Big,Green
20260527099996621,3,Small,Green
20260527099996620,4,Small,Red
20260527099996619,3,Small,Green
20260527099996618,0,Small,Red Violet
20260527099996617,0,Small,Red Violet
20260527099996616,9,Big,Green
20260527099996615,0,Small,Red Violet
20260527099996614,8,Big,Red
20260527099996613,9,Big,Green
20260527099996612,4,Small,Red
20260527099996611,2,Small,Red
20260527099996610,3,Small,Green
20260527099996609,2,Small,Red
20260527099996608,0,Small,Red Violet
20260527099996607,7,Big,Green
20260527099996606,7,Big,Green
20260527099996605,1,Small,Green
20260527099996604,1,Small,Green
20260527099996603,0,Small,Red Violet
20260527099996602,2,Small,Red
20260527099996601,5,Big,Green Violet
20260527099996600,2,Small,Red
20260527099996599,9,Big,Green
20260527099996598,4,Small,Red
20260527099996597,4,Small,Red
20260527099996596,9,Big,Green
20260527099996595,4,Small,Red
20260527099996594,7,Big,Green
20260527099996593,2,Small,Red
20260527099996592,1,Small,Green
20260527099996591,4,Small,Red
20260527099996590,5,Big,Green Violet
20260527099996589,7,Big,Green
20260527099996588,0,Small,Red Violet
20260527099996587,9,Big,Green
20260527099996586,8,Big,Red
20260527099996585,0,Small,Red Violet
20260527099996584,6,Big,Red
20260527099996583,0,Small,Red Violet
20260527099996582,8,Big,Red
20260527099996581,0,Small,Red Violet
20260527099996580,2,Small,Red
20260527099996579,7,Big,Green
20260527099996578,3,Small,Green
20260527099996577,1,Small,Green
20260527099996576,3,Small,Green
20260527099996575,5,Big,Green Violet
20260527099996574,7,Big,Green
20260527099996573,1,Small,Green
20260527099996572,7,Big,Green
20260527099996571,3,Small,Green
20260527099996570,1,Small,Green
20260527099996569,4,Small,Red
20260527099996568,7,Big,Green
20260527099996567,6,Big,Red
20260527099996566,0,Small,Red Violet
20260527099996565,7,Big,Green
20260527099996564,8,Big,Red
20260527099996563,3,Small,Green
20260527099996562,3,Small,Green
20260527099996561,1,Small,Green
20260527099996560,5,Big,Green Violet
20260527099996559,5,Big,Green Violet
20260527099996558,1,Small,Green
20260527099996557,5,Big,Green Violet
20260527099996556,0,Small,Red Violet
20260527099996555,3,Small,Green
20260527099996554,5,Big,Green Violet
20260527099996553,6,Big,Red
20260527099996552,3,Small,Green
20260527099996551,2,Small,Red
20260527099996550,9,Big,Green
20260527099996549,6,Big,Red
20260527099996548,4,Small,Red
20260527099996547,9,Big,Green
20260527099996546,0,Small,Red Violet
20260527099996545,6,Big,Red
20260527099996544,0,Small,Red Violet
20260527099996543,6,Big,Red
20260527099996542,5,Big,Green Violet
20260527099996541,2,Small,Red
20260527099996540,5,Big,Green Violet
20260527099996539,4,Small,Red
20260527099996538,6,Big,Red
20260527099996537,9,Big,Green
20260527099996536,7,Big,Green
20260527099996535,0,Small,Red Violet
20260527099996534,9,Big,Green
20260527099996533,9,Big,Green
20260527099996532,9,Big,Green
20260527099996531,1,Small,Green
20260527099996530,2,Small,Red
20260527099996529,9,Big,Green
20260527099996528,0,Small,Red Violet
20260527099996527,3,Small,Green
20260527099996526,7,Big,Green
20260527099996525,0,Small,Red Violet
20260527099996524,9,Big,Green
20260527099996523,2,Small,Red
20260527099996522,1,Small,Green
20260527099996521,5,Big,Green Violet
20260527099996520,7,Big,Green
20260527099996519,5,Big,Green Violet
20260527099996518,7,Big,Green
20260527099996517,9,Big,Green
20260527099996516,9,Big,Green
20260527099996515,0,Small,Red Violet
20260527099996514,6,Big,Red
20260527099996513,0,Small,Red Violet
20260527099996512,2,Small,Red
20260527099996511,0,Small,Red Violet
20260527099996510,0,Small,Red Violet
20260527099996509,9,Big,Green
20260527099996508,6,Big,Red
20260527099996507,4,Small,Red
20260527099996506,7,Big,Green
20260527099996505,5,Big,Green Violet
20260527099996504,7,Big,Green
20260527099996503,9,Big,Green
20260527099996502,5,Big,Green Violet
20260527099996501,1,Small,Green
20260527099996500,5,Big,Green Violet
20260527099996499,1,Small,Green
20260527099996498,3,Small,Green
20260527099996497,4,Small,Red
20260527099996496,4,Small,Red
20260527099996495,7,Big,Green
20260527099996494,8,Big,Red
20260527099996493,6,Big,Red
20260527099996492,1,Small,Green
20260527099996491,3,Small,Green
20260527099996490,0,Small,Red Violet
20260527099996489,7,Big,Green
20260527099996488,1,Small,Green
20260527099996487,4,Small,Red
20260527099996486,6,Big,Red
20260527099996485,6,Big,Red
20260527099996484,7,Big,Green
20260527099996483,1,Small,Green
20260527099996482,6,Big,Red
20260527099996481,1,Small,Green
20260527099996480,8,Big,Red
20260527099996479,7,Big,Green
20260527099996478,0,Small,Red Violet
20260527099996477,6,Big,Red
20260527099996476,5,Big,Green Violet
20260527099996475,7,Big,Green
20260527099996474,2,Small,Red
20260527099996473,9,Big,Green
20260527099996472,5,Big,Green Violet
20260527099996471,3,Small,Green
20260527099996470,6,Big,Red
20260527099996469,4,Small,Red
20260527099996468,2,Small,Red
20260527099996467,4,Small,Red
20260527099996466,4,Small,Red
20260527099996465,0,Small,Red Violet
20260527099996464,6,Big,Red
20260527099996463,7,Big,Green
20260527099996462,5,Big,Green Violet
20260527099996461,4,Small,Red
20260527099996460,6,Big,Red
20260527099996459,2,Small,Red
20260527099996458,6,Big,Red
20260527099996457,9,Big,Green
20260527099996456,4,Small,Red
20260527099996455,0,Small,Red Violet
20260527099996454,1,Small,Green
20260527099996453,5,Big,Green Violet
20260527099996452,9,Big,Green
20260527099996451,6,Big,Red
20260527099996450,7,Big,Green
20260527099996449,1,Small,Green
20260527099996448,8,Big,Red
20260527099996447,7,Big,Green
20260527099996446,6,Big,Red
20260527099996445,2,Small,Red
20260527099996444,9,Big,Green
20260527099996443,7,Big,Green
20260527099996442,5,Big,Green Violet
20260527099996441,3,Small,Green
20260527099996440,6,Big,Red
20260527099996439,1,Small,Green
20260527099996438,2,Small,Red
20260527099996437,9,Big,Green
20260527099996436,4,Small,Red
20260527099996435,4,Small,Red
20260527099996434,7,Big,Green
20260527099996433,0,Small,Red Violet
20260527099996432,6,Big,Red
20260527099996431,5,Big,Green Violet
20260527099996430,4,Small,Red
20260527099996429,7,Big,Green
20260527099996428,9,Big,Green
20260527099996427,3,Small,Green
20260527099996426,7,Big,Green
20260527099996425,8,Big,Red
20260527099996424,1,Small,Green
20260527099996423,9,Big,Green
20260527099996422,2,Small,Red
20260527099996421,3,Small,Green
20260527099996420,7,Big,Green
20260527099996419,0,Small,Red Violet
20260527099996418,0,Small,Red Violet
20260527099996417,4,Small,Red
20260527099996416,5,Big,Green Violet
20260527099996415,1,Small,Green
20260527099996414,8,Big,Red
20260527099996413,8,Big,Red
20260527099996412,1,Small,Green
20260527099996411,4,Small,Red
20260527099996410,5,Big,Green Violet
20260527099996409,2,Small,Red
20260527099996408,2,Small,Red
20260527099996407,3,Small,Green
20260527099996406,2,Small,Red
20260527099996405,4,Small,Red
20260527099996404,9,Big,Green
20260527099996403,9,Big,Green
20260527099996402,8,Big,Red
20260527099996401,1,Small,Green
20260527099996400,0,Small,Red Violet
20260527099996399,5,Big,Green Violet
20260527099996398,5,Big,Green Violet
20260527099996397,9,Big,Green
20260527099996396,9,Big,Green
20260527099996395,3,Small,Green
20260527099996394,3,Small,Green
20260527099996393,2,Small,Red
20260527099996392,3,Small,Green
20260527099996391,3,Small,Green
20260527099996390,9,Big,Green
20260527099996389,1,Small,Green
20260527099996388,9,Big,Green
20260527099996387,2,Small,Red
20260527099996386,3,Small,Green
20260527099996385,1,Small,Green
20260527099996384,8,Big,Red
20260527099996383,8,Big,Red
20260527099996382,7,Big,Green
20260527099996381,0,Small,Red Violet
20260527099996380,9,Big,Green
20260527099996379,8,Big,Red
20260527099996378,2,Small,Red
20260527099996377,2,Small,Red
20260527099996376,0,Small,Red Violet
20260527099996375,4,Small,Red
20260527099996374,6,Big,Red
20260527099996373,4,Small,Red
20260527099996372,4,Small,Red
20260527099996371,8,Big,Red
20260527099996370,3,Small,Green
20260527099996369,0,Small,Red Violet
20260527099996368,2,Small,Red
20260527099996367,2,Small,Red
20260527099996366,5,Big,Green Violet
20260527099996365,5,Big,Green Violet
20260527099996364,8,Big,Red
20260527099996363,1,Small,Green
20260527099996362,1,Small,Green
20260527099996361,2,Small,Red
20260527099996360,9,Big,Green
20260527099996359,6,Big,Red
20260527099996358,2,Small,Red
20260527099996357,5,Big,Green Violet
20260527099996356,4,Small,Red
20260527099996355,8,Big,Red
20260527099996354,1,Small,Green
20260527099996353,8,Big,Red
20260527099996352,4,Small,Red
20260527099996351,0,Small,Red Violet
20260527099996350,4,Small,Red
20260527099996349,4,Small,Red
20260527099996348,0,Small,Red Violet
20260527099996347,2,Small,Red
20260527099996346,0,Small,Red Violet
20260527099996345,0,Small,Red Violet
20260527099996344,6,Big,Red
20260527099996343,8,Big,Red
20260527099996342,3,Small,Green
20260527099996341,7,Big,Green
20260527099996340,7,Big,Green
20260527099996339,0,Small,Red Violet
20260527099996338,4,Small,Red
20260527099996337,8,Big,Red
20260527099996336,5,Big,Green Violet
20260527099996335,1,Small,Green
20260527099996334,9,Big,Green
20260527099996333,2,Small,Red
20260527099996332,0,Small,Red Violet
20260527099996331,7,Big,Green
20260527099996330,4,Small,Red
20260527099996329,2,Small,Red
20260527099996328,2,Small,Red
20260527099996327,7,Big,Green
20260527099996326,0,Small,Red Violet
20260527099996325,9,Big,Green
20260527099996324,2,Small,Red
20260527099996323,9,Big,Green
20260527099996322,5,Big,Green Violet
20260527099996321,7,Big,Green
20260527099996320,7,Big,Green
20260527099996319,1,Small,Green
20260527099996318,9,Big,Green
20260527099996317,4,Small,Red
20260527099996316,7,Big,Green
20260527099996315,8,Big,Red
20260527099996314,4,Small,Red
20260527099996313,8,Big,Red
20260527099996312,6,Big,Red
20260527099996311,3,Small,Green
20260527099996310,5,Big,Green Violet
20260527099996309,6,Big,Red
20260527099996308,8,Big,Red
20260527099996307,2,Small,Red
20260527099996306,2,Small,Red
20260527099996305,0,Small,Red Violet
20260527099996304,0,Small,Red Violet
20260527099996303,5,Big,Green Violet
20260527099996302,4,Small,Red
20260527099996301,9,Big,Green
20260527099996300,0,Small,Red Violet
20260527099996299,5,Big,Green Violet
20260527099996298,8,Big,Red
20260527099996297,1,Small,Green
20260527099996296,5,Big,Green Violet
20260527099996295,3,Small,Green
20260527099996294,8,Big,Red
20260527099996293,1,Small,Green
20260527099996292,7,Big,Green
20260527099996291,8,Big,Red
20260527099996290,9,Big,Green
20260527099996289,6,Big,Red
20260527099996288,2,Small,Red
20260527099996287,3,Small,Green
20260527099996286,8,Big,Red
20260527099996285,9,Big,Green
20260527099996284,5,Big,Green Violet
20260527099996283,5,Big,Green Violet
20260527099996282,8,Big,Red
20260527099996281,5,Big,Green Violet
20260527099996280,8,Big,Red
20260527099996279,7,Big,Green
20260527099996278,2,Small,Red
20260527099996277,8,Big,Red
20260527099996276,4,Small,Red
20260527099996275,8,Big,Red
20260527099996274,1,Small,Green
20260527099996273,5,Big,Green Violet
20260527099996272,1,Small,Green
20260527099996271,4,Small,Red
20260527099996270,8,Big,Red
20260527099996269,7,Big,Green
20260527099996268,5,Big,Green Violet
20260527099996267,5,Big,Green Violet
20260527099996266,5,Big,Green Violet
20260527099996265,4,Small,Red
20260527099996264,7,Big,Green
20260527099996263,0,Small,Red Violet
20260527099996262,7,Big,Green
20260527099996261,2,Small,Red
20260527099996260,5,Big,Green Violet
20260527099996259,9,Big,Green
20260527099996258,6,Big,Red
20260527099996257,9,Big,Green
20260527099996256,5,Big,Green Violet
20260527099996255,0,Small,Red Violet
20260527099996254,6,Big,Red
20260527099996253,8,Big,Red
20260527099996252,4,Small,Red
20260527099996251,2,Small,Red
20260527099996250,4,Small,Red
20260527099996249,1,Small,Green
20260527099996248,7,Big,Green
20260527099996247,2,Small,Red
20260527099996246,5,Big,Green Violet
20260527099996245,9,Big,Green
20260527099996244,4,Small,Red
20260527099996243,0,Small,Red Violet
20260527099996242,7,Big,Green
20260527099996241,1,Small,Green
20260527099996240,2,Small,Red
20260527099996239,8,Big,Red
20260527099996238,4,Small,Red
20260527099996237,6,Big,Red
20260527099996236,7,Big,Green
20260527099996235,8,Big,Red
20260527099996234,0,Small,Red Violet
20260527099996233,2,Small,Red
20260527099996232,4,Small,Red
20260527099996231,5,Big,Green Violet
20260527099996230,0,Small,Red Violet
20260527099996229,7,Big,Green
20260527099996228,8,Big,Red
20260527099996227,6,Big,Red
20260527099996226,6,Big,Red
20260527099996225,7,Big,Green
20260527099996224,0,Small,Red Violet
20260527099996223,0,Small,Red Violet
20260527099996222,7,Big,Green
20260527099996221,1,Small,Green
20260527099996220,7,Big,Green
20260527099996219,8,Big,Red
20260527099996218,4,Small,Red
20260527099996217,1,Small,Green
20260527099996216,8,Big,Red
20260527099996215,2,Small,Red
20260527099996214,7,Big,Green
20260527099996213,3,Small,Green
20260527099996212,4,Small,Red
20260527099996211,0,Small,Red Violet
20260527099996210,2,Small,Red
20260527099996209,6,Big,Red
20260527099996208,4,Small,Red
20260527099996207,9,Big,Green
20260527099996206,6,Big,Red
20260527099996205,5,Big,Green Violet
20260527099996204,5,Big,Green Violet
20260527099996203,2,Small,Red
20260527099996202,4,Small,Red
20260527099996201,3,Small,Green
20260527099996200,2,Small,Red
20260527099996199,0,Small,Red Violet
20260527099996198,0,Small,Red Violet
20260527099996197,8,Big,Red
20260527099996196,0,Small,Red Violet
20260527099996195,6,Big,Red
20260527099996194,2,Small,Red
20260527099996193,0,Small,Red Violet
20260527099996192,5,Big,Green Violet
20260527099996191,8,Big,Red
20260527099996190,7,Big,Green
20260527099996189,8,Big,Red
20260527099996188,7,Big,Green
20260527099996187,7,Big,Green
20260527099996186,5,Big,Green Violet
20260527099996185,7,Big,Green
20260527099996184,2,Small,Red
20260527099996183,0,Small,Red Violet
20260527099996182,9,Big,Green
20260527099996181,3,Small,Green
20260527099996180,0,Small,Red Violet
20260527099996179,0,Small,Red Violet
20260527099996178,9,Big,Green
20260527099996177,7,Big,Green
20260527099996176,4,Small,Red
20260527099996175,9,Big,Green
20260527099996174,7,Big,Green
20260527099996173,3,Small,Green
20260527099996172,9,Big,Green
20260527099996171,2,Small,Red
20260527099996170,3,Small,Green
20260527099996169,4,Small,Red
20260527099996168,7,Big,Green
20260527099996167,0,Small,Red Violet
20260527099996166,0,Small,Red Violet
20260527099996165,6,Big,Red
20260527099996164,5,Big,Green Violet
20260527099996163,4,Small,Red
20260527099996162,4,Small,Red
20260527099996161,8,Big,Red
20260527099996160,4,Small,Red
20260527099996159,5,Big,Green Violet
20260527099996158,9,Big,Green
20260527099996157,3,Small,Green
20260527099996156,0,Small,Red Violet
20260527099996155,0,Small,Red Violet
20260527099996154,3,Small,Green
20260527099996153,3,Small,Green
20260527099996152,9,Big,Green
20260527099996151,7,Big,Green
20260527099996150,2,Small,Red
20260527099996149,8,Big,Red
20260527099996148,8,Big,Red
20260527099996147,6,Big,Red
20260527099996146,5,Big,Green Violet
20260527099996145,3,Small,Green
20260527099996144,5,Big,Green Violet
20260527099996143,8,Big,Red
20260527099996142,5,Big,Green Violet
20260527099996141,1,Small,Green
20260527099996140,3,Small,Green
20260527099996139,2,Small,Red
20260527099996138,9,Big,Green
20260527099996137,4,Small,Red
20260527099996136,0,Small,Red Violet
20260527099996135,2,Small,Red
20260527099996134,5,Big,Green Violet
20260527099996133,2,Small,Red
20260527099996132,0,Small,Red Violet
20260527099996131,3,Small,Green
20260527099996130,8,Big,Red
20260527099996129,0,Small,Red Violet
20260527099996128,4,Small,Red
20260527099996127,5,Big,Green Violet
20260527099996126,2,Small,Red
20260527099996125,7,Big,Green
20260527099996124,3,Small,Green
20260527099996123,8,Big,Red
20260527099996122,4,Small,Red
20260527099996121,2,Small,Red
20260527099996120,8,Big,Red
20260527099996119,8,Big,Red
20260527099996118,3,Small,Green
20260527099996117,1,Small,Green
20260527099996116,2,Small,Red
20260527099996115,5,Big,Green Violet
20260527099996114,3,Small,Green
20260527099996113,7,Big,Green
20260527099996112,2,Small,Red
20260527099996111,5,Big,Green Violet
20260527099996110,3,Small,Green
20260527099996109,2,Small,Red
20260527099996108,2,Small,Red
20260527099996107,6,Big,Red
20260527099996106,1,Small,Green
20260527099996105,7,Big,Green
20260527099996104,7,Big,Green
20260527099996103,0,Small,Red Violet
20260527099996102,0,Small,Red Violet
20260527099996101,1,Small,Green
20260527099996100,0,Small,Red Violet
20260527099996099,5,Big,Green Violet
20260527099996098,2,Small,Red
20260527099996097,6,Big,Red
20260527099996096,5,Big,Green Violet
20260527099996095,9,Big,Green
20260527099996094,2,Small,Red
20260527099996093,0,Small,Red Violet
20260527099996092,2,Small,Red
20260527099996091,8,Big,Red
20260527099996090,8,Big,Red
20260527099996089,6,Big,Red
20260527099996088,6,Big,Red
20260527099996087,7,Big,Green
20260527099996086,3,Small,Green
20260527099996085,7,Big,Green
20260527099996084,7,Big,Green
20260527099996083,7,Big,Green
20260527099996082,6,Big,Red
20260527099996081,8,Big,Red
20260527099996080,5,Big,Green Violet
20260527099996079,1,Small,Green
20260527099996078,6,Big,Red
20260527099996077,7,Big,Green
20260527099996076,1,Small,Green
20260527099996075,3,Small,Green
20260527099996074,5,Big,Green Violet
20260527099996073,1,Small,Green
20260527099996072,4,Small,Red
20260527099996071,6,Big,Red
20260527099996070,9,Big,Green
20260527099996069,3,Small,Green
20260527099996068,7,Big,Green
20260527099996067,9,Big,Green
20260527099996066,5,Big,Green Violet
20260527099996065,8,Big,Red
20260527099996064,9,Big,Green
20260527099996063,8,Big,Red
20260527099996062,1,Small,Green
20260527099996061,9,Big,Green
20260527099996060,4,Small,Red
20260527099996059,6,Big,Red
20260527099996058,7,Big,Green
20260527099996057,0,Small,Red Violet
20260527099996056,1,Small,Green
20260527099996055,3,Small,Green
20260527099996054,1,Small,Green
20260527099996053,9,Big,Green
20260527099996052,8,Big,Red
20260527099996051,6,Big,Red
20260527099996050,5,Big,Green Violet
20260527099996049,2,Small,Red
20260527099996048,4,Small,Red
20260527099996047,1,Small,Green
20260527099996046,4,Small,Red
20260527099996045,1,Small,Green
20260527099996044,8,Big,Red
20260527099996043,1,Small,Green
20260527099996042,3,Small,Green
20260527099996041,2,Small,Red
20260527099996040,0,Small,Red Violet
20260527099996039,1,Small,Green
20260527099996038,3,Small,Green
20260527099996037,1,Small,Green
20260527099996036,1,Small,Green
20260527099996035,6,Big,Red
20260527099996034,5,Big,Green Violet
20260527099996033,8,Big,Red
20260527099996032,0,Small,Red Violet
20260527099996031,2,Small,Red
20260527099996030,8,Big,Red
20260527099996029,7,Big,Green
20260527099996028,9,Big,Green
20260527099996027,1,Small,Green
20260527099996026,2,Small,Red
20260527099996025,8,Big,Red
20260527099996024,3,Small,Green
20260527099996023,2,Small,Red
20260527099996022,9,Big,Green
20260527099996021,2,Small,Red
20260527099996020,3,Small,Green
20260527099996019,9,Big,Green
20260527099996018,8,Big,Red
20260527099996017,7,Big,Green
20260527099996016,9,Big,Green
20260527099996015,3,Small,Green
20260527099996014,7,Big,Green
20260527099996013,6,Big,Red
20260527099996012,1,Small,Green
20260527099996011,8,Big,Red
20260527099996010,0,Small,Red Violet
20260527099996009,4,Small,Red
20260527099996008,1,Small,Green
20260527099996007,6,Big,Red
20260527099996006,8,Big,Red
20260527099996005,7,Big,Green
20260527099996004,1,Small,Green
20260527099996003,4,Small,Red
20260527099996002,8,Big,Red
20260527099996001,2,Small,Red
20260527099996000,1,Small,Green
20260527099995999,5,Big,Green Violet
20260527099995998,1,Small,Green
20260527099995997,0,Small,Red Violet
20260527099995996,0,Small,Red Violet
20260527099995995,1,Small,Green
20260527099995994,8,Big,Red
20260527099995993,1,Small,Green
20260527099995992,9,Big,Green
20260527099995991,5,Big,Green Violet
20260527099995990,7,Big,Green
20260527099995989,4,Small,Red
20260527099995988,1,Small,Green
20260527099995987,8,Big,Red
20260527099995986,0,Small,Red Violet
20260527099995985,4,Small,Red
20260527099995984,1,Small,Green
20260527099995983,9,Big,Green
20260527099995982,1,Small,Green
20260527099995981,1,Small,Green
20260527099995980,2,Small,Red
20260527099995979,5,Big,Green Violet
20260527099995978,5,Big,Green Violet
20260527099995977,4,Small,Red
20260527099995976,7,Big,Green
20260527099995975,0,Small,Red Violet
20260527099995974,7,Big,Green
20260527099995973,9,Big,Green
20260527099995972,4,Small,Red
20260527099995971,4,Small,Red
20260527099995970,2,Small,Red
20260527099995969,1,Small,Green
20260527099995968,5,Big,Green Violet
20260527099995967,8,Big,Red
20260527099995966,0,Small,Red Violet
20260527099995965,8,Big,Red
20260527099995964,2,Small,Red
20260527099995963,3,Small,Green
20260527099995962,4,Small,Red
20260527099995961,3,Small,Green
20260527099995960,1,Small,Green
20260527099995959,0,Small,Red Violet
20260527099995958,8,Big,Red
20260527099995957,3,Small,Green
20260527099995956,4,Small,Red
20260527099995955,3,Small,Green
20260527099995954,9,Big,Green
20260527099995953,3,Small,Green
20260527099995952,3,Small,Green
20260527099995951,8,Big,Red
20260527099995950,1,Small,Green
20260527099995949,8,Big,Red
20260527099995948,3,Small,Green
20260527099995947,4,Small,Red
20260527099995946,6,Big,Red
20260527099995945,2,Small,Red
20260527099995944,3,Small,Green
20260527099995943,3,Small,Green
20260527099995942,7,Big,Green
20260527099995941,1,Small,Green
20260527099995940,2,Small,Red
20260527099995939,6,Big,Red
20260527099995938,8,Big,Red
20260527099995937,0,Small,Red Violet
20260527099995936,4,Small,Red
20260527099995935,6,Big,Red
20260527099995934,8,Big,Red
20260527099995933,5,Big,Green Violet
20260527099995932,6,Big,Red
20260527099995931,7,Big,Green
20260527099995930,9,Big,Green
20260527099995929,0,Small,Red Violet
20260527099995928,3,Small,Green
20260527099995927,0,Small,Red Violet
20260527099995926,3,Small,Green
20260527099995925,1,Small,Green
20260527099995924,2,Small,Red
20260527099995923,5,Big,Green Violet
20260527099995922,5,Big,Green Violet
20260527099995921,9,Big,Green
20260527099995920,2,Small,Red
20260527099995919,7,Big,Green
20260527099995918,6,Big,Red
20260527099995917,9,Big,Green
20260527099995916,1,Small,Green
20260527099995915,6,Big,Red
20260527099995914,8,Big,Red
20260527099995913,7,Big,Green
20260527099995912,3,Small,Green
20260527099995911,5,Big,Green Violet
20260527099995910,3,Small,Green
20260527099995909,8,Big,Red
20260527099995908,6,Big,Red
20260527099995907,4,Small,Red
20260527099995906,4,Small,Red
20260527099995905,4,Small,Red
20260527099995904,8,Big,Red
20260527099995903,2,Small,Red
20260527099995902,6,Big,Red
20260527099995901,5,Big,Green Violet
20260527099995900,7,Big,Green
20260527099995899,5,Big,Green Violet
20260527099995898,9,Big,Green
20260527099995897,7,Big,Green
20260527099995896,5,Big,Green Violet
20260527099995895,1,Small,Green
20260527099995894,6,Big,Red
20260527099995893,6,Big,Red
20260527099995892,5,Big,Green Violet
20260527099995891,6,Big,Red
20260527099995890,6,Big,Red
20260527099995889,4,Small,Red
20260527099995888,7,Big,Green
20260527099995887,3,Small,Green
20260527099995886,9,Big,Green
20260527099995885,8,Big,Red
20260527099995884,9,Big,Green
20260527099995883,2,Small,Red
20260527099995882,5,Big,Green Violet
20260527099995881,5,Big,Green Violet
20260527099995880,7,Big,Green
20260527099995879,9,Big,Green
20260527099995878,5,Big,Green Violet
20260527099995877,8,Big,Red
20260527099995876,6,Big,Red
20260527099995875,7,Big,Green
20260527099995874,5,Big,Green Violet
20260527099995873,5,Big,Green Violet
20260527099995872,5,Big,Green Violet
20260527099995871,1,Small,Green
20260527099995870,0,Small,Red Violet
20260527099995869,7,Big,Green
20260527099995868,5,Big,Green Violet
20260527099995867,1,Small,Green
20260527099995866,0,Small,Red Violet
20260527099995865,2,Small,Red
20260527099995864,8,Big,Red
20260527099995863,6,Big,Red
20260527099995862,1,Small,Green
20260527099995861,9,Big,Green
20260527099995860,9,Big,Green
20260527099995859,3,Small,Green
20260527099995858,1,Small,Green
20260527099995857,2,Small,Red
20260527099995856,1,Small,Green
20260527099995855,4,Small,Red
20260527099995854,8,Big,Red
20260527099995853,9,Big,Green
20260527099995852,8,Big,Red
20260527099995851,5,Big,Green Violet
20260527099995850,8,Big,Red
20260527099995849,1,Small,Green
20260527099995848,4,Small,Red
20260527099995847,0,Small,Red Violet
20260527099995846,4,Small,Red
20260527099995845,2,Small,Red
20260527099995844,8,Big,Red
20260527099995843,4,Small,Red
20260527099995842,6,Big,Red
20260527099995841,7,Big,Green
20260527099995840,3,Small,Green
20260527099995839,8,Big,Red
20260527099995838,9,Big,Green
20260527099995837,9,Big,Green
20260527099995836,3,Small,Green
20260527099995835,7,Big,Green
20260527099995834,2,Small,Red
20260527099995833,3,Small,Green
20260527099995832,9,Big,Green
20260527099995831,6,Big,Red
20260527099995830,6,Big,Red
20260527099995829,7,Big,Green
20260527099995828,0,Small,Red Violet
20260527099995827,0,Small,Red Violet
20260527099995826,8,Big,Red
20260527099995825,2,Small,Red
20260527099995824,9,Big,Green
20260527099995823,2,Small,Red
20260527099995822,1,Small,Green
20260527099995821,6,Big,Red
20260527099995820,5,Big,Green Violet
20260527099995819,8,Big,Red
20260527099995818,8,Big,Red
20260527099995817,0,Small,Red Violet
20260527099995816,3,Small,Green
20260527099995815,5,Big,Green Violet
20260527099995814,6,Big,Red
20260527099995813,5,Big,Green Violet
20260527099995812,0,Small,Red Violet
20260527099995811,1,Small,Green
20260527099995810,4,Small,Red
20260527099995809,9,Big,Green
20260527099995808,6,Big,Red
20260527099995807,2,Small,Red
20260527099995806,4,Small,Red
20260527099995805,3,Small,Green
20260527099995804,2,Small,Red
20260527099995803,3,Small,Green
20260527099995802,1,Small,Green
20260527099995801,6,Big,Red
20260527099995800,4,Small,Red
20260527099995799,9,Big,Green
20260527099995798,4,Small,Red
20260527099995797,7,Big,Green
20260527099995796,4,Small,Red
20260527099995795,0,Small,Red Violet
20260527099995794,2,Small,Red
20260527099995793,2,Small,Red
20260527099995792,9,Big,Green
20260527099995791,6,Big,Red
20260527099995790,8,Big,Red
20260527099995789,2,Small,Red
20260527099995788,8,Big,Red
20260527099995787,0,Small,Red Violet
20260527099995786,2,Small,Red
20260527099995785,7,Big,Green
20260527099995784,0,Small,Red Violet
20260527099995783,4,Small,Red
20260527099995782,8,Big,Red
20260527099995781,6,Big,Red
20260527099995780,2,Small,Red
20260527099995779,6,Big,Red
20260527099995778,1,Small,Green
20260527099995777,3,Small,Green
20260527099995776,8,Big,Red
20260527099995775,2,Small,Red
20260527099995774,4,Small,Red
20260527099995773,4,Small,Red
20260527099995772,8,Big,Red
20260527099995771,6,Big,Red
20260527099995770,3,Small,Green
20260527099995769,3,Small,Green
20260527099995768,3,Small,Green
20260527099995767,8,Big,Red
20260527099995766,5,Big,Green Violet
20260527099995765,8,Big,Red
20260527099995764,9,Big,Green
20260527099995763,8,Big,Red
20260527099995762,8,Big,Red
20260527099995761,4,Small,Red
20260527099995760,3,Small,Green
20260527099995759,8,Big,Red
20260527099995758,8,Big,Red
20260527099995757,4,Small,Red
20260527099995756,8,Big,Red
20260527099995755,9,Big,Green
20260527099995754,0,Small,Red Violet
20260527099995753,2,Small,Red
20260527099995752,3,Small,Green
20260527099995751,1,Small,Green
20260527099995750,2,Small,Red
20260527099995749,6,Big,Red
20260527099995748,6,Big,Red
20260527099995747,9,Big,Green
20260527099995746,0,Small,Red Violet
20260527099995745,3,Small,Green
20260527099995744,0,Small,Red Violet
20260527099995743,5,Big,Green Violet
20260527099995742,8,Big,Red
20260527099995741,0,Small,Red Violet
20260527099995740,5,Big,Green Violet
20260527099995739,5,Big,Green Violet
20260527099995738,4,Small,Red
20260527099995737,9,Big,Green
20260527099995736,8,Big,Red
20260527099995735,2,Small,Red
20260527099995734,2,Small,Red
20260527099995733,5,Big,Green Violet
20260527099995732,8,Big,Red
20260527099995731,2,Small,Red
20260527099995730,7,Big,Green
20260527099995729,4,Small,Red
20260527099995728,8,Big,Red
20260527099995727,9,Big,Green
20260527099995726,5,Big,Green Violet
20260527099995725,1,Small,Green
20260527099995724,6,Big,Red
20260527099995723,4,Small,Red
20260527099995722,6,Big,Red
20260527099995721,4,Small,Red
20260527099995720,1,Small,Green
20260527099995719,4,Small,Red
20260527099995718,3,Small,Green
20260527099995717,1,Small,Green
20260527099995716,9,Big,Green
20260527099995715,8,Big,Red
20260527099995714,5,Big,Green Violet
20260527099995713,3,Small,Green
20260527099995712,4,Small,Red
20260527099995711,7,Big,Green
20260527099995710,6,Big,Red
20260527099995709,6,Big,Red
20260527099995708,1,Small,Green
20260527099995707,6,Big,Red
20260527099995706,8,Big,Red
20260527099995705,0,Small,Red Violet
20260527099995704,4,Small,Red
20260527099995703,3,Small,Green
20260527099995702,0,Small,Red Violet
20260527099995701,7,Big,Green
20260527099995700,2,Small,Red
20260527099995699,6,Big,Red
20260527099995698,8,Big,Red
20260527099995697,8,Big,Red
20260527099995696,8,Big,Red
20260527099995695,6,Big,Red
20260527099995694,8,Big,Red
20260527099995693,1,Small,Green
20260527099995692,4,Small,Red
20260527099995691,9,Big,Green
20260527099995690,4,Small,Red
20260527099995689,3,Small,Green
20260527099995688,5,Big,Green Violet
20260527099995687,0,Small,Red Violet
20260527099995686,0,Small,Red Violet
20260527099995685,0,Small,Red Violet
20260527099995684,9,Big,Green
20260527099995683,8,Big,Red
20260527099995682,0,Small,Red Violet
20260527099995681,9,Big,Green
20260527099995680,5,Big,Green Violet
20260527099995679,5,Big,Green Violet
20260527099995678,6,Big,Red
20260527099995677,5,Big,Green Violet
20260527099995676,6,Big,Red
20260527099995675,9,Big,Green
20260527099995674,9,Big,Green
20260527099995673,9,Big,Green
20260527099995672,0,Small,Red Violet
20260527099995671,5,Big,Green Violet
20260527099995670,1,Small,Green
20260527099995669,6,Big,Red
20260527099995668,2,Small,Red
20260527099995667,8,Big,Red
20260527099995666,7,Big,Green
20260527099995665,6,Big,Red
20260527099995664,9,Big,Green
20260527099995663,0,Small,Red Violet
20260527099995662,0,Small,Red Violet
20260527099995661,6,Big,Red
20260527099995660,5,Big,Green Violet
20260527099995659,5,Big,Green Violet
20260527099995658,9,Big,Green
20260527099995657,1,Small,Green
20260527099995656,7,Big,Green
20260527099995655,9,Big,Green
20260527099995654,7,Big,Green
20260527099995653,5,Big,Green Violet
20260527099995652,3,Small,Green
20260527099995651,0,Small,Red Violet
20260527099995650,0,Small,Red Violet
20260527099995649,9,Big,Green
20260527099995648,1,Small,Green
20260527099995647,3,Small,Green
20260527099995646,9,Big,Green
20260527099995645,6,Big,Red
20260527099995644,0,Small,Red Violet
20260527099995643,2,Small,Red
20260527099995642,1,Small,Green
20260527099995641,6,Big,Red
20260527099995640,3,Small,Green
20260527099995639,1,Small,Green
20260527099995638,0,Small,Red Violet
20260527099995637,2,Small,Red
20260527099995636,6,Big,Red
20260527099995635,5,Big,Green Violet
20260527099995634,9,Big,Green
20260527099995633,9,Big,Green
20260527099995632,4,Small,Red
20260527099995631,8,Big,Red
20260527099995630,9,Big,Green
20260527099995629,1,Small,Green
20260527099995628,5,Big,Green Violet
20260527099995627,9,Big,Green
20260527099995626,0,Small,Red Violet
20260527099995625,1,Small,Green
20260527099995624,4,Small,Red
20260527099995623,0,Small,Red Violet
20260527099995622,2,Small,Red
20260527099995621,4,Small,Red
20260527099995620,5,Big,Green Violet
20260527099995619,4,Small,Red
20260527099995618,5,Big,Green Violet
20260527099995617,9,Big,Green
20260527099995616,2,Small,Red
20260527099995615,3,Small,Green
20260527099995614,6,Big,Red
20260527099995613,2,Small,Red
20260527099995612,1,Small,Green
20260527099995611,5,Big,Green Violet
20260527099995610,3,Small,Green
20260527099995609,8,Big,Red
20260527099995608,5,Big,Green Violet
20260527099995607,4,Small,Red
20260527099995606,5,Big,Green Violet
20260527099995605,6,Big,Red
20260527099995604,9,Big,Green
20260527099995603,0,Small,Red Violet
20260527099995602,2,Small,Red
20260527099995601,0,Small,Red Violet
20260527099995600,7,Big,Green
20260527099995599,2,Small,Red
20260527099995598,2,Small,Red
20260527099995597,9,Big,Green
20260527099995596,5,Big,Green Violet
20260527099995595,7,Big,Green
20260527099995594,3,Small,Green
20260527099995593,5,Big,Green Violet
20260527099995592,9,Big,Green
20260527099995591,0,Small,Red Violet
20260527099995590,8,Big,Red
20260527099995589,5,Big,Green Violet
20260527099995588,0,Small,Red Violet
20260527099995587,0,Small,Red Violet
20260527099995586,5,Big,Green Violet
20260527099995585,7,Big,Green
20260527099995584,9,Big,Green
20260527099995583,0,Small,Red Violet
20260527099995582,4,Small,Red
20260527099995581,4,Small,Red
20260527099995580,2,Small,Red
20260527099995579,0,Small,Red Violet
20260527099995578,1,Small,Green
20260527099995577,7,Big,Green
20260527099995576,7,Big,Green
20260527099995575,7,Big,Green
20260527099995574,4,Small,Red
20260527099995573,4,Small,Red
20260527099995572,1,Small,Green
20260527099995571,0,Small,Red Violet
20260527099995570,7,Big,Green
20260527099995569,4,Small,Red
20260527099995568,7,Big,Green
20260527099995567,2,Small,Red
20260527099995566,8,Big,Red
20260527099995565,3,Small,Green
20260527099995564,4,Small,Red
20260527099995563,7,Big,Green
20260527099995562,8,Big,Red
20260527099995561,7,Big,Green
20260527099995560,0,Small,Red Violet
20260527099995559,3,Small,Green
20260527099995558,7,Big,Green
20260527099995557,4,Small,Red
20260527099995556,2,Small,Red
20260527099995555,0,Small,Red Violet
20260527099995554,7,Big,Green
20260527099995553,4,Small,Red
20260527099995552,1,Small,Green
20260527099995551,6,Big,Red
20260527099995550,2,Small,Red
20260527099995549,1,Small,Green
20260527099995548,5,Big,Green Violet
20260527099995547,6,Big,Red
20260527099995546,9,Big,Green
20260527099995545,5,Big,Green Violet
20260527099995544,9,Big,Green
20260527099995543,2,Small,Red
20260527099995542,8,Big,Red
20260527099995541,7,Big,Green
20260527099995540,9,Big,Green
20260527099995539,1,Small,Green
20260527099995538,5,Big,Green Violet
20260527099995537,2,Small,Red
20260527099995536,5,Big,Green Violet
20260527099995535,6,Big,Red
20260527099995534,4,Small,Red
20260527099995533,9,Big,Green
20260527099995532,3,Small,Green
20260527099995531,2,Small,Red
20260527099995530,0,Small,Red Violet
20260527099995529,4,Small,Red
20260527099995528,5,Big,Green Violet
20260527099995527,9,Big,Green
20260527099995526,5,Big,Green Violet
20260527099995525,7,Big,Green
20260527099995524,5,Big,Green Violet
20260527099995523,9,Big,Green
20260527099995522,8,Big,Red
20260527099995521,9,Big,Green
20260527099995520,4,Small,Red
20260527099995519,6,Big,Red
20260527099995518,7,Big,Green
20260527099995517,7,Big,Green
20260527099995516,3,Small,Green
20260527099995515,5,Big,Green Violet
20260527099995514,5,Big,Green Violet
20260527099995513,0,Small,Red Violet
20260527099995512,0,Small,Red Violet
20260527099995511,5,Big,Green Violet
20260527099995510,7,Big,Green
20260527099995509,9,Big,Green
20260527099995508,5,Big,Green Violet
20260527099995507,6,Big,Red
20260527099995506,0,Small,Red Violet
20260527099995505,3,Small,Green
20260527099995504,3,Small,Green
20260527099995503,5,Big,Green Violet
20260527099995502,8,Big,Red
20260527099995501,4,Small,Red
20260527099995500,5,Big,Green Violet
20260527099995499,6,Big,Red
20260527099995498,1,Small,Green
20260527099995497,2,Small,Red
20260527099995496,5,Big,Green Violet
20260527099995495,3,Small,Green
20260527099995494,6,Big,Red
20260527099995493,4,Small,Red
20260527099995492,8,Big,Red
20260527099995491,2,Small,Red
20260527099995490,8,Big,Red
20260527099995489,9,Big,Green
20260527099995488,5,Big,Green Violet
20260527099995487,0,Small,Red Violet
20260527099995486,3,Small,Green
20260527099995485,7,Big,Green
20260527099995484,4,Small,Red
20260527099995483,3,Small,Green
20260527099995482,8,Big,Red
20260527099995481,6,Big,Red
20260527099995480,9,Big,Green
20260527099995479,5,Big,Green Violet
20260527099995478,3,Small,Green
20260527099995477,0,Small,Red Violet
20260527099995476,1,Small,Green
20260527099995475,0,Small,Red Violet
20260527099995474,5,Big,Green Violet
20260527099995473,4,Small,Red
20260527099995472,9,Big,Green
20260527099995471,5,Big,Green Violet
20260527099995470,2,Small,Red
20260527099995469,9,Big,Green
20260527099995468,8,Big,Red
20260527099995467,4,Small,Red
20260527099995466,1,Small,Green
20260527099995465,7,Big,Green
20260527099995464,1,Small,Green
20260527099995463,6,Big,Red
20260527099995462,9,Big,Green
20260527099995461,3,Small,Green
20260527099995460,2,Small,Red
20260527099995459,2,Small,Red
20260527099995458,9,Big,Green
20260527099995457,2,Small,Red
20260527099995456,7,Big,Green
20260527099995455,6,Big,Red
20260527099995454,3,Small,Green
20260527099995453,7,Big,Green
20260527099995452,3,Small,Green
20260527099995451,9,Big,Green
20260527099995450,6,Big,Red
20260527099995449,3,Small,Green
20260527099995448,1,Small,Green
20260527099995447,2,Small,Red
20260527099995446,8,Big,Red
20260527099995445,1,Small,Green
20260527099995444,5,Big,Green Violet
20260527099995443,0,Small,Red Violet
20260527099995442,7,Big,Green
20260527099995441,7,Big,Green
20260527099995440,3,Small,Green
20260527099995439,8,Big,Red
20260527099995438,0,Small,Red Violet
20260527099995437,9,Big,Green
20260527099995436,6,Big,Red
20260527099995435,9,Big,Green
20260527099995434,5,Big,Green Violet
20260527099995433,5,Big,Green Violet
20260527099995432,3,Small,Green
20260527099995431,5,Big,Green Violet
20260527099995430,4,Small,Red
20260527099995429,1,Small,Green
20260527099995428,8,Big,Red
20260527099995427,7,Big,Green
20260527099995426,7,Big,Green
20260527099995425,0,Small,Red Violet
20260527099995424,7,Big,Green
20260527099995423,9,Big,Green
20260527099995422,5,Big,Green Violet
20260527099995421,1,Small,Green
20260527099995420,7,Big,Green
20260527099995419,4,Small,Red
20260527099995418,0,Small,Red Violet
20260527099995417,7,Big,Green
20260527099995416,7,Big,Green
20260527099995415,4,Small,Red
20260527099995414,1,Small,Green
20260527099995413,3,Small,Green
20260527099995412,2,Small,Red
20260527099995411,4,Small,Red
20260527099995410,5,Big,Green Violet
20260527099995409,6,Big,Red
20260527099995408,8,Big,Red
20260527099995407,0,Small,Red Violet
20260527099995406,2,Small,Red
20260527099995405,1,Small,Green
20260527099995404,9,Big,Green
20260527099995403,6,Big,Red
20260527099995402,6,Big,Red
20260527099995401,7,Big,Green
20260527099995400,9,Big,Green
20260527099995399,5,Big,Green Violet
20260527099995398,5,Big,Green Violet
20260527099995397,4,Small,Red
20260527099995396,2,Small,Red
20260527099995395,7,Big,Green
20260527099995394,2,Small,Red
20260527099995393,2,Small,Red
20260527099995392,0,Small,Red Violet
20260527099995391,5,Big,Green Violet
20260527099995390,4,Small,Red
20260527099995389,8,Big,Red
20260527099995388,8,Big,Red
20260527099995387,2,Small,Red
20260527099995386,5,Big,Green Violet
20260527099995385,4,Small,Red
20260527099995384,9,Big,Green
20260527099995383,9,Big,Green
20260527099995382,2,Small,Red
20260527099995381,9,Big,Green
20260527099995380,2,Small,Red
20260527099995379,2,Small,Red
20260527099995378,2,Small,Red
20260527099995377,1,Small,Green
20260527099995376,5,Big,Green Violet
20260527099995375,1,Small,Green
20260527099995374,1,Small,Green
20260527099995373,3,Small,Green
20260527099995372,5,Big,Green Violet
20260527099995371,7,Big,Green
20260527099995370,1,Small,Green
20260527099995369,7,Big,Green
20260527099995368,3,Small,Green
20260527099995367,5,Big,Green Violet
20260527099995366,7,Big,Green
20260527099995365,7,Big,Green
20260527099995364,9,Big,Green
20260527099995363,7,Big,Green
20260527099995362,9,Big,Green
20260527099995361,4,Small,Red
20260527099995360,4,Small,Red
20260527099995359,3,Small,Green
20260527099995358,3,Small,Green
20260527099995357,9,Big,Green
20260527099995356,1,Small,Green
20260527099995355,7,Big,Green
20260527099995354,9,Big,Green
20260527099995353,4,Small,Red
20260527099995352,1,Small,Green
20260527099995351,7,Big,Green
20260527099995350,7,Big,Green
20260527099995349,6,Big,Red
20260527099995348,6,Big,Red
20260527099995347,0,Small,Red Violet
20260527099995346,1,Small,Green
20260527099995345,6,Big,Red
20260527099995344,6,Big,Red
20260527099995343,9,Big,Green
20260527099995342,9,Big,Green
20260527099995341,6,Big,Red
20260527099995340,8,Big,Red
20260527099995339,1,Small,Green
20260527099995338,7,Big,Green
20260527099995337,6,Big,Red
20260527099995336,1,Small,Green
20260527099995335,5,Big,Green Violet
20260527099995334,3,Small,Green
20260527099995333,1,Small,Green
20260527099995332,4,Small,Red
20260527099995331,2,Small,Red
20260527099995330,3,Small,Green
20260527099995329,6,Big,Red
20260527099995328,7,Big,Green
20260527099995327,8,Big,Red
20260527099995326,1,Small,Green
20260527099995325,3,Small,Green
20260527099995324,8,Big,Red
20260527099995323,5,Big,Green Violet
20260527099995322,6,Big,Red
20260527099995321,2,Small,Red
20260527099995320,3,Small,Green
20260527099995319,8,Big,Red
20260527099995318,1,Small,Green
20260527099995317,0,Small,Red Violet
20260527099995316,1,Small,Green
20260527099995315,9,Big,Green
20260527099995314,4,Small,Red
20260527099995313,4,Small,Red
20260527099995312,4,Small,Red
20260527099995311,2,Small,Red
20260527099995310,9,Big,Green
20260527099995309,5,Big,Green Violet
20260527099995308,2,Small,Red
20260527099995307,5,Big,Green Violet
20260527099995306,1,Small,Green
20260527099995305,3,Small,Green
20260527099995304,9,Big,Green
20260527099995303,5,Big,Green Violet
20260527099995302,0,Small,Red Violet
20260527099995301,9,Big,Green
20260527099995300,4,Small,Red
20260527099995299,4,Small,Red
20260527099995298,9,Big,Green
20260527099995297,6,Big,Red
20260527099995296,9,Big,Green
20260527099995295,2,Small,Red
20260527099995294,5,Big,Green Violet
20260527099995293,8,Big,Red
20260527099995292,8,Big,Red
20260527099995291,6,Big,Red
20260527099995290,8,Big,Red
20260527099995289,1,Small,Green
20260527099995288,3,Small,Green
20260527099995287,3,Small,Green
20260527099995286,5,Big,Green Violet
20260527099995285,2,Small,Red
20260527099995284,8,Big,Red
20260527099995283,5,Big,Green Violet
20260527099995282,0,Small,Red Violet
20260527099995281,5,Big,Green Violet
20260527099995280,5,Big,Green Violet
20260527099995279,7,Big,Green
20260527099995278,4,Small,Red
20260527099995277,3,Small,Green
20260527099995276,5,Big,Green Violet
20260527099995275,0,Small,Red Violet
20260527099995274,7,Big,Green
20260527099995273,4,Small,Red
20260527099995272,2,Small,Red
20260527099995271,9,Big,Green
20260527099995270,2,Small,Red
20260527099995269,1,Small,Green
20260527099995268,9,Big,Green
20260527099995267,5,Big,Green Violet
20260527099995266,7,Big,Green
20260527099995265,3,Small,Green
20260527099995264,7,Big,Green
20260527099995263,9,Big,Green
20260527099995262,8,Big,Red
20260527099995261,4,Small,Red
20260527099995260,6,Big,Red
20260527099995259,4,Small,Red
20260527099995258,1,Small,Green
20260527099995257,5,Big,Green Violet
20260527099995256,2,Small,Red
20260527099995255,7,Big,Green
20260527099995254,7,Big,Green
20260527099995253,4,Small,Red
20260527099995252,2,Small,Red
20260527099995251,7,Big,Green
20260527099995250,2,Small,Red
20260527099995249,5,Big,Green Violet
20260527099995248,9,Big,Green
20260527099995247,4,Small,Red
20260527099995246,8,Big,Red
20260527099995245,6,Big,Red
20260527099995244,9,Big,Green
20260527099995243,7,Big,Green
20260527099995242,6,Big,Red
20260527099995241,2,Small,Red
20260527099995240,3,Small,Green
20260527099995239,4,Small,Red
20260527099995238,1,Small,Green
20260527099995237,0,Small,Red Violet
20260527099995236,6,Big,Red
20260527099995235,6,Big,Red
20260527099995234,8,Big,Red
20260527099995233,6,Big,Red
20260527099995232,1,Small,Green
20260527099995231,3,Small,Green
20260527099995230,1,Small,Green
20260527099995229,5,Big,Green Violet
20260527099995228,6,Big,Red
20260527099995227,0,Small,Red Violet
20260527099995226,6,Big,Red
20260527099995225,1,Small,Green
20260527099995224,2,Small,Red
20260527099995223,4,Small,Red
20260527099995222,0,Small,Red Violet
20260527099995221,2,Small,Red
20260527099995220,8,Big,Red
20260527099995219,1,Small,Green
20260527099995218,1,Small,Green
20260527099995217,1,Small,Green
20260527099995216,7,Big,Green
20260527099995215,5,Big,Green Violet
20260527099995214,6,Big,Red
20260527099995213,9,Big,Green
20260527099995212,5,Big,Green Violet
20260527099995211,7,Big,Green
20260527099995210,8,Big,Red
20260527099995209,5,Big,Green Violet
20260527099995208,7,Big,Green
20260527099995207,5,Big,Green Violet
20260527099995206,3,Small,Green
20260527099995205,6,Big,Red
20260527099995204,4,Small,Red
20260527099995203,8,Big,Red
20260527099995202,6,Big,Red
20260527099995201,5,Big,Green Violet
20260527099995200,4,Small,Red
20260527099995199,6,Big,Red
20260527099995198,7,Big,Green
20260527099995197,0,Small,Red Violet
20260527099995196,0,Small,Red Violet
20260527099995195,7,Big,Green
20260527099995194,3,Small,Green
20260527099995193,6,Big,Red
20260527099995192,9,Big,Green
20260527099995191,3,Small,Green
20260527099995190,5,Big,Green Violet
20260527099995189,1,Small,Green
20260527099995188,1,Small,Green
20260527099995187,1,Small,Green
20260527099995186,1,Small,Green
20260527099995185,0,Small,Red Violet
20260527099995184,9,Big,Green
20260527099995183,3,Small,Green
20260527099995182,9,Big,Green
20260527099995181,8,Big,Red
20260527099995180,0,Small,Red Violet
20260527099995179,5,Big,Green Violet
20260527099995178,8,Big,Red
20260527099995177,0,Small,Red Violet
20260527099995176,1,Small,Green
20260527099995175,8,Big,Red
20260527099995174,5,Big,Green Violet
20260527099995173,5,Big,Green Violet
20260527099995172,8,Big,Red
20260527099995171,0,Small,Red Violet
20260527099995170,9,Big,Green
20260527099995169,2,Small,Red
20260527099995168,6,Big,Red
20260527099995167,5,Big,Green Violet
20260527099995166,0,Small,Red Violet
20260527099995165,1,Small,Green
20260527099995164,1,Small,Green
20260527099995163,8,Big,Red
20260527099995162,6,Big,Red
20260527099995161,6,Big,Red
20260527099995160,6,Big,Red
20260527099995159,6,Big,Red
20260527099995158,0,Small,Red Violet
20260527099995157,1,Small,Green
20260527099995156,6,Big,Red
20260527099995155,9,Big,Green
20260527099995154,0,Small,Red Violet
20260527099995153,2,Small,Red
20260527099995152,3,Small,Green
20260527099995151,9,Big,Green
20260527099995150,2,Small,Red
20260527099995149,3,Small,Green
20260527099995148,0,Small,Red Violet
20260527099995147,6,Big,Red
20260527099995146,8,Big,Red
20260527099995145,1,Small,Green
20260527099995144,7,Big,Green
20260527099995143,9,Big,Green
20260527099995142,1,Small,Green
20260527099995141,1,Small,Green
20260527099995140,6,Big,Red
20260527099995139,3,Small,Green
20260527099995138,6,Big,Red
20260527099995137,0,Small,Red Violet
20260527099995136,1,Small,Green
20260527099995135,1,Small,Green
20260527099995134,8,Big,Red
20260527099995133,2,Small,Red
20260527099995132,7,Big,Green
20260527099995131,4,Small,Red
20260527099995130,1,Small,Green
20260527099995129,9,Big,Green
20260527099995128,2,Small,Red
20260527099995127,4,Small,Red
20260527099995126,6,Big,Red
20260527099995125,1,Small,Green
20260527099995124,1,Small,Green
20260527099995123,0,Small,Red Violet
20260527099995122,6,Big,Red
20260527099995121,9,Big,Green
20260527099995120,4,Small,Red
20260527099995119,4,Small,Red
20260527099995118,5,Big,Green Violet
20260527099995117,5,Big,Green Violet
20260527099995116,6,Big,Red
20260527099995115,7,Big,Green
20260527099995114,7,Big,Green
20260527099995113,0,Small,Red Violet
20260527099995112,2,Small,Red
20260527099995111,1,Small,Green
20260527099995110,1,Small,Green
20260527099995109,6,Big,Red
20260527099995108,2,Small,Red
20260527099995107,7,Big,Green
20260527099995106,7,Big,Green
20260527099995105,9,Big,Green
20260527099995104,7,Big,Green
20260527099995103,7,Big,Green
20260527099995102,1,Small,Green
20260527099995101,8,Big,Red
20260527099995100,0,Small,Red Violet
20260527099995099,3,Small,Green
20260527099995098,7,Big,Green
20260527099995097,3,Small,Green
20260527099995096,2,Small,Red
20260527099995095,3,Small,Green
20260527099995094,3,Small,Green
20260527099995093,1,Small,Green
20260527099995092,7,Big,Green
20260527099995091,2,Small,Red
20260527099995090,3,Small,Green
20260527099995089,9,Big,Green
20260527099995088,1,Small,Green
20260527099995087,7,Big,Green
20260527099995086,5,Big,Green Violet
20260527099995085,1,Small,Green
20260527099995084,2,Small,Red
20260527099995083,3,Small,Green
20260527099995082,1,Small,Green
20260527099995081,8,Big,Red
20260527099995080,5,Big,Green Violet
20260527099995079,5,Big,Green Violet
20260527099995078,8,Big,Red
20260527099995077,5,Big,Green Violet
20260527099995076,1,Small,Green
20260527099995075,6,Big,Red
20260527099995074,9,Big,Green
20260527099995073,2,Small,Red
20260527099995072,0,Small,Red Violet
20260527099995071,4,Small,Red
20260527099995070,8,Big,Red
20260527099995069,8,Big,Red
20260527099995068,8,Big,Red
20260527099995067,1,Small,Green
20260527099995066,8,Big,Red
20260527099995065,6,Big,Red
20260527099995064,4,Small,Red
20260527099995063,8,Big,Red
20260527099995062,7,Big,Green
20260527099995061,9,Big,Green
20260527099995060,0,Small,Red Violet
20260527099995059,2,Small,Red
20260527099995058,1,Small,Green
20260527099995057,9,Big,Green
20260527099995056,2,Small,Red
20260527099995055,8,Big,Red
20260527099995054,9,Big,Green
20260527099995053,5,Big,Green Violet
20260527099995052,7,Big,Green
20260527099995051,4,Small,Red
20260527099995050,6,Big,Red
20260527099995049,2,Small,Red
20260527099995048,7,Big,Green
20260527099995047,1,Small,Green
20260527099995046,8,Big,Red
20260527099995045,0,Small,Red Violet
20260527099995044,4,Small,Red
20260527099995043,2,Small,Red
20260527099995042,9,Big,Green
20260527099995041,0,Small,Red Violet
20260527099995040,0,Small,Red Violet
20260527099995039,4,Small,Red
20260527099995038,6,Big,Red
20260527099995037,0,Small,Red Violet
20260527099995036,7,Big,Green
20260527099995035,2,Small,Red
20260527099995034,9,Big,Green
20260527099995033,0,Small,Red Violet
20260527099995032,9,Big,Green
20260527099995031,5,Big,Green Violet
20260527099995030,8,Big,Red
20260527099995029,7,Big,Green
20260527099995028,1,Small,Green
20260527099995027,8,Big,Red
20260527099995026,9,Big,Green
20260527099995025,0,Small,Red Violet
20260527099995024,0,Small,Red Violet
20260527099995023,9,Big,Green
20260527099995022,3,Small,Green
20260527099995021,3,Small,Green
20260527099995020,3,Small,Green
20260527099995019,7,Big,Green
20260527099995018,0,Small,Red Violet
20260527099995017,7,Big,Green
20260527099995016,4,Small,Red
20260527099995015,2,Small,Red
20260527099995014,1,Small,Green
20260527099995013,8,Big,Red
20260527099995012,0,Small,Red Violet
20260527099995011,3,Small,Green
20260527099995010,3,Small,Green
20260527099995009,5,Big,Green Violet
20260527099995008,0,Small,Red Violet
20260527099995007,1,Small,Green
20260527099995006,6,Big,Red
20260527099995005,0,Small,Red Violet
20260527099995004,4,Small,Red
20260527099995003,2,Small,Red
20260527099995002,0,Small,Red Violet
20260527099995001,2,Small,Red
20260527099995000,0,Small,Red Violet
20260527099994999,5,Big,Green Violet
20260527099994998,8,Big,Red
20260527099994997,3,Small,Green
20260527099994996,0,Small,Red Violet
20260527099994995,1,Small,Green
20260527099994994,0,Small,Red Violet
20260527099994993,6,Big,Red
20260527099994992,9,Big,Green
20260527099994991,1,Small,Green
20260527099994990,1,Small,Green
20260527099994989,1,Small,Green
20260527099994988,8,Big,Red
20260527099994987,8,Big,Red
20260527099994986,0,Small,Red Violet
20260527099994985,6,Big,Red
20260527099994984,5,Big,Green Violet
20260527099994983,4,Small,Red
20260527099994982,0,Small,Red Violet
20260527099994981,9,Big,Green
20260527099994980,3,Small,Green
20260527099994979,5,Big,Green Violet
20260527099994978,5,Big,Green Violet
20260527099994977,6,Big,Red
20260527099994976,5,Big,Green Violet
20260527099994975,0,Small,Red Violet
20260527099994974,2,Small,Red
20260527099994973,4,Small,Red
20260527099994972,8,Big,Red
20260527099994971,8,Big,Red
20260527099994970,4,Small,Red
20260527099994969,2,Small,Red
20260527099994968,2,Small,Red
20260527099994967,9,Big,Green
20260527099994966,4,Small,Red
20260527099994965,6,Big,Red
20260527099994964,9,Big,Green
20260527099994963,9,Big,Green
20260527099994962,7,Big,Green
20260527099994961,7,Big,Green
20260527099994960,3,Small,Green
20260527099994959,2,Small,Red
20260527099994958,8,Big,Red
20260527099994957,5,Big,Green Violet
20260527099994956,6,Big,Red
20260527099994955,7,Big,Green
20260527099994954,3,Small,Green
20260527099994953,8,Big,Red
20260527099994952,5,Big,Green Violet
20260527099994951,8,Big,Red
20260527099994950,4,Small,Red
20260527099994949,7,Big,Green
20260527099994948,7,Big,Green
20260527099994947,2,Small,Red
20260527099994946,2,Small,Red
20260527099994945,3,Small,Green
20260527099994944,3,Small,Green
20260527099994943,0,Small,Red Violet
20260527099994942,8,Big,Red
20260527099994941,4,Small,Red
20260527099994940,9,Big,Green
20260527099994939,5,Big,Green Violet
20260527099994938,0,Small,Red Violet
20260527099994937,6,Big,Red
20260527099994936,6,Big,Red
20260527099994935,3,Small,Green
20260527099994934,8,Big,Red
20260527099994933,1,Small,Green
20260527099994932,7,Big,Green
20260527099994931,8,Big,Red
20260527099994930,4,Small,Red
20260527099994929,9,Big,Green
20260527099994928,1,Small,Green
20260527099994927,8,Big,Red
20260527099994926,9,Big,Green
20260527099994925,9,Big,Green
20260527099994924,4,Small,Red
20260527099994923,8,Big,Red
20260527099994922,8,Big,Red
20260527099994921,9,Big,Green
20260527099994920,1,Small,Green
20260527099994919,9,Big,Green
20260527099994918,4,Small,Red
20260527099994917,0,Small,Red Violet
20260527099994916,9,Big,Green
20260527099994915,3,Small,Green
20260527099994914,5,Big,Green Violet
20260527099994913,5,Big,Green Violet
20260527099994912,4,Small,Red
20260527099994911,6,Big,Red
20260527099994910,1,Small,Green
20260527099994909,0,Small,Red Violet
20260527099994908,2,Small,Red
20260527099994907,6,Big,Red
20260527099994906,5,Big,Green Violet
20260527099994905,9,Big,Green
20260527099994904,8,Big,Red
20260527099994903,6,Big,Red
20260527099994902,2,Small,Red
20260527099994901,8,Big,Red
20260527099994900,1,Small,Green
20260527099994899,3,Small,Green
20260527099994898,1,Small,Green
20260527099994897,1,Small,Green
20260527099994896,0,Small,Red Violet
20260527099994895,9,Big,Green
20260527099994894,3,Small,Green
20260527099994893,0,Small,Red Violet
20260527099994892,2,Small,Red
20260527099994891,5,Big,Green Violet
20260527099994890,9,Big,Green
20260527099994889,5,Big,Green Violet
20260527099994888,4,Small,Red
20260527099994887,2,Small,Red
20260527099994886,2,Small,Red
20260527099994885,4,Small,Red
20260527099994884,5,Big,Green Violet
20260527099994883,4,Small,Red
20260527099994882,8,Big,Red
20260527099994881,7,Big,Green
20260527099994880,6,Big,Red
20260527099994879,3,Small,Green
20260527099994878,0,Small,Red Violet
20260527099994877,4,Small,Red
20260527099994876,3,Small,Green
20260527099994875,9,Big,Green
20260527099994874,2,Small,Red
20260527099994873,3,Small,Green
20260527099994872,0,Small,Red Violet
20260527099994871,0,Small,Red Violet
20260527099994870,2,Small,Red
20260527099994869,2,Small,Red
20260527099994868,9,Big,Green
20260527099994867,8,Big,Red
20260527099994866,4,Small,Red
20260527099994865,2,Small,Red
20260527099994864,9,Big,Green
20260527099994863,5,Big,Green Violet
20260527099994862,1,Small,Green
20260527099994861,1,Small,Green
20260527099994860,3,Small,Green
20260527099994859,8,Big,Red
20260527099994858,9,Big,Green
20260527099994857,9,Big,Green
20260527099994856,4,Small,Red
20260527099994855,2,Small,Red
20260527099994854,8,Big,Red
20260527099994853,8,Big,Red
20260527099994852,9,Big,Green
20260527099994851,4,Small,Red
20260527099994850,7,Big,Green
20260527099994849,4,Small,Red
20260527099994848,5,Big,Green Violet
20260527099994847,0,Small,Red Violet
20260527099994846,5,Big,Green Violet
20260527099994845,5,Big,Green Violet
20260527099994844,7,Big,Green
20260527099994843,9,Big,Green
20260527099994842,8,Big,Red
20260527099994841,8,Big,Red
20260527099994840,2,Small,Red
20260527099994839,7,Big,Green
20260527099994838,9,Big,Green
20260527099994837,9,Big,Green
20260527099994836,2,Small,Red
20260527099994835,9,Big,Green
20260527099994834,7,Big,Green
20260527099994833,3,Small,Green
20260527099994832,1,Small,Green
20260527099994831,3,Small,Green
20260527099994830,2,Small,Red
20260527099994829,5,Big,Green Violet
20260527099994828,3,Small,Green
20260527099994827,8,Big,Red
20260527099994826,3,Small,Green
20260527099994825,0,Small,Red Violet
20260527099994824,7,Big,Green
20260527099994823,4,Small,Red
20260527099994822,8,Big,Red
20260527099994821,9,Big,Green
20260527099994820,1,Small,Green
20260527099994819,2,Small,Red
20260527099994818,1,Small,Green
20260527099994817,2,Small,Red
20260527099994816,8,Big,Red
20260527099994815,5,Big,Green Violet
20260527099994814,6,Big,Red
20260527099994813,4,Small,Red
20260527099994812,2,Small,Red
20260527099994811,6,Big,Red
20260527099994810,0,Small,Red Violet
20260527099994809,8,Big,Red
20260527099994808,9,Big,Green
20260527099994807,8,Big,Red
20260527099994806,3,Small,Green
20260527099994805,8,Big,Red
20260527099994804,9,Big,Green
20260527099994803,5,Big,Green Violet
20260527099994802,5,Big,Green Violet
20260527099994801,9,Big,Green
20260527099994800,7,Big,Green
20260527099994799,3,Small,Green
20260527099994798,8,Big,Red
20260527099994797,5,Big,Green Violet
20260527099994796,4,Small,Red
20260527099994795,0,Small,Red Violet
20260527099994794,0,Small,Red Violet
20260527099994793,0,Small,Red Violet
20260527099994792,6,Big,Red
20260527099994791,8,Big,Red
20260527099994790,6,Big,Red
20260527099994789,2,Small,Red
20260527099994788,7,Big,Green
20260527099994787,3,Small,Green
20260527099994786,9,Big,Green
20260527099994785,5,Big,Green Violet
20260527099994784,2,Small,Red
20260527099994783,5,Big,Green Violet
20260527099994782,2,Small,Red
20260527099994781,3,Small,Green
20260527099994780,2,Small,Red
20260527099994779,4,Small,Red
20260527099994778,1,Small,Green
20260527099994777,1,Small,Green
20260527099994776,1,Small,Green
20260527099994775,5,Big,Green Violet
20260527099994774,1,Small,Green
20260527099994773,2,Small,Red
20260527099994772,1,Small,Green
20260527099994771,2,Small,Red
20260527099994770,7,Big,Green
20260527099994769,7,Big,Green
20260527099994768,7,Big,Green
20260527099994767,3,Small,Green
20260527099994766,2,Small,Red
20260527099994765,5,Big,Green Violet
20260527099994764,2,Small,Red
20260527099994763,6,Big,Red
20260527099994762,6,Big,Red
20260527099994761,2,Small,Red
20260527099994760,1,Small,Green
20260527099994759,4,Small,Red
20260527099994758,4,Small,Red
20260527099994757,9,Big,Green
20260527099994756,0,Small,Red Violet
20260527099994755,0,Small,Red Violet
20260527099994754,9,Big,Green
20260527099994753,8,Big,Red
20260527099994752,5,Big,Green Violet
20260527099994751,4,Small,Red
20260527099994750,8,Big,Red
20260527099994749,5,Big,Green Violet
20260527099994748,3,Small,Green
20260527099994747,1,Small,Green
20260527099994746,4,Small,Red
20260527099994745,8,Big,Red
20260527099994744,4,Small,Red
20260527099994743,9,Big,Green
20260527099994742,1,Small,Green
20260527099994741,0,Small,Red Violet
20260527099994740,0,Small,Red Violet
20260527099994739,5,Big,Green Violet
20260527099994738,0,Small,Red Violet
20260527099994737,2,Small,Red
20260527099994736,8,Big,Red
20260527099994735,8,Big,Red
20260527099994734,0,Small,Red Violet
20260527099994733,9,Big,Green
20260527099994732,4,Small,Red
20260527099994731,5,Big,Green Violet
20260527099994730,0,Small,Red Violet
20260527099994729,2,Small,Red
20260527099994728,6,Big,Red
20260527099994727,2,Small,Red
20260527099994726,4,Small,Red
20260527099994725,6,Big,Red
20260527099994724,0,Small,Red Violet
20260527099994723,0,Small,Red Violet
20260527099994722,6,Big,Red
20260527099994721,3,Small,Green
20260527099994720,2,Small,Red
20260527099994719,9,Big,Green
20260527099994718,8,Big,Red
20260527099994717,4,Small,Red
20260527099994716,0,Small,Red Violet
20260527099994715,1,Small,Green
20260527099994714,9,Big,Green
20260527099994713,9,Big,Green
20260527099994712,1,Small,Green
20260527099994711,6,Big,Red
20260527099994710,6,Big,Red
20260527099994709,7,Big,Green
20260527099994708,5,Big,Green Violet
20260527099994707,3,Small,Green
20260527099994706,9,Big,Green
20260527099994705,0,Small,Red Violet
20260527099994704,4,Small,Red
20260527099994703,8,Big,Red
20260527099994702,1,Small,Green
20260527099994701,3,Small,Green
20260527099994700,3,Small,Green
20260527099994699,3,Small,Green
20260527099994698,9,Big,Green
20260527099994697,0,Small,Red Violet
20260527099994696,2,Small,Red
20260527099994695,9,Big,Green
20260527099994694,9,Big,Green
20260527099994693,3,Small,Green
20260527099994692,8,Big,Red
20260527099994691,1,Small,Green
20260527099994690,5,Big,Green Violet
20260527099994689,0,Small,Red Violet
20260527099994688,9,Big,Green
20260527099994687,9,Big,Green
20260527099994686,4,Small,Red
20260527099994685,1,Small,Green
20260527099994684,3,Small,Green
20260527099994683,8,Big,Red
20260527099994682,5,Big,Green Violet
20260527099994681,8,Big,Red
20260527099994680,4,Small,Red
20260527099994679,4,Small,Red
20260527099994678,1,Small,Green
20260527099994677,8,Big,Red
20260527099994676,3,Small,Green
20260527099994675,7,Big,Green
20260527099994674,1,Small,Green
20260527099994673,1,Small,Green
20260527099994672,7,Big,Green
20260527099994671,5,Big,Green Violet
20260527099994670,9,Big,Green
20260527099994669,6,Big,Red
20260527099994668,9,Big,Green
20260527099994667,7,Big,Green
20260527099994666,1,Small,Green
20260527099994665,5,Big,Green Violet
20260527099994664,1,Small,Green
20260527099994663,2,Small,Red
20260527099994662,0,Small,Red Violet
20260527099994661,3,Small,Green
20260527099994660,3,Small,Green
20260527099994659,4,Small,Red
20260527099994658,9,Big,Green
20260527099994657,6,Big,Red
20260527099994656,6,Big,Red
20260527099994655,4,Small,Red
20260527099994654,7,Big,Green
20260527099994653,5,Big,Green Violet
20260527099994652,0,Small,Red Violet
20260527099994651,9,Big,Green
20260527099994650,8,Big,Red
20260527099994649,4,Small,Red
20260527099994648,1,Small,Green
20260527099994647,7,Big,Green
20260527099994646,2,Small,Red
20260527099994645,9,Big,Green
20260527099994644,2,Small,Red
20260527099994643,5,Big,Green Violet
20260527099994642,1,Small,Green
20260527099994641,3,Small,Green
20260527099994640,6,Big,Red
20260527099994639,3,Small,Green
20260527099994638,6,Big,Red
20260527099994637,4,Small,Red
20260527099994636,5,Big,Green Violet
20260527099994635,1,Small,Green
20260527099994634,5,Big,Green Violet
20260527099994633,7,Big,Green
20260527099994632,5,Big,Green Violet
20260527099994631,4,Small,Red
20260527099994630,1,Small,Green
20260527099994629,7,Big,Green
20260527099994628,7,Big,Green
20260527099994627,8,Big,Red
20260527099994626,4,Small,Red
20260527099994625,5,Big,Green Violet
20260527099994624,6,Big,Red
20260527099994623,2,Small,Red
20260527099994622,3,Small,Green
20260527099994621,6,Big,Red
20260527099994620,4,Small,Red
20260527099994619,4,Small,Red
20260527099994618,9,Big,Green
20260527099994617,3,Small,Green
20260527099994616,5,Big,Green Violet
20260527099994615,8,Big,Red
20260527099994614,4,Small,Red
20260527099994613,6,Big,Red
20260527099994612,9,Big,Green
20260527099994611,9,Big,Green
20260527099994610,9,Big,Green
20260527099994609,0,Small,Red Violet
20260527099994608,1,Small,Green
20260527099994607,8,Big,Red
20260527099994606,7,Big,Green
20260527099994605,4,Small,Red
20260527099994604,2,Small,Red
20260527099994603,0,Small,Red Violet
20260527099994602,5,Big,Green Violet
20260527099994601,1,Small,Green
20260527099994600,2,Small,Red
20260527099994599,0,Small,Red Violet
20260527099994598,8,Big,Red
20260527099994597,7,Big,Green
20260527099994596,7,Big,Green
20260527099994595,5,Big,Green Violet
20260527099994594,2,Small,Red
20260527099994593,1,Small,Green
20260527099994592,7,Big,Green
20260527099994591,8,Big,Red
20260527099994590,9,Big,Green
20260527099994589,0,Small,Red Violet
20260527099994588,5,Big,Green Violet
20260527099994587,5,Big,Green Violet
20260527099994586,4,Small,Red
20260527099994585,4,Small,Red
20260527099994584,5,Big,Green Violet
20260527099994583,8,Big,Red
20260527099994582,9,Big,Green
20260527099994581,0,Small,Red Violet
20260527099994580,4,Small,Red
20260527099994579,2,Small,Red
20260527099994578,4,Small,Red
20260527099994577,1,Small,Green
20260527099994576,6,Big,Red
20260527099994575,1,Small,Green
20260527099994574,3,Small,Green
20260527099994573,3,Small,Green
20260527099994572,1,Small,Green
20260527099994571,5,Big,Green Violet
20260527099994570,2,Small,Red
20260527099994569,9,Big,Green
20260527099994568,4,Small,Red
20260527099994567,1,Small,Green
20260527099994566,5,Big,Green Violet
20260527099994565,3,Small,Green
20260527099994564,2,Small,Red
20260527099994563,8,Big,Red
20260527099994562,6,Big,Red
20260527099994561,2,Small,Red
20260527099994560,4,Small,Red
20260527099994559,7,Big,Green
20260527099994558,7,Big,Green
20260527099994557,3,Small,Green
20260527099994556,7,Big,Green
20260527099994555,3,Small,Green
20260527099994554,6,Big,Red
20260527099994553,6,Big,Red
20260527099994552,9,Big,Green
20260527099994551,4,Small,Red
20260527099994550,4,Small,Red
20260527099994549,1,Small,Green
20260527099994548,3,Small,Green
20260527099994547,4,Small,Red
20260527099994546,4,Small,Red
20260527099994545,6,Big,Red
20260527099994544,2,Small,Red
20260527099994543,2,Small,Red
20260527099994542,3,Small,Green
20260527099994541,6,Big,Red
20260527099994540,0,Small,Red Violet
20260527099994539,8,Big,Red
20260527099994538,3,Small,Green
20260527099994537,0,Small,Red Violet
20260527099994536,5,Big,Green Violet
20260527099994535,9,Big,Green
20260527099994534,9,Big,Green
20260527099994533,0,Small,Red Violet
20260527099994532,0,Small,Red Violet
20260527099994531,7,Big,Green
20260527099994530,4,Small,Red
20260527099994529,3,Small,Green
20260527099994528,6,Big,Red
20260527099994527,3,Small,Green
20260527099994526,2,Small,Red
20260527099994525,5,Big,Green Violet
20260527099994524,0,Small,Red Violet
20260527099994523,6,Big,Red
20260527099994522,1,Small,Green
20260527099994521,6,Big,Red
20260527099994520,0,Small,Red Violet
20260527099994519,3,Small,Green
20260527099994518,9,Big,Green
20260527099994517,9,Big,Green
20260527099994516,1,Small,Green
20260527099994515,5,Big,Green Violet
20260527099994514,4,Small,Red
20260527099994513,6,Big,Red
20260527099994512,3,Small,Green
20260527099994511,1,Small,Green
20260527099994510,6,Big,Red
20260527099994509,6,Big,Red
20260527099994508,6,Big,Red
20260527099994507,6,Big,Red
20260527099994506,8,Big,Red
20260527099994505,2,Small,Red
20260527099994504,6,Big,Red
20260527099994503,0,Small,Red Violet
20260527099994502,6,Big,Red
20260527099994501,9,Big,Green
20260527099994500,7,Big,Green
20260527099994499,2,Small,Red
20260527099994498,0,Small,Red Violet
20260527099994497,0,Small,Red Violet
20260527099994496,2,Small,Red
20260527099994495,4,Small,Red
20260527099994494,4,Small,Red
20260527099994493,8,Big,Red
20260527099994492,7,Big,Green
20260527099994491,7,Big,Green
20260527099994490,4,Small,Red
20260527099994489,2,Small,Red
20260527099994488,8,Big,Red
20260527099994487,8,Big,Red
20260527099994486,7,Big,Green
20260527099994485,6,Big,Red
20260527099994484,5,Big,Green Violet
20260527099994483,5,Big,Green Violet
20260527099994482,8,Big,Red
20260527099994481,7,Big,Green
20260527099994480,4,Small,Red
20260527099994479,7,Big,Green
20260527099994478,5,Big,Green Violet
20260527099994477,5,Big,Green Violet
20260527099994476,7,Big,Green
20260527099994475,4,Small,Red
20260527099994474,3,Small,Green
20260527099994473,8,Big,Red
20260527099994472,4,Small,Red
20260527099994471,1,Small,Green
20260527099994470,0,Small,Red Violet
20260527099994469,4,Small,Red
20260527099994468,2,Small,Red
20260527099994467,9,Big,Green
20260527099994466,0,Small,Red Violet
20260527099994465,6,Big,Red
20260527099994464,5,Big,Green Violet
20260527099994463,7,Big,Green
20260527099994462,9,Big,Green
20260527099994461,1,Small,Green
20260527099994460,7,Big,Green
20260527099994459,1,Small,Green
20260527099994458,1,Small,Green
20260527099994457,8,Big,Red
20260527099994456,1,Small,Green
20260527099994455,8,Big,Red
20260527099994454,0,Small,Red Violet
20260527099994453,7,Big,Green
20260527099994452,7,Big,Green
20260527099994451,2,Small,Red
20260527099994450,4,Small,Red
20260527099994449,2,Small,Red
20260527099994448,9,Big,Green
20260527099994447,0,Small,Red Violet
20260527099994446,0,Small,Red Violet
20260527099994445,2,Small,Red
20260527099994444,5,Big,Green Violet
20260527099994443,6,Big,Red
20260527099994442,4,Small,Red
20260527099994441,4,Small,Red
20260527099994440,3,Small,Green
20260527099994439,7,Big,Green
20260527099994438,9,Big,Green
20260527099994437,7,Big,Green
20260527099994436,5,Big,Green Violet
20260527099994435,0,Small,Red Violet
20260527099994434,3,Small,Green
20260527099994433,2,Small,Red
20260527099994432,6,Big,Red
20260527099994431,9,Big,Green
20260527099994430,2,Small,Red
20260527099994429,5,Big,Green Violet
20260527099994428,8,Big,Red
20260527099994427,0,Small,Red Violet
20260527099994426,8,Big,Red
20260527099994425,2,Small,Red
20260527099994424,0,Small,Red Violet
20260527099994423,0,Small,Red Violet
20260527099994422,8,Big,Red
20260527099994421,7,Big,Green
20260527099994420,6,Big,Red
20260527099994419,2,Small,Red
20260527099994418,7,Big,Green
20260527099994417,6,Big,Red
20260527099994416,0,Small,Red Violet
20260527099994415,0,Small,Red Violet
20260527099994414,8,Big,Red
20260527099994413,0,Small,Red Violet
20260527099994412,8,Big,Red
20260527099994411,5,Big,Green Violet
20260527099994410,3,Small,Green
20260527099994409,2,Small,Red
20260527099994408,7,Big,Green
20260527099994407,9,Big,Green
20260527099994406,1,Small,Green
20260527099994405,1,Small,Green
20260527099994404,0,Small,Red Violet
20260527099994403,0,Small,Red Violet
20260527099994402,5,Big,Green Violet
20260527099994401,4,Small,Red
20260527099994400,6,Big,Red
20260527099994399,2,Small,Red
20260527099994398,1,Small,Green
20260527099994397,6,Big,Red
20260527099994396,5,Big,Green Violet
20260527099994395,3,Small,Green
20260527099994394,1,Small,Green
20260527099994393,3,Small,Green
20260527099994392,7,Big,Green
20260527099994391,1,Small,Green
20260527099994390,6,Big,Red
20260527099994389,1,Small,Green
20260527099994388,9,Big,Green
20260527099994387,4,Small,Red
20260527099994386,6,Big,Red
20260527099994385,6,Big,Red
20260527099994384,7,Big,Green
20260527099994383,3,Small,Green
20260527099994382,6,Big,Red
20260527099994381,6,Big,Red
20260527099994380,7,Big,Green
20260527099994379,6,Big,Red
20260527099994378,0,Small,Red Violet
20260527099994377,6,Big,Red
20260527099994376,0,Small,Red Violet
20260527099994375,3,Small,Green
20260527099994374,7,Big,Green
20260527099994373,6,Big,Red
20260527099994372,6,Big,Red
20260527099994371,9,Big,Green
20260527099994370,9,Big,Green
20260527099994369,7,Big,Green
20260527099994368,0,Small,Red Violet
20260527099994367,6,Big,Red
20260527099994366,6,Big,Red
20260527099994365,1,Small,Green
20260527099994364,3,Small,Green
20260527099994363,1,Small,Green
20260527099994362,7,Big,Green
20260527099994361,6,Big,Red
20260527099994360,1,Small,Green
20260527099994359,4,Small,Red
20260527099994358,9,Big,Green
20260527099994357,0,Small,Red Violet
20260527099994356,4,Small,Red
20260527099994355,9,Big,Green
20260527099994354,2,Small,Red
20260527099994353,5,Big,Green Violet
20260527099994352,0,Small,Red Violet
20260527099994351,0,Small,Red Violet
20260527099994350,8,Big,Red
20260527099994349,5,Big,Green Violet
20260527099994348,9,Big,Green
20260527099994347,3,Small,Green
20260527099994346,0,Small,Red Violet
20260527099994345,7,Big,Green
20260527099994344,1,Small,Green
20260527099994343,5,Big,Green Violet
20260527099994342,7,Big,Green
20260527099994341,7,Big,Green
20260527099994340,1,Small,Green
20260527099994339,9,Big,Green
20260527099994338,2,Small,Red
20260527099994337,3,Small,Green
20260527099994336,3,Small,Green
20260527099994335,7,Big,Green
20260527099994334,6,Big,Red
20260527099994333,9,Big,Green
20260527099994332,2,Small,Red
20260527099994331,1,Small,Green
20260527099994330,9,Big,Green
20260527099994329,6,Big,Red
20260527099994328,2,Small,Red
20260527099994327,5,Big,Green Violet
20260527099994326,3,Small,Green
20260527099994325,2,Small,Red
20260527099994324,9,Big,Green
20260527099994323,9,Big,Green
20260527099994322,7,Big,Green
20260527099994321,4,Small,Red
20260527099994320,5,Big,Green Violet
20260527099994319,6,Big,Red
20260527099994318,5,Big,Green Violet
20260527099994317,0,Small,Red Violet
20260527099994316,0,Small,Red Violet
20260527099994315,0,Small,Red Violet
20260527099994314,5,Big,Green Violet
20260527099994313,7,Big,Green
20260527099994312,8,Big,Red
20260527099994311,8,Big,Red
20260527099994310,8,Big,Red
20260527099994309,0,Small,Red Violet
20260527099994308,9,Big,Green
20260527099994307,5,Big,Green Violet
20260527099994306,4,Small,Red
20260527099994305,5,Big,Green Violet
20260527099994304,9,Big,Green
20260527099994303,5,Big,Green Violet
20260527099994302,6,Big,Red
20260527099994301,0,Small,Red Violet
20260527099994300,1,Small,Green
20260527099994299,6,Big,Red
20260527099994298,2,Small,Red
20260527099994297,0,Small,Red Violet
20260527099994296,0,Small,Red Violet
20260527099994295,6,Big,Red
20260527099994294,6,Big,Red
20260527099994293,8,Big,Red
20260527099994292,0,Small,Red Violet
20260527099994291,2,Small,Red
20260527099994290,9,Big,Green
20260527099994289,5,Big,Green Violet
20260527099994288,1,Small,Green
20260527099994287,0,Small,Red Violet
20260527099994286,5,Big,Green Violet
20260527099994285,6,Big,Red
20260527099994284,9,Big,Green
20260527099994283,1,Small,Green
20260527099994282,7,Big,Green
20260527099994281,6,Big,Red
20260527099994280,0,Small,Red Violet
20260527099994279,9,Big,Green
20260527099994278,6,Big,Red
20260527099994277,4,Small,Red
20260527099994276,6,Big,Red
20260527099994275,0,Small,Red Violet
20260527099994274,5,Big,Green Violet
20260527099994273,2,Small,Red
20260527099994272,3,Small,Green
20260527099994271,9,Big,Green
20260527099994270,7,Big,Green
20260527099994269,0,Small,Red Violet
20260527099994268,7,Big,Green
20260527099994267,8,Big,Red
20260527099994266,9,Big,Green
20260527099994265,9,Big,Green
20260527099994264,3,Small,Green
20260527099994263,2,Small,Red
20260527099994262,1,Small,Green
20260527099994261,7,Big,Green
20260527099994260,6,Big,Red
20260527099994259,9,Big,Green
20260527099994258,0,Small,Red Violet
20260527099994257,5,Big,Green Violet
20260527099994256,7,Big,Green
20260527099994255,9,Big,Green
20260527099994254,1,Small,Green
20260527099994253,5,Big,Green Violet
20260527099994252,3,Small,Green
20260527099994251,6,Big,Red
20260527099994250,5,Big,Green Violet
20260527099994249,6,Big,Red
20260527099994248,4,Small,Red
20260527099994247,0,Small,Red Violet
20260527099994246,8,Big,Red
20260527099994245,0,Small,Red Violet
20260527099994244,6,Big,Red
20260527099994243,6,Big,Red
20260527099994242,3,Small,Green
20260527099994241,2,Small,Red
20260527099994240,3,Small,Green
20260527099994239,8,Big,Red
20260527099994238,5,Big,Green Violet
20260527099994237,5,Big,Green Violet
20260527099994236,2,Small,Red
20260527099994235,2,Small,Red
20260527099994234,7,Big,Green
20260527099994233,5,Big,Green Violet
20260527099994232,9,Big,Green
20260527099994231,5,Big,Green Violet
20260527099994230,7,Big,Green
20260527099994229,8,Big,Red
20260527099994228,8,Big,Red
20260527099994227,0,Small,Red Violet
20260527099994226,2,Small,Red
20260527099994225,8,Big,Red
20260527099994224,2,Small,Red
20260527099994223,0,Small,Red Violet
20260527099994222,0,Small,Red Violet
20260527099994221,2,Small,Red
20260527099994220,0,Small,Red Violet
20260527099994219,9,Big,Green
20260527099994218,1,Small,Green
20260527099994217,1,Small,Green
20260527099994216,3,Small,Green
20260527099994215,1,Small,Green
20260527099994214,0,Small,Red Violet
20260527099994213,5,Big,Green Violet
20260527099994212,9,Big,Green
20260527099994211,8,Big,Red
20260527099994210,8,Big,Red
20260527099994209,4,Small,Red
20260527099994208,6,Big,Red
20260527099994207,3,Small,Green
20260527099994206,7,Big,Green
20260527099994205,3,Small,Green
20260527099994204,0,Small,Red Violet
20260527099994203,5,Big,Green Violet
20260527099994202,2,Small,Red
20260527099994201,4,Small,Red
20260527099994200,4,Small,Red
20260527099994199,9,Big,Green
20260527099994198,4,Small,Red
20260527099994197,7,Big,Green
20260527099994196,6,Big,Red
20260527099994195,2,Small,Red
20260527099994194,2,Small,Red
20260527099994193,0,Small,Red Violet
20260527099994192,3,Small,Green
20260527099994191,8,Big,Red
20260527099994190,5,Big,Green Violet
20260527099994189,0,Small,Red Violet
20260527099994188,7,Big,Green
20260527099994187,2,Small,Red
20260527099994186,2,Small,Red
20260527099994185,0,Small,Red Violet
20260527099994184,7,Big,Green
20260527099994183,7,Big,Green
20260527099994182,8,Big,Red
20260527099994181,1,Small,Green
20260527099994180,7,Big,Green
20260527099994179,3,Small,Green
20260527099994178,8,Big,Red
20260527099994177,0,Small,Red Violet
20260527099994176,9,Big,Green
20260527099994175,3,Small,Green
20260527099994174,5,Big,Green Violet
20260527099994173,7,Big,Green
20260527099994172,5,Big,Green Violet
20260527099994171,2,Small,Red
20260527099994170,7,Big,Green
20260527099994169,6,Big,Red
20260527099994168,0,Small,Red Violet
20260527099994167,0,Small,Red Violet
20260527099994166,7,Big,Green
20260527099994165,8,Big,Red
20260527099994164,4,Small,Red
20260527099994163,4,Small,Red
20260527099994162,6,Big,Red
20260527099994161,0,Small,Red Violet
20260527099994160,7,Big,Green
20260527099994159,5,Big,Green Violet
20260527099994158,8,Big,Red
20260527099994157,3,Small,Green
20260527099994156,3,Small,Green
20260527099994155,9,Big,Green
20260527099994154,7,Big,Green
20260527099994153,7,Big,Green
20260527099994152,5,Big,Green Violet
20260527099994151,7,Big,Green
20260527099994150,6,Big,Red
20260527099994149,6,Big,Red
20260527099994148,8,Big,Red
20260527099994147,9,Big,Green
20260527099994146,8,Big,Red
20260527099994145,7,Big,Green
20260527099994144,2,Small,Red
20260527099994143,5,Big,Green Violet
20260527099994142,3,Small,Green
20260527099994141,2,Small,Red
20260527099994140,9,Big,Green
20260527099994139,6,Big,Red
20260527099994138,8,Big,Red
20260527099994137,2,Small,Red
20260527099994136,9,Big,Green
20260527099994135,2,Small,Red
20260527099994134,1,Small,Green
20260527099994133,6,Big,Red
20260527099994132,2,Small,Red
20260527099994131,0,Small,Red Violet
20260527099994130,2,Small,Red
20260527099994129,8,Big,Red
20260527099994128,4,Small,Red
20260527099994127,2,Small,Red
20260527099994126,2,Small,Red
20260527099994125,6,Big,Red
20260527099994124,1,Small,Green
20260527099994123,7,Big,Green
20260527099994122,5,Big,Green Violet
20260527099994121,2,Small,Red
20260527099994120,9,Big,Green
20260527099994119,7,Big,Green
20260527099994118,5,Big,Green Violet
20260527099994117,0,Small,Red Violet
20260527099994116,7,Big,Green
20260527099994115,5,Big,Green Violet
20260527099994114,9,Big,Green
20260527099994113,4,Small,Red
20260527099994112,2,Small,Red
20260527099994111,9,Big,Green
20260527099994110,1,Small,Green
20260527099994109,3,Small,Green
20260527099994108,4,Small,Red
20260527099994107,1,Small,Green
20260527099994106,9,Big,Green
20260527099994105,0,Small,Red Violet
20260527099994104,8,Big,Red
20260527099994103,9,Big,Green
20260527099994102,0,Small,Red Violet
20260527099994101,1,Small,Green
20260527099994100,7,Big,Green
20260527099994099,4,Small,Red
20260527099994098,0,Small,Red Violet
20260527099994097,1,Small,Green
20260527099994096,5,Big,Green Violet
20260527099994095,9,Big,Green
20260527099994094,6,Big,Red
20260527099994093,6,Big,Red
20260527099994092,1,Small,Green
20260527099994091,2,Small,Red
20260527099994090,2,Small,Red
20260527099994089,1,Small,Green
20260527099994088,8,Big,Red
20260527099994087,2,Small,Red
20260527099994086,2,Small,Red
20260527099994085,5,Big,Green Violet
20260527099994084,3,Small,Green
20260527099994083,4,Small,Red
20260527099994082,3,Small,Green
20260527099994081,8,Big,Red
20260527099994080,1,Small,Green
20260527099994079,7,Big,Green
20260527099994078,6,Big,Red
20260527099994077,6,Big,Red
20260527099994076,9,Big,Green
20260527099994075,9,Big,Green
20260527099994074,6,Big,Red
20260527099994073,4,Small,Red
20260527099994072,3,Small,Green
20260527099994071,3,Small,Green
20260527099994070,0,Small,Red Violet
20260527099994069,8,Big,Red
20260527099994068,2,Small,Red
20260527099994067,3,Small,Green
20260527099994066,4,Small,Red
20260527099994065,2,Small,Red
20260527099994064,9,Big,Green
20260527099994063,9,Big,Green
20260527099994062,6,Big,Red
20260527099994061,4,Small,Red
20260527099994060,6,Big,Red
20260527099994059,9,Big,Green
20260527099994058,2,Small,Red
20260527099994057,2,Small,Red
20260527099994056,3,Small,Green
20260527099994055,9,Big,Green
20260527099994054,6,Big,Red
20260527099994053,3,Small,Green
20260527099994052,2,Small,Red
20260527099994051,2,Small,Red
20260527099994050,8,Big,Red
20260527099994049,5,Big,Green Violet
20260527099994048,0,Small,Red Violet
20260527099994047,9,Big,Green
20260527099994046,6,Big,Red
20260527099994045,4,Small,Red
20260527099994044,0,Small,Red Violet
20260527099994043,6,Big,Red
20260527099994042,4,Small,Red
20260527099994041,3,Small,Green
20260527099994040,5,Big,Green Violet
20260527099994039,2,Small,Red
20260527099994038,6,Big,Red
20260527099994037,9,Big,Green
20260527099994036,4,Small,Red
20260527099994035,4,Small,Red
20260527099994034,2,Small,Red
20260527099994033,5,Big,Green Violet
20260527099994032,4,Small,Red
20260527099994031,2,Small,Red
20260527099994030,6,Big,Red
20260527099994029,1,Small,Green
20260527099994028,0,Small,Red Violet
20260527099994027,5,Big,Green Violet
20260527099994026,0,Small,Red Violet
20260527099994025,8,Big,Red
20260527099994024,1,Small,Green
20260527099994023,0,Small,Red Violet
20260527099994022,4,Small,Red
20260527099994021,2,Small,Red
20260527099994020,9,Big,Green
20260527099994019,2,Small,Red
20260527099994018,8,Big,Red
20260527099994017,3,Small,Green
20260527099994016,6,Big,Red
20260527099994015,8,Big,Red
20260527099994014,9,Big,Green
20260527099994013,1,Small,Green
20260527099994012,1,Small,Green
20260527099994011,0,Small,Red Violet
20260527099994010,4,Small,Red
20260527099994009,9,Big,Green
20260527099994008,6,Big,Red
20260527099994007,5,Big,Green Violet
20260527099994006,1,Small,Green
20260527099994005,6,Big,Red
20260527099994004,3,Small,Green
20260527099994003,5,Big,Green Violet
20260527099994002,4,Small,Red
20260527099994001,9,Big,Green
20260527099994000,6,Big,Red
20260527099993999,7,Big,Green
20260527099993998,6,Big,Red
20260527099993997,6,Big,Red
20260527099993996,6,Big,Red
20260527099993995,7,Big,Green
20260527099993994,8,Big,Red
20260527099993993,8,Big,Red
20260527099993992,1,Small,Green
20260527099993991,4,Small,Red
20260527099993990,3,Small,Green
20260527099993989,7,Big,Green
20260527099993988,2,Small,Red
20260527099993987,6,Big,Red
20260527099993986,9,Big,Green
20260527099993985,4,Small,Red
20260527099993984,7,Big,Green
20260527099993983,0,Small,Red Violet
20260527099993982,5,Big,Green Violet
20260527099993981,5,Big,Green Violet
20260527099993980,3,Small,Green
20260527099993979,8,Big,Red
20260527099993978,9,Big,Green
20260527099993977,2,Small,Red
20260527099993976,4,Small,Red
20260527099993975,3,Small,Green
20260527099993974,4,Small,Red
20260527099993973,2,Small,Red
20260527099993972,9,Big,Green
20260527099993971,9,Big,Green
20260527099993970,3,Small,Green
20260527099993969,3,Small,Green
20260527099993968,2,Small,Red
20260527099993967,6,Big,Red
20260527099993966,4,Small,Red
20260527099993965,0,Small,Red Violet
20260527099993964,1,Small,Green
20260527099993963,1,Small,Green
20260527099993962,2,Small,Red
20260527099993961,6,Big,Red
20260527099993960,5,Big,Green Violet
20260527099993959,2,Small,Red
20260527099993958,7,Big,Green
20260527099993957,8,Big,Red
20260527099993956,0,Small,Red Violet
20260527099993955,4,Small,Red
20260527099993954,9,Big,Green
20260527099993953,4,Small,Red
20260527099993952,0,Small,Red Violet
20260527099993951,9,Big,Green
20260527099993950,3,Small,Green
20260527099993949,5,Big,Green Violet
20260527099993948,6,Big,Red
20260527099993947,1,Small,Green
20260527099993946,4,Small,Red
20260527099993945,2,Small,Red
20260527099993944,3,Small,Green
20260527099993943,3,Small,Green
20260527099993942,2,Small,Red
20260527099993941,3,Small,Green
20260527099993940,2,Small,Red
20260527099993939,1,Small,Green
20260527099993938,5,Big,Green Violet
20260527099993937,9,Big,Green
20260527099993936,0,Small,Red Violet
20260527099993935,7,Big,Green
20260527099993934,7,Big,Green
20260527099993933,2,Small,Red
20260527099993932,9,Big,Green
20260527099993931,0,Small,Red Violet
20260527099993930,9,Big,Green
20260527099993929,8,Big,Red
20260527099993928,3,Small,Green
20260527099993927,1,Small,Green
20260527099993926,8,Big,Red
20260527099993925,4,Small,Red
20260527099993924,7,Big,Green
20260527099993923,3,Small,Green
20260527099993922,1,Small,Green
20260527099993921,7,Big,Green
20260527099993920,9,Big,Green
20260527099993919,3,Small,Green
20260527099993918,9,Big,Green
20260527099993917,1,Small,Green
20260527099993916,9,Big,Green
20260527099993915,9,Big,Green
20260527099993914,7,Big,Green
20260527099993913,5,Big,Green Violet
20260527099993912,1,Small,Green
20260527099993911,1,Small,Green
20260527099993910,9,Big,Green
20260527099993909,6,Big,Red
20260527099993908,0,Small,Red Violet
20260527099993907,8,Big,Red
20260527099993906,1,Small,Green
20260527099993905,1,Small,Green
20260527099993904,3,Small,Green
20260527099993903,5,Big,Green Violet
20260527099993902,3,Small,Green
20260527099993901,3,Small,Green
20260527099993900,8,Big,Red
20260527099993899,2,Small,Red
20260527099993898,2,Small,Red
20260527099993897,6,Big,Red
20260527099993896,1,Small,Green
20260527099993895,4,Small,Red
20260527099993894,9,Big,Green
20260527099993893,1,Small,Green
20260527099993892,9,Big,Green
20260527099993891,9,Big,Green
20260527099993890,3,Small,Green
20260527099993889,5,Big,Green Violet
20260527099993888,3,Small,Green
20260527099993887,5,Big,Green Violet
20260527099993886,0,Small,Red Violet
20260527099993885,2,Small,Red
20260527099993884,8,Big,Red
20260527099993883,6,Big,Red
20260527099993882,5,Big,Green Violet
20260527099993881,7,Big,Green
20260527099993880,8,Big,Red
20260527099993879,5,Big,Green Violet
20260527099993878,6,Big,Red
20260527099993877,4,Small,Red
20260527099993876,3,Small,Green
20260527099993875,6,Big,Red
20260527099993874,2,Small,Red
20260527099993873,1,Small,Green
20260527099993872,7,Big,Green
20260527099993871,5,Big,Green Violet
20260527099993870,6,Big,Red
20260527099993869,3,Small,Green
20260527099993868,7,Big,Green
20260527099993867,4,Small,Red
20260527099993866,5,Big,Green Violet
20260527099993865,2,Small,Red
20260527099993864,3,Small,Green
20260527099993863,3,Small,Green
20260527099993862,5,Big,Green Violet
20260527099993861,7,Big,Green
20260527099993860,9,Big,Green
20260527099993859,5,Big,Green Violet
20260527099993858,9,Big,Green
20260527099993857,6,Big,Red
20260527099993856,5,Big,Green Violet
20260527099993855,3,Small,Green
20260527099993854,9,Big,Green
20260527099993853,4,Small,Red
20260527099993852,6,Big,Red
20260527099993851,8,Big,Red
20260527099993850,8,Big,Red
20260527099993849,3,Small,Green
20260527099993848,0,Small,Red Violet
20260527099993847,3,Small,Green
20260527099993846,7,Big,Green
20260527099993845,2,Small,Red
20260527099993844,1,Small,Green
20260527099993843,7,Big,Green
20260527099993842,3,Small,Green
20260527099993841,3,Small,Green
20260527099993840,2,Small,Red
20260527099993839,6,Big,Red
20260527099993838,8,Big,Red
20260527099993837,5,Big,Green Violet
20260527099993836,8,Big,Red
20260527099993835,0,Small,Red Violet
20260527099993834,9,Big,Green
20260527099993833,2,Small,Red
20260527099993832,0,Small,Red Violet
20260527099993831,4,Small,Red
20260527099993830,1,Small,Green
20260527099993829,7,Big,Green
20260527099993828,0,Small,Red Violet
20260527099993827,0,Small,Red Violet
20260527099993826,1,Small,Green
20260527099993825,6,Big,Red
20260527099993824,5,Big,Green Violet
20260527099993823,6,Big,Red
20260527099993822,2,Small,Red
20260527099993821,8,Big,Red
20260527099993820,3,Small,Green
20260527099993819,9,Big,Green
20260527099993818,5,Big,Green Violet
20260527099993817,8,Big,Red
20260527099993816,7,Big,Green
20260527099993815,3,Small,Green
20260527099993814,1,Small,Green
20260527099993813,1,Small,Green
20260527099993812,4,Small,Red
20260527099993811,8,Big,Red
20260527099993810,0,Small,Red Violet
20260527099993809,2,Small,Red
20260527099993808,0,Small,Red Violet
20260527099993807,5,Big,Green Violet
20260527099993806,6,Big,Red
20260527099993805,9,Big,Green
20260527099993804,7,Big,Green
20260527099993803,9,Big,Green
20260527099993802,1,Small,Green
20260527099993801,8,Big,Red
20260527099993800,3,Small,Green
20260527099993799,0,Small,Red Violet
20260527099993798,0,Small,Red Violet
20260527099993797,7,Big,Green
20260527099993796,7,Big,Green
20260527099993795,3,Small,Green
20260527099993794,6,Big,Red
20260527099993793,1,Small,Green
20260527099993792,4,Small,Red
20260527099993791,2,Small,Red
20260527099993790,5,Big,Green Violet
20260527099993789,1,Small,Green
20260527099993788,3,Small,Green
20260527099993787,8,Big,Red
20260527099993786,1,Small,Green
20260527099993785,5,Big,Green Violet
20260527099993784,7,Big,Green
20260527099993783,7,Big,Green
20260527099993782,1,Small,Green
20260527099993781,8,Big,Red
20260527099993780,0,Small,Red Violet
20260527099993779,7,Big,Green
20260527099993778,9,Big,Green
20260527099993777,2,Small,Red
20260527099993776,6,Big,Red
20260527099993775,1,Small,Green
20260527099993774,8,Big,Red
20260527099993773,6,Big,Red
20260527099993772,8,Big,Red
20260527099993771,5,Big,Green Violet
20260527099993770,8,Big,Red
20260527099993769,7,Big,Green
20260527099993768,0,Small,Red Violet
20260527099993767,8,Big,Red
20260527099993766,4,Small,Red
20260527099993765,6,Big,Red
20260527099993764,7,Big,Green
20260527099993763,9,Big,Green
20260527099993762,4,Small,Red
20260527099993761,4,Small,Red
20260527099993760,5,Big,Green Violet
20260527099993759,8,Big,Red
20260527099993758,7,Big,Green
20260527099993757,8,Big,Red
20260527099993756,9,Big,Green
20260527099993755,9,Big,Green
20260527099993754,6,Big,Red
20260527099993753,7,Big,Green
20260527099993752,8,Big,Red
20260527099993751,8,Big,Red
20260527099993750,5,Big,Green Violet
20260527099993749,9,Big,Green
20260527099993748,7,Big,Green
20260527099993747,8,Big,Red
20260527099993746,9,Big,Green
20260527099993745,9,Big,Green
20260527099993744,1,Small,Green
20260527099993743,0,Small,Red Violet
20260527099993742,4,Small,Red
20260527099993741,1,Small,Green
20260527099993740,1,Small,Green
20260527099993739,7,Big,Green
20260527099993738,3,Small,Green
20260527099993737,0,Small,Red Violet
20260527099993736,8,Big,Red
20260527099993735,6,Big,Red
20260527099993734,8,Big,Red
20260527099993733,8,Big,Red
20260527099993732,2,Small,Red
20260527099993731,2,Small,Red
20260527099993730,6,Big,Red
20260527099993729,6,Big,Red
20260527099993728,2,Small,Red
20260527099993727,3,Small,Green
20260527099993726,9,Big,Green
20260527099993725,4,Small,Red
20260527099993724,5,Big,Green Violet
20260527099993723,2,Small,Red
20260527099993722,9,Big,Green
20260527099993721,1,Small,Green
20260527099993720,2,Small,Red
20260527099993719,2,Small,Red
20260527099993718,5,Big,Green Violet
20260527099993717,3,Small,Green
20260527099993716,3,Small,Green
20260527099993715,3,Small,Green
20260527099993714,1,Small,Green
20260527099993713,4,Small,Red
20260527099993712,8,Big,Red
20260527099993711,0,Small,Red Violet
20260527099993710,7,Big,Green
20260527099993709,1,Small,Green
20260527099993708,2,Small,Red
20260527099993707,3,Small,Green
20260527099993706,9,Big,Green
20260527099993705,1,Small,Green
20260527099993704,6,Big,Red
20260527099993703,2,Small,Red
20260527099993702,9,Big,Green
20260527099993701,2,Small,Red
20260527099993700,2,Small,Red
20260527099993699,0,Small,Red Violet
20260527099993698,7,Big,Green
20260527099993697,9,Big,Green
20260527099993696,9,Big,Green
20260527099993695,0,Small,Red Violet
20260527099993694,1,Small,Green
20260527099993693,2,Small,Red
20260527099993692,3,Small,Green
20260527099993691,5,Big,Green Violet
20260527099993690,2,Small,Red
20260527099993689,6,Big,Red
20260527099993688,3,Small,Green
20260527099993687,7,Big,Green
20260527099993686,2,Small,Red
20260527099993685,9,Big,Green
20260527099993684,4,Small,Red
20260527099993683,3,Small,Green
20260527099993682,8,Big,Red
20260527099993681,1,Small,Green
20260527099993680,2,Small,Red
20260527099993679,8,Big,Red
20260527099993678,6,Big,Red
20260527099993677,6,Big,Red
20260527099993676,2,Small,Red
20260527099993675,3,Small,Green
20260527099993674,2,Small,Red
20260527099993673,3,Small,Green
20260527099993672,9,Big,Green
20260527099993671,8,Big,Red
20260527099993670,2,Small,Red
20260527099993669,7,Big,Green
20260527099993668,4,Small,Red
20260527099993667,3,Small,Green
20260527099993666,1,Small,Green
20260527099993665,9,Big,Green
20260527099993664,7,Big,Green
20260527099993663,0,Small,Red Violet
20260527099993662,2,Small,Red
20260527099993661,0,Small,Red Violet
20260527099993660,1,Small,Green
20260527099993659,8,Big,Red
20260527099993658,7,Big,Green
20260527099993657,8,Big,Red
20260527099993656,2,Small,Red
20260527099993655,5,Big,Green Violet
20260527099993654,6,Big,Red
20260527099993653,0,Small,Red Violet
20260527099993652,4,Small,Red
20260527099993651,1,Small,Green
20260527099993650,5,Big,Green Violet
20260527099993649,0,Small,Red Violet
20260527099993648,6,Big,Red
20260527099993647,0,Small,Red Violet
20260527099993646,1,Small,Green
20260527099993645,9,Big,Green
20260527099993644,2,Small,Red
20260527099993643,7,Big,Green
20260527099993642,1,Small,Green
20260527099993641,3,Small,Green
20260527099993640,1,Small,Green
20260527099993639,6,Big,Red
20260527099993638,0,Small,Red Violet
20260527099993637,4,Small,Red
20260527099993636,9,Big,Green
20260527099993635,2,Small,Red
20260527099993634,9,Big,Green
20260527099993633,7,Big,Green
20260527099993632,2,Small,Red
20260527099993631,0,Small,Red Violet
20260527099993630,8,Big,Red
20260527099993629,3,Small,Green
20260527099993628,3,Small,Green
20260527099993627,8,Big,Red
20260527099993626,3,Small,Green
20260527099993625,9,Big,Green
20260527099993624,1,Small,Green
20260527099993623,6,Big,Red
20260527099993622,9,Big,Green
20260527099993621,4,Small,Red
20260527099993620,9,Big,Green
20260527099993619,3,Small,Green
20260527099993618,5,Big,Green Violet
20260527099993617,0,Small,Red Violet
20260527099993616,1,Small,Green
20260527099993615,8,Big,Red
20260527099993614,2,Small,Red
20260527099993613,2,Small,Red
20260527099993612,4,Small,Red
20260527099993611,5,Big,Green Violet
20260527099993610,8,Big,Red
20260527099993609,0,Small,Red Violet
20260527099993608,8,Big,Red
20260527099993607,9,Big,Green
20260527099993606,8,Big,Red
20260527099993605,9,Big,Green
20260527099993604,0,Small,Red Violet
20260527099993603,2,Small,Red
20260527099993602,1,Small,Green
20260527099993601,0,Small,Red Violet
20260527099993600,1,Small,Green
20260527099993599,4,Small,Red
20260527099993598,2,Small,Red
20260527099993597,0,Small,Red Violet
20260527099993596,8,Big,Red
20260527099993595,5,Big,Green Violet
20260527099993594,5,Big,Green Violet
20260527099993593,5,Big,Green Violet
20260527099993592,6,Big,Red
20260527099993591,1,Small,Green
20260527099993590,9,Big,Green
20260527099993589,9,Big,Green
20260527099993588,5,Big,Green Violet
20260527099993587,8,Big,Red
20260527099993586,6,Big,Red
20260527099993585,1,Small,Green
20260527099993584,5,Big,Green Violet
20260527099993583,1,Small,Green
20260527099993582,5,Big,Green Violet
20260527099993581,9,Big,Green
20260527099993580,7,Big,Green
20260527099993579,4,Small,Red
20260527099993578,9,Big,Green
20260527099993577,8,Big,Red
20260527099993576,2,Small,Red
20260527099993575,3,Small,Green
20260527099993574,8,Big,Red
20260527099993573,2,Small,Red
20260527099993572,6,Big,Red
20260527099993571,9,Big,Green
20260527099993570,4,Small,Red
20260527099993569,8,Big,Red
20260527099993568,2,Small,Red
20260527099993567,5,Big,Green Violet
20260527099993566,8,Big,Red
20260527099993565,0,Small,Red Violet
20260527099993564,6,Big,Red
20260527099993563,0,Small,Red Violet
20260527099993562,4,Small,Red
20260527099993561,7,Big,Green
20260527099993560,1,Small,Green
20260527099993559,0,Small,Red Violet
20260527099993558,2,Small,Red
20260527099993557,4,Small,Red
20260527099993556,4,Small,Red
20260527099993555,5,Big,Green Violet
20260527099993554,5,Big,Green Violet
20260527099993553,7,Big,Green
20260527099993552,8,Big,Red
20260527099993551,3,Small,Green
20260527099993550,4,Small,Red
20260527099993549,7,Big,Green
20260527099993548,5,Big,Green Violet
20260527099993547,2,Small,Red
20260527099993546,8,Big,Red
20260527099993545,8,Big,Red
20260527099993544,8,Big,Red
20260527099993543,0,Small,Red Violet
20260527099993542,7,Big,Green
20260527099993541,3,Small,Green
20260527099993540,1,Small,Green
20260527099993539,8,Big,Red
20260527099993538,7,Big,Green
20260527099993537,0,Small,Red Violet
20260527099993536,0,Small,Red Violet
20260527099993535,9,Big,Green
20260527099993534,5,Big,Green Violet
20260527099993533,9,Big,Green
20260527099993532,6,Big,Red
20260527099993531,6,Big,Red
20260527099993530,5,Big,Green Violet
20260527099993529,6,Big,Red
20260527099993528,0,Small,Red Violet
20260527099993527,1,Small,Green
20260527099993526,9,Big,Green
20260527099993525,0,Small,Red Violet
20260527099993524,8,Big,Red
20260527099993523,8,Big,Red
20260527099993522,4,Small,Red
20260527099993521,1,Small,Green
20260527099993520,0,Small,Red Violet
20260527099993519,5,Big,Green Violet
20260527099993518,3,Small,Green
20260527099993517,0,Small,Red Violet
20260527099993516,5,Big,Green Violet
20260527099993515,0,Small,Red Violet
20260527099993514,2,Small,Red
20260527099993513,8,Big,Red
20260527099993512,8,Big,Red
20260527099993511,3,Small,Green
20260527099993510,0,Small,Red Violet
20260527099993509,3,Small,Green
20260527099993508,3,Small,Green
20260527099993507,2,Small,Red
20260527099993506,0,Small,Red Violet
20260527099993505,2,Small,Red
20260527099993504,4,Small,Red
20260527099993503,5,Big,Green Violet
20260527099993502,2,Small,Red
20260527099993501,1,Small,Green
20260527099993500,7,Big,Green
20260527099993499,2,Small,Red
20260527099993498,8,Big,Red
20260527099993497,7,Big,Green
20260527099993496,2,Small,Red
20260527099993495,1,Small,Green
20260527099993494,6,Big,Red
20260527099993493,2,Small,Red
20260527099993492,7,Big,Green
20260527099993491,9,Big,Green
20260527099993490,7,Big,Green
20260527099993489,7,Big,Green
20260527099993488,1,Small,Green
20260527099993487,8,Big,Red
20260527099993486,5,Big,Green Violet
20260527099993485,9,Big,Green
20260527099993484,1,Small,Green
20260527099993483,7,Big,Green
20260527099993482,4,Small,Red
20260527099993481,4,Small,Red
20260527099993480,6,Big,Red
20260527099993479,6,Big,Red
20260527099993478,5,Big,Green Violet
20260527099993477,8,Big,Red
20260527099993476,3,Small,Green
20260527099993475,0,Small,Red Violet
20260527099993474,8,Big,Red
20260527099993473,9,Big,Green
20260527099993472,8,Big,Red
20260527099993471,4,Small,Red
20260527099993470,5,Big,Green Violet
20260527099993469,6,Big,Red
20260527099993468,9,Big,Green
20260527099993467,9,Big,Green
20260527099993466,2,Small,Red
20260527099993465,7,Big,Green
20260527099993464,7,Big,Green
20260527099993463,6,Big,Red
20260527099993462,5,Big,Green Violet
20260527099993461,7,Big,Green
20260527099993460,6,Big,Red
20260527099993459,4,Small,Red
20260527099993458,2,Small,Red
20260527099993457,2,Small,Red
20260527099993456,7,Big,Green
20260527099993455,3,Small,Green
20260527099993454,3,Small,Green
20260527099993453,1,Small,Green
20260527099993452,9,Big,Green
20260527099993451,6,Big,Red
20260527099993450,2,Small,Red
20260527099993449,4,Small,Red
20260527099993448,2,Small,Red
20260527099993447,7,Big,Green
20260527099993446,3,Small,Green
20260527099993445,1,Small,Green
20260527099993444,0,Small,Red Violet
20260527099993443,8,Big,Red
20260527099993442,2,Small,Red
20260527099993441,7,Big,Green
20260527099993440,0,Small,Red Violet
20260527099993439,4,Small,Red
20260527099993438,7,Big,Green
20260527099993437,8,Big,Red
20260527099993436,0,Small,Red Violet
20260527099993435,3,Small,Green
20260527099993434,1,Small,Green
20260527099993433,3,Small,Green
20260527099993432,7,Big,Green
20260527099993431,3,Small,Green
20260527099993430,8,Big,Red
20260527099993429,1,Small,Green
20260527099993428,6,Big,Red
20260527099993427,0,Small,Red Violet
20260527099993426,9,Big,Green
20260527099993425,9,Big,Green
20260527099993424,5,Big,Green Violet
20260527099993423,6,Big,Red
20260527099993422,2,Small,Red
20260527099993421,3,Small,Green
20260527099993420,7,Big,Green
20260527099993419,6,Big,Red
20260527099993418,2,Small,Red
20260527099993417,6,Big,Red
20260527099993416,3,Small,Green
20260527099993415,8,Big,Red
20260527099993414,6,Big,Red
20260527099993413,4,Small,Red
20260527099993412,8,Big,Red
20260527099993411,9,Big,Green
20260527099993410,2,Small,Red
20260527099993409,0,Small,Red Violet
20260527099993408,5,Big,Green Violet
20260527099993407,2,Small,Red
20260527099993406,4,Small,Red
20260527099993405,7,Big,Green
20260527099993404,2,Small,Red
20260527099993403,3,Small,Green
20260527099993402,3,Small,Green
20260527099993401,3,Small,Green
20260527099993400,9,Big,Green
20260527099993399,7,Big,Green
20260527099993398,8,Big,Red
20260527099993397,4,Small,Red
20260527099993396,4,Small,Red
20260527099993395,4,Small,Red
20260527099993394,8,Big,Red
20260527099993393,6,Big,Red
20260527099993392,3,Small,Green
20260527099993391,9,Big,Green
20260527099993390,4,Small,Red
20260527099993389,2,Small,Red
20260527099993388,9,Big,Green
20260527099993387,9,Big,Green
20260527099993386,6,Big,Red
20260527099993385,4,Small,Red
20260527099993384,7,Big,Green
20260527099993383,2,Small,Red
20260527099993382,8,Big,Red
20260527099993381,7,Big,Green
20260527099993380,0,Small,Red Violet
20260527099993379,9,Big,Green
20260527099993378,3,Small,Green
20260527099993377,9,Big,Green
20260527099993376,4,Small,Red
20260527099993375,4,Small,Red
20260527099993374,4,Small,Red
20260527099993373,1,Small,Green
20260527099993372,7,Big,Green
20260527099993371,0,Small,Red Violet
20260527099993370,0,Small,Red Violet
20260527099993369,0,Small,Red Violet
20260527099993368,8,Big,Red
20260527099993367,1,Small,Green
20260527099993366,8,Big,Red
20260527099993365,6,Big,Red
20260527099993364,7,Big,Green
20260527099993363,2,Small,Red
20260527099993362,1,Small,Green
20260527099993361,8,Big,Red
20260527099993360,6,Big,Red
20260527099993359,1,Small,Green
20260527099993358,0,Small,Red Violet
20260527099993357,0,Small,Red Violet
20260527099993356,7,Big,Green
20260527099993355,4,Small,Red
20260527099993354,9,Big,Green
20260527099993353,5,Big,Green Violet
20260527099993352,4,Small,Red
20260527099993351,6,Big,Red
20260527099993350,9,Big,Green
20260527099993349,4,Small,Red
20260527099993348,1,Small,Green
20260527099993347,1,Small,Green
20260527099993346,2,Small,Red
20260527099993345,1,Small,Green
20260527099993344,2,Small,Red
20260527099993343,9,Big,Green
20260527099993342,2,Small,Red
20260527099993341,1,Small,Green
20260527099993340,4,Small,Red
20260527099993339,1,Small,Green
20260527099993338,9,Big,Green
20260527099993337,2,Small,Red
20260527099993336,5,Big,Green Violet
20260527099993335,1,Small,Green
20260527099993334,1,Small,Green
20260527099993333,2,Small,Red
20260527099993332,8,Big,Red
20260527099993331,9,Big,Green
20260527099993330,0,Small,Red Violet
20260527099993329,5,Big,Green Violet
20260527099993328,2,Small,Red
20260527099993327,5,Big,Green Violet
20260527099993326,4,Small,Red
20260527099993325,5,Big,Green Violet
20260527099993324,3,Small,Green
20260527099993323,1,Small,Green
20260527099993322,5,Big,Green Violet
20260527099993321,5,Big,Green Violet
20260527099993320,8,Big,Red
20260527099993319,8,Big,Red
20260527099993318,2,Small,Red
20260527099993317,6,Big,Red
20260527099993316,2,Small,Red
20260527099993315,5,Big,Green Violet
20260527099993314,7,Big,Green
20260527099993313,6,Big,Red
20260527099993312,9,Big,Green
20260527099993311,9,Big,Green
20260527099993310,4,Small,Red
20260527099993309,8,Big,Red
20260527099993308,2,Small,Red
20260527099993307,6,Big,Red
20260527099993306,0,Small,Red Violet
20260527099993305,8,Big,Red
20260527099993304,1,Small,Green
20260527099993303,3,Small,Green
20260527099993302,0,Small,Red Violet
20260527099993301,7,Big,Green
20260527099993300,7,Big,Green
20260527099993299,0,Small,Red Violet
20260527099993298,2,Small,Red
20260527099993297,4,Small,Red
20260527099993296,3,Small,Green
20260527099993295,9,Big,Green
20260527099993294,1,Small,Green
20260527099993293,8,Big,Red
20260527099993292,3,Small,Green
20260527099993291,2,Small,Red
20260527099993290,6,Big,Red
20260527099993289,8,Big,Red
20260527099993288,0,Small,Red Violet
20260527099993287,6,Big,Red
20260527099993286,2,Small,Red
20260527099993285,6,Big,Red
20260527099993284,4,Small,Red
20260527099993283,6,Big,Red
20260527099993282,5,Big,Green Violet
20260527099993281,1,Small,Green
20260527099993280,7,Big,Green
20260527099993279,4,Small,Red
20260527099993278,3,Small,Green
20260527099993277,9,Big,Green
20260527099993276,0,Small,Red Violet
20260527099993275,4,Small,Red
20260527099993274,9,Big,Green
20260527099993273,9,Big,Green
20260527099993272,4,Small,Red
20260527099993271,1,Small,Green
20260527099993270,1,Small,Green
20260527099993269,7,Big,Green
20260527099993268,6,Big,Red
20260527099993267,0,Small,Red Violet
20260527099993266,1,Small,Green
20260527099993265,2,Small,Red
20260527099993264,3,Small,Green
20260527099993263,4,Small,Red
20260527099993262,8,Big,Red
20260527099993261,7,Big,Green
20260527099993260,1,Small,Green
20260527099993259,4,Small,Red
20260527099993258,8,Big,Red
20260527099993257,1,Small,Green
20260527099993256,6,Big,Red
20260527099993255,3,Small,Green
20260527099993254,9,Big,Green
20260527099993253,6,Big,Red
20260527099993252,4,Small,Red
20260527099993251,7,Big,Green
20260527099993250,7,Big,Green
20260527099993249,0,Small,Red Violet
20260527099993248,1,Small,Green
20260527099993247,0,Small,Red Violet
20260527099993246,0,Small,Red Violet
20260527099993245,1,Small,Green
20260527099993244,4,Small,Red
20260527099993243,2,Small,Red
20260527099993242,6,Big,Red
20260527099993241,8,Big,Red
20260527099993240,1,Small,Green
20260527099993239,8,Big,Red
20260527099993238,1,Small,Green
20260527099993237,0,Small,Red Violet
20260527099993236,0,Small,Red Violet
20260527099993235,5,Big,Green Violet
20260527099993234,9,Big,Green
20260527099993233,2,Small,Red
20260527099993232,9,Big,Green
20260527099993231,6,Big,Red
20260527099993230,7,Big,Green
20260527099993229,3,Small,Green
20260527099993228,9,Big,Green
20260527099993227,8,Big,Red
20260527099993226,6,Big,Red
20260527099993225,2,Small,Red
20260527099993224,7,Big,Green
20260527099993223,8,Big,Red
20260527099993222,0,Small,Red Violet
20260527099993221,4,Small,Red
20260527099993220,6,Big,Red
20260527099993219,9,Big,Green
20260527099993218,7,Big,Green
20260527099993217,9,Big,Green
20260527099993216,5,Big,Green Violet
20260527099993215,0,Small,Red Violet
20260527099993214,7,Big,Green
20260527099993213,6,Big,Red
20260527099993212,8,Big,Red
20260527099993211,5,Big,Green Violet
20260527099993210,2,Small,Red
20260527099993209,5,Big,Green Violet
20260527099993208,7,Big,Green
20260527099993207,4,Small,Red
20260527099993206,1,Small,Green
20260527099993205,8,Big,Red
20260527099993204,5,Big,Green Violet
20260527099993203,2,Small,Red
20260527099993202,2,Small,Red
20260527099993201,3,Small,Green
20260527099993200,8,Big,Red
20260527099993199,5,Big,Green Violet
20260527099993198,0,Small,Red Violet
20260527099993197,0,Small,Red Violet
20260527099993196,8,Big,Red
20260527099993195,6,Big,Red
20260527099993194,3,Small,Green
20260527099993193,2,Small,Red
20260527099993192,9,Big,Green
20260527099993191,6,Big,Red
20260527099993190,2,Small,Red
20260527099993189,5,Big,Green Violet
20260527099993188,2,Small,Red
20260527099993187,0,Small,Red Violet
20260527099993186,1,Small,Green
20260527099993185,2,Small,Red
20260527099993184,8,Big,Red
20260527099993183,0,Small,Red Violet
20260527099993182,6,Big,Red
20260527099993181,3,Small,Green
20260527099993180,1,Small,Green
20260527099993179,0,Small,Red Violet
20260527099993178,1,Small,Green
20260527099993177,5,Big,Green Violet
20260527099993176,3,Small,Green
20260527099993175,3,Small,Green
20260527099993174,6,Big,Red
20260527099993173,3,Small,Green
20260527099993172,6,Big,Red
20260527099993171,5,Big,Green Violet
20260527099993170,7,Big,Green
20260527099993169,8,Big,Red
20260527099993168,4,Small,Red
20260527099993167,2,Small,Red
20260527099993166,2,Small,Red
20260527099993165,9,Big,Green
20260527099993164,3,Small,Green
20260527099993163,9,Big,Green
20260527099993162,4,Small,Red
20260527099993161,6,Big,Red
20260527099993160,8,Big,Red
20260527099993159,1,Small,Green
20260527099993158,5,Big,Green Violet
20260527099993157,8,Big,Red
20260527099993156,3,Small,Green
20260527099993155,6,Big,Red
20260527099993154,8,Big,Red
20260527099993153,1,Small,Green
20260527099993152,2,Small,Red
20260527099993151,1,Small,Green
20260527099993150,6,Big,Red
20260527099993149,3,Small,Green
20260527099993148,7,Big,Green
20260527099993147,7,Big,Green
20260527099993146,4,Small,Red
20260527099993145,1,Small,Green
20260527099993144,1,Small,Green
20260527099993143,1,Small,Green
20260527099993142,4,Small,Red
20260527099993141,5,Big,Green Violet
20260527099993140,9,Big,Green
20260527099993139,8,Big,Red
20260527099993138,0,Small,Red Violet
20260527099993137,2,Small,Red
20260527099993136,4,Small,Red
20260527099993135,5,Big,Green Violet
20260527099993134,4,Small,Red
20260527099993133,1,Small,Green
20260527099993132,5,Big,Green Violet
20260527099993131,7,Big,Green
20260527099993130,9,Big,Green
20260527099993129,6,Big,Red
20260527099993128,9,Big,Green
20260527099993127,4,Small,Red
20260527099993126,6,Big,Red
20260527099993125,1,Small,Green
20260527099993124,1,Small,Green
20260527099993123,5,Big,Green Violet
20260527099993122,1,Small,Green
20260527099993121,3,Small,Green
20260527099993120,5,Big,Green Violet
20260527099993119,3,Small,Green
20260527099993118,0,Small,Red Violet
20260527099993117,2,Small,Red
20260527099993116,7,Big,Green
20260527099993115,0,Small,Red Violet
20260527099993114,2,Small,Red
20260527099993113,9,Big,Green
20260527099993112,2,Small,Red
20260527099993111,1,Small,Green
20260527099993110,8,Big,Red
20260527099993109,8,Big,Red
20260527099993108,9,Big,Green
20260527099993107,5,Big,Green Violet
20260527099993106,0,Small,Red Violet
20260527099993105,7,Big,Green
20260527099993104,7,Big,Green
20260527099993103,4,Small,Red
20260527099993102,5,Big,Green Violet
20260527099993101,1,Small,Green
20260527099993100,8,Big,Red
20260527099993099,9,Big,Green
20260527099993098,5,Big,Green Violet
20260527099993097,0,Small,Red Violet
20260527099993096,4,Small,Red
20260527099993095,0,Small,Red Violet
20260527099993094,8,Big,Red
20260527099993093,8,Big,Red
20260527099993092,5,Big,Green Violet
20260527099993091,4,Small,Red
20260527099993090,9,Big,Green
20260527099993089,8,Big,Red
20260527099993088,4,Small,Red
20260527099993087,4,Small,Red
20260527099993086,9,Big,Green
20260527099993085,5,Big,Green Violet
20260527099993084,1,Small,Green
20260527099993083,1,Small,Green
20260527099993082,8,Big,Red
20260527099993081,2,Small,Red
20260527099993080,8,Big,Red
20260527099993079,4,Small,Red
20260527099993078,1,Small,Green
20260527099993077,8,Big,Red
20260527099993076,8,Big,Red
20260527099993075,3,Small,Green
20260527099993074,0,Small,Red Violet
20260527099993073,1,Small,Green
20260527099993072,3,Small,Green
20260527099993071,4,Small,Red
20260527099993070,6,Big,Red
20260527099993069,9,Big,Green
20260527099993068,2,Small,Red
20260527099993067,9,Big,Green
20260527099993066,3,Small,Green
20260527099993065,1,Small,Green
20260527099993064,4,Small,Red
20260527099993063,1,Small,Green
20260527099993062,0,Small,Red Violet
20260527099993061,5,Big,Green Violet
20260527099993060,5,Big,Green Violet
20260527099993059,4,Small,Red
20260527099993058,9,Big,Green
20260527099993057,8,Big,Red
20260527099993056,5,Big,Green Violet
20260527099993055,7,Big,Green
20260527099993054,0,Small,Red Violet
20260527099993053,6,Big,Red
20260527099993052,6,Big,Red
20260527099993051,3,Small,Green
20260527099993050,5,Big,Green Violet
20260527099993049,0,Small,Red Violet
20260527099993048,6,Big,Red
20260527099993047,9,Big,Green
20260527099993046,6,Big,Red
20260527099993045,0,Small,Red Violet
20260527099993044,5,Big,Green Violet
20260527099993043,7,Big,Green
20260527099993042,3,Small,Green
20260527099993041,9,Big,Green
20260527099993040,7,Big,Green
20260527099993039,8,Big,Red
20260527099993038,9,Big,Green
20260527099993037,0,Small,Red Violet
20260527099993036,0,Small,Red Violet
20260527099993035,2,Small,Red
20260527099993034,9,Big,Green
20260527099993033,2,Small,Red
20260527099993032,7,Big,Green
20260527099993031,1,Small,Green
20260527099993030,3,Small,Green
20260527099993029,8,Big,Red
20260527099993028,6,Big,Red
20260527099993027,2,Small,Red
20260527099993026,8,Big,Red
20260527099993025,3,Small,Green
20260527099993024,0,Small,Red Violet
20260527099993023,1,Small,Green
20260527099993022,1,Small,Green
20260527099993021,4,Small,Red
20260527099993020,0,Small,Red Violet
20260527099993019,9,Big,Green
20260527099993018,4,Small,Red
20260527099993017,4,Small,Red
20260527099993016,8,Big,Red
20260527099993015,7,Big,Green
20260527099993014,1,Small,Green
20260527099993013,4,Small,Red
20260527099993012,4,Small,Red
20260527099993011,2,Small,Red
20260527099993010,6,Big,Red
20260527099993009,9,Big,Green
20260527099993008,6,Big,Red
20260527099993007,2,Small,Red
20260527099993006,9,Big,Green
20260527099993005,1,Small,Green
20260527099993004,5,Big,Green Violet
20260527099993003,2,Small,Red
20260527099993002,7,Big,Green
20260527099993001,3,Small,Green
20260527099993000,3,Small,Green
20260527099992999,1,Small,Green
20260527099992998,3,Small,Green
20260527099992997,6,Big,Red
20260527099992996,7,Big,Green
20260527099992995,8,Big,Red
20260527099992994,9,Big,Green
20260527099992993,7,Big,Green
20260527099992992,2,Small,Red
20260527099992991,4,Small,Red
20260527099992990,9,Big,Green
20260527099992989,3,Small,Green
20260527099992988,8,Big,Red
20260527099992987,7,Big,Green
20260527099992986,9,Big,Green
20260527099992985,6,Big,Red
20260527099992984,1,Small,Green
20260527099992983,9,Big,Green
20260527099992982,9,Big,Green
20260527099992981,1,Small,Green
20260527099992980,2,Small,Red
20260527099992979,9,Big,Green
20260527099992978,2,Small,Red
20260527099992977,0,Small,Red Violet
20260527099992976,1,Small,Green
20260527099992975,1,Small,Green
20260527099992974,1,Small,Green
20260527099992973,1,Small,Green
20260527099992972,1,Small,Green
20260527099992971,4,Small,Red
20260527099992970,0,Small,Red Violet
20260527099992969,2,Small,Red
20260527099992968,7,Big,Green
20260527099992967,5,Big,Green Violet
20260527099992966,7,Big,Green
20260527099992965,0,Small,Red Violet
20260527099992964,0,Small,Red Violet
20260527099992963,3,Small,Green
20260527099992962,7,Big,Green
20260527099992961,8,Big,Red
20260527099992960,4,Small,Red
20260527099992959,9,Big,Green
20260527099992958,7,Big,Green
20260527099992957,6,Big,Red
20260527099992956,6,Big,Red
20260527099992955,7,Big,Green
20260527099992954,7,Big,Green
20260527099992953,1,Small,Green
20260527099992952,8,Big,Red
20260527099992951,3,Small,Green
20260527099992950,1,Small,Green
20260527099992949,1,Small,Green
20260527099992948,5,Big,Green Violet
20260527099992947,7,Big,Green
20260527099992946,6,Big,Red
20260527099992945,5,Big,Green Violet
20260527099992944,0,Small,Red Violet
20260527099992943,1,Small,Green
20260527099992942,6,Big,Red
20260527099992941,8,Big,Red
20260527099992940,3,Small,Green
20260527099992939,0,Small,Red Violet
20260527099992938,0,Small,Red Violet
20260527099992937,6,Big,Red
20260527099992936,9,Big,Green
20260527099992935,8,Big,Red
20260527099992934,1,Small,Green
20260527099992933,1,Small,Green
20260527099992932,8,Big,Red
20260527099992931,5,Big,Green Violet
20260527099992930,6,Big,Red
20260527099992929,3,Small,Green
20260527099992928,1,Small,Green
20260527099992927,5,Big,Green Violet
20260527099992926,5,Big,Green Violet
20260527099992925,5,Big,Green Violet
20260527099992924,3,Small,Green
20260527099992923,1,Small,Green
20260527099992922,1,Small,Green
20260527099992921,7,Big,Green
20260527099992920,6,Big,Red
20260527099992919,6,Big,Red
20260527099992918,5,Big,Green Violet
20260527099992917,8,Big,Red
20260527099992916,8,Big,Red
20260527099992915,7,Big,Green
20260527099992914,1,Small,Green
20260527099992913,7,Big,Green
20260527099992912,4,Small,Red
20260527099992911,3,Small,Green
20260527099992910,0,Small,Red Violet
20260527099992909,6,Big,Red
20260527099992908,9,Big,Green
20260527099992907,6,Big,Red
20260527099992906,8,Big,Red
20260527099992905,0,Small,Red Violet
20260527099992904,6,Big,Red
20260527099992903,5,Big,Green Violet
20260527099992902,9,Big,Green
20260527099992901,9,Big,Green
20260527099992900,7,Big,Green
20260527099992899,5,Big,Green Violet
20260527099992898,9,Big,Green
20260527099992897,4,Small,Red
20260527099992896,9,Big,Green
20260527099992895,7,Big,Green
20260527099992894,2,Small,Red
20260527099992893,1,Small,Green
20260527099992892,4,Small,Red
20260527099992891,4,Small,Red
20260527099992890,3,Small,Green
20260527099992889,5,Big,Green Violet
20260527099992888,9,Big,Green
20260527099992887,8,Big,Red
20260527099992886,9,Big,Green
20260527099992885,6,Big,Red
20260527099992884,2,Small,Red
20260527099992883,8,Big,Red
20260527099992882,0,Small,Red Violet
20260527099992881,9,Big,Green
20260527099992880,0,Small,Red Violet
20260527099992879,6,Big,Red
20260527099992878,3,Small,Green
20260527099992877,5,Big,Green Violet
20260527099992876,9,Big,Green
20260527099992875,5,Big,Green Violet
20260527099992874,6,Big,Red
20260527099992873,5,Big,Green Violet
20260527099992872,7,Big,Green
20260527099992871,9,Big,Green
20260527099992870,2,Small,Red
20260527099992869,9,Big,Green
20260527099992868,7,Big,Green
20260527099992867,3,Small,Green
20260527099992866,4,Small,Red
20260527099992865,1,Small,Green
20260527099992864,7,Big,Green
20260527099992863,9,Big,Green
20260527099992862,0,Small,Red Violet
20260527099992861,0,Small,Red Violet
20260527099992860,4,Small,Red
20260527099992859,7,Big,Green
20260527099992858,0,Small,Red Violet
20260527099992857,9,Big,Green
20260527099992856,8,Big,Red
20260527099992855,2,Small,Red
20260527099992854,6,Big,Red
20260527099992853,8,Big,Red
20260527099992852,4,Small,Red
20260527099992851,6,Big,Red
20260527099992850,3,Small,Green
20260527099992849,4,Small,Red
20260527099992848,2,Small,Red
20260527099992847,7,Big,Green
20260527099992846,0,Small,Red Violet
20260527099992845,8,Big,Red
20260527099992844,9,Big,Green
20260527099992843,2,Small,Red
20260527099992842,7,Big,Green
20260527099992841,1,Small,Green
20260527099992840,0,Small,Red Violet
20260527099992839,8,Big,Red
20260527099992838,5,Big,Green Violet
20260527099992837,8,Big,Red
20260527099992836,0,Small,Red Violet
20260527099992835,9,Big,Green
20260527099992834,2,Small,Red
20260527099992833,3,Small,Green
20260527099992832,7,Big,Green
20260527099992831,7,Big,Green
20260527099992830,7,Big,Green
20260527099992829,4,Small,Red
20260527099992828,3,Small,Green
20260527099992827,4,Small,Red
20260527099992826,0,Small,Red Violet
20260527099992825,6,Big,Red
20260527099992824,3,Small,Green
20260527099992823,2,Small,Red
20260527099992822,8,Big,Red
20260527099992821,6,Big,Red
20260527099992820,7,Big,Green
20260527099992819,4,Small,Red
20260527099992818,3,Small,Green
20260527099992817,9,Big,Green
20260527099992816,0,Small,Red Violet
20260527099992815,1,Small,Green
20260527099992814,1,Small,Green
20260527099992813,9,Big,Green
20260527099992812,8,Big,Red
20260527099992811,6,Big,Red
20260527099992810,1,Small,Green
20260527099992809,2,Small,Red
20260527099992808,4,Small,Red
20260527099992807,5,Big,Green Violet
20260527099992806,3,Small,Green
20260527099992805,6,Big,Red
20260527099992804,0,Small,Red Violet
20260527099992803,0,Small,Red Violet
20260527099992802,2,Small,Red
20260527099992801,0,Small,Red Violet
20260527099992800,9,Big,Green
20260527099992799,2,Small,Red
20260527099992798,7,Big,Green
20260527099992797,7,Big,Green
20260527099992796,4,Small,Red
20260527099992795,0,Small,Red Violet
20260527099992794,7,Big,Green
20260527099992793,3,Small,Green
20260527099992792,5,Big,Green Violet
20260527099992791,1,Small,Green
20260527099992790,5,Big,Green Violet
20260527099992789,0,Small,Red Violet
20260527099992788,6,Big,Red
20260527099992787,7,Big,Green
20260527099992786,6,Big,Red
20260527099992785,3,Small,Green
20260527099992784,7,Big,Green
20260527099992783,8,Big,Red
20260527099992782,8,Big,Red
20260527099992781,9,Big,Green
20260527099992780,4,Small,Red
20260527099992779,8,Big,Red
20260527099992778,8,Big,Red
20260527099992777,6,Big,Red
20260527099992776,0,Small,Red Violet
20260527099992775,3,Small,Green
20260527099992774,5,Big,Green Violet
20260527099992773,7,Big,Green
20260527099992772,5,Big,Green Violet
20260527099992771,8,Big,Red
20260527099992770,6,Big,Red
20260527099992769,9,Big,Green
20260527099992768,5,Big,Green Violet
20260527099992767,7,Big,Green
20260527099992766,7,Big,Green
20260527099992765,3,Small,Green
20260527099992764,5,Big,Green Violet
20260527099992763,0,Small,Red Violet
20260527099992762,4,Small,Red
20260527099992761,0,Small,Red Violet
20260527099992760,9,Big,Green
20260527099992759,3,Small,Green
20260527099992758,8,Big,Red
20260527099992757,1,Small,Green
20260527099992756,0,Small,Red Violet
20260527099992755,0,Small,Red Violet
20260527099992754,2,Small,Red
20260527099992753,6,Big,Red
20260527099992752,7,Big,Green
20260527099992751,6,Big,Red
20260527099992750,8,Big,Red
20260527099992749,8,Big,Red
20260527099992748,8,Big,Red
20260527099992747,7,Big,Green
20260527099992746,3,Small,Green
20260527099992745,4,Small,Red
20260527099992744,7,Big,Green
20260527099992743,7,Big,Green
20260527099992742,6,Big,Red
20260527099992741,3,Small,Green
20260527099992740,5,Big,Green Violet
20260527099992739,7,Big,Green
20260527099992738,6,Big,Red
20260527099992737,9,Big,Green
20260527099992736,3,Small,Green
20260527099992735,5,Big,Green Violet
20260527099992734,8,Big,Red
20260527099992733,5,Big,Green Violet
20260527099992732,8,Big,Red
20260527099992731,6,Big,Red
20260527099992730,0,Small,Red Violet
20260527099992729,9,Big,Green
20260527099992728,0,Small,Red Violet
20260527099992727,9,Big,Green
20260527099992726,8,Big,Red
20260527099992725,1,Small,Green
20260527099992724,0,Small,Red Violet
20260527099992723,5,Big,Green Violet
20260527099992722,0,Small,Red Violet
20260527099992721,6,Big,Red
20260527099992720,0,Small,Red Violet
20260527099992719,1,Small,Green
20260527099992718,9,Big,Green
20260527099992717,0,Small,Red Violet
20260527099992716,3,Small,Green
20260527099992715,7,Big,Green
20260527099992714,1,Small,Green
20260527099992713,7,Big,Green
20260527099992712,8,Big,Red
20260527099992711,6,Big,Red
20260527099992710,3,Small,Green
20260527099992709,2,Small,Red
20260527099992708,9,Big,Green
20260527099992707,3,Small,Green
20260527099992706,6,Big,Red
20260527099992705,2,Small,Red
20260527099992704,5,Big,Green Violet
20260527099992703,6,Big,Red
20260527099992702,8,Big,Red
20260527099992701,8,Big,Red
20260527099992700,8,Big,Red
20260527099992699,0,Small,Red Violet
20260527099992698,1,Small,Green
20260527099992697,0,Small,Red Violet
20260527099992696,9,Big,Green
20260527099992695,7,Big,Green
20260527099992694,6,Big,Red
20260527099992693,1,Small,Green
20260527099992692,5,Big,Green Violet
20260527099992691,1,Small,Green
20260527099992690,3,Small,Green
20260527099992689,3,Small,Green
20260527099992688,0,Small,Red Violet
20260527099992687,6,Big,Red
20260527099992686,2,Small,Red
20260527099992685,3,Small,Green
20260527099992684,7,Big,Green
20260527099992683,2,Small,Red
20260527099992682,1,Small,Green
20260527099992681,1,Small,Green
20260527099992680,1,Small,Green
20260527099992679,9,Big,Green
20260527099992678,9,Big,Green
20260527099992677,0,Small,Red Violet
20260527099992676,3,Small,Green
20260527099992675,1,Small,Green
20260527099992674,0,Small,Red Violet
20260527099992673,6,Big,Red
20260527099992672,7,Big,Green
20260527099992671,0,Small,Red Violet
20260527099992670,5,Big,Green Violet
20260527099992669,9,Big,Green
20260527099992668,1,Small,Green
20260527099992667,2,Small,Red
20260527099992666,1,Small,Green
20260527099992665,0,Small,Red Violet
20260527099992664,0,Small,Red Violet
20260527099992663,4,Small,Red
20260527099992662,9,Big,Green
20260527099992661,9,Big,Green
20260527099992660,3,Small,Green
20260527099992659,2,Small,Red
20260527099992658,7,Big,Green
20260527099992657,1,Small,Green
20260527099992656,6,Big,Red
20260527099992655,9,Big,Green
20260527099992654,8,Big,Red
20260527099992653,0,Small,Red Violet
20260527099992652,1,Small,Green
20260527099992651,6,Big,Red
20260527099992650,5,Big,Green Violet
20260527099992649,4,Small,Red
20260527099992648,3,Small,Green
20260527099992647,5,Big,Green Violet
20260527099992646,9,Big,Green
20260527099992645,9,Big,Green
20260527099992644,2,Small,Red
20260527099992643,2,Small,Red
20260527099992642,1,Small,Green
20260527099992641,3,Small,Green
20260527099992640,2,Small,Red
20260527099992639,3,Small,Green
20260527099992638,0,Small,Red Violet
20260527099992637,6,Big,Red
20260527099992636,1,Small,Green
20260527099992635,4,Small,Red
20260527099992634,3,Small,Green
20260527099992633,0,Small,Red Violet
20260527099992632,8,Big,Red
20260527099992631,9,Big,Green
20260527099992630,8,Big,Red
20260527099992629,2,Small,Red
20260527099992628,6,Big,Red
20260527099992627,5,Big,Green Violet
20260527099992626,1,Small,Green
20260527099992625,8,Big,Red
20260527099992624,2,Small,Red
20260527099992623,5,Big,Green Violet
20260527099992622,0,Small,Red Violet
20260527099992621,2,Small,Red
20260527099992620,5,Big,Green Violet
20260527099992619,5,Big,Green Violet
20260527099992618,1,Small,Green
20260527099992617,0,Small,Red Violet
20260527099992616,0,Small,Red Violet
20260527099992615,5,Big,Green Violet
20260527099992614,1,Small,Green
20260527099992613,1,Small,Green
20260527099992612,5,Big,Green Violet
20260527099992611,4,Small,Red
20260527099992610,8,Big,Red
20260527099992609,0,Small,Red Violet
20260527099992608,0,Small,Red Violet
20260527099992607,2,Small,Red
20260527099992606,0,Small,Red Violet
20260527099992605,6,Big,Red
20260527099992604,2,Small,Red
20260527099992603,6,Big,Red
20260527099992602,6,Big,Red
20260527099992601,9,Big,Green
20260527099992600,9,Big,Green
20260527099992599,2,Small,Red
20260527099992598,8,Big,Red
20260527099992597,3,Small,Green
20260527099992596,8,Big,Red
20260527099992595,6,Big,Red
20260527099992594,4,Small,Red
20260527099992593,9,Big,Green
20260527099992592,0,Small,Red Violet
20260527099992591,4,Small,Red
20260527099992590,0,Small,Red Violet
20260527099992589,3,Small,Green
20260527099992588,9,Big,Green
20260527099992587,4,Small,Red
20260527099992586,1,Small,Green
20260527099992585,0,Small,Red Violet
20260527099992584,3,Small,Green
20260527099992583,0,Small,Red Violet
20260527099992582,6,Big,Red
20260527099992581,4,Small,Red
20260527099992580,2,Small,Red
20260527099992579,7,Big,Green
20260527099992578,6,Big,Red
20260527099992577,8,Big,Red
20260527099992576,8,Big,Red
20260527099992575,2,Small,Red
20260527099992574,3,Small,Green
20260527099992573,8,Big,Red
20260527099992572,8,Big,Red
20260527099992571,9,Big,Green
20260527099992570,4,Small,Red
20260527099992569,5,Big,Green Violet
20260527099992568,6,Big,Red
20260527099992567,8,Big,Red
20260527099992566,7,Big,Green
20260527099992565,6,Big,Red
20260527099992564,2,Small,Red
20260527099992563,3,Small,Green
20260527099992562,8,Big,Red
20260527099992561,2,Small,Red
20260527099992560,8,Big,Red
20260527099992559,7,Big,Green
20260527099992558,7,Big,Green
20260527099992557,8,Big,Red
20260527099992556,0,Small,Red Violet
20260527099992555,1,Small,Green
20260527099992554,8,Big,Red
20260527099992553,0,Small,Red Violet
20260527099992552,7,Big,Green
20260527099992551,7,Big,Green
20260527099992550,5,Big,Green Violet
20260527099992549,9,Big,Green
20260527099992548,7,Big,Green
20260527099992547,0,Small,Red Violet
20260527099992546,1,Small,Green
20260527099992545,9,Big,Green
20260527099992544,0,Small,Red Violet
20260527099992543,1,Small,Green
20260527099992542,7,Big,Green
20260527099992541,4,Small,Red
20260527099992540,1,Small,Green
20260527099992539,3,Small,Green
20260527099992538,8,Big,Red
20260527099992537,5,Big,Green Violet
20260527099992536,3,Small,Green
20260527099992535,3,Small,Green
20260527099992534,4,Small,Red
20260527099992533,2,Small,Red
20260527099992532,0,Small,Red Violet
20260527099992531,6,Big,Red
20260527099992530,8,Big,Red
20260527099992529,1,Small,Green
20260527099992528,9,Big,Green
20260527099992527,2,Small,Red
20260527099992526,1,Small,Green
20260527099992525,6,Big,Red
20260527099992524,2,Small,Red
20260527099992523,6,Big,Red
20260527099992522,9,Big,Green
20260527099992521,6,Big,Red
20260527099992520,9,Big,Green
20260527099992519,9,Big,Green
20260527099992518,7,Big,Green
20260527099992517,3,Small,Green
20260527099992516,7,Big,Green
20260527099992515,1,Small,Green
20260527099992514,4,Small,Red
20260527099992513,0,Small,Red Violet
20260527099992512,5,Big,Green Violet
20260527099992511,8,Big,Red
20260527099992510,6,Big,Red
20260527099992509,8,Big,Red
20260527099992508,5,Big,Green Violet
20260527099992507,4,Small,Red
20260527099992506,3,Small,Green
20260527099992505,9,Big,Green
20260527099992504,4,Small,Red
20260527099992503,0,Small,Red Violet
20260527099992502,5,Big,Green Violet
20260527099992501,0,Small,Red Violet
20260527099992500,3,Small,Green
20260527099992499,7,Big,Green
20260527099992498,1,Small,Green
20260527099992497,5,Big,Green Violet
20260527099992496,1,Small,Green
20260527099992495,7,Big,Green
20260527099992494,6,Big,Red
20260527099992493,7,Big,Green
20260527099992492,3,Small,Green
20260527099992491,7,Big,Green
20260527099992490,4,Small,Red
20260527099992489,1,Small,Green
20260527099992488,7,Big,Green
20260527099992487,4,Small,Red
20260527099992486,3,Small,Green
20260527099992485,4,Small,Red
20260527099992484,7,Big,Green
20260527099992483,8,Big,Red
20260527099992482,1,Small,Green
20260527099992481,1,Small,Green
20260527099992480,1,Small,Green
20260527099992479,1,Small,Green
20260527099992478,2,Small,Red
20260527099992477,9,Big,Green
20260527099992476,7,Big,Green
20260527099992475,9,Big,Green
20260527099992474,3,Small,Green
20260527099992473,4,Small,Red
20260527099992472,6,Big,Red
20260527099992471,1,Small,Green
20260527099992470,0,Small,Red Violet
20260527099992469,0,Small,Red Violet
20260527099992468,8,Big,Red
20260527099992467,7,Big,Green
20260527099992466,0,Small,Red Violet
20260527099992465,3,Small,Green
20260527099992464,3,Small,Green
20260527099992463,9,Big,Green
20260527099992462,0,Small,Red Violet
20260527099992461,2,Small,Red
20260527099992460,6,Big,Red
20260527099992459,3,Small,Green
20260527099992458,8,Big,Red
20260527099992457,3,Small,Green
20260527099992456,2,Small,Red
20260527099992455,3,Small,Green
20260527099992454,0,Small,Red Violet
20260527099992453,9,Big,Green
20260527099992452,2,Small,Red
20260527099992451,8,Big,Red
20260527099992450,3,Small,Green
20260527099992449,5,Big,Green Violet
20260527099992448,2,Small,Red
20260527099992447,3,Small,Green
20260527099992446,0,Small,Red Violet
20260527099992445,4,Small,Red
20260527099992444,1,Small,Green
20260527099992443,3,Small,Green
20260527099992442,1,Small,Green
20260527099992441,7,Big,Green
20260527099992440,5,Big,Green Violet
20260527099992439,3,Small,Green
20260527099992438,3,Small,Green
20260527099992437,9,Big,Green
20260527099992436,4,Small,Red
20260527099992435,2,Small,Red
20260527099992434,8,Big,Red
20260527099992433,9,Big,Green
20260527099992432,6,Big,Red
20260527099992431,3,Small,Green
20260527099992430,2,Small,Red
20260527099992429,8,Big,Red
20260527099992428,7,Big,Green
20260527099992427,4,Small,Red
20260527099992426,7,Big,Green
20260527099992425,6,Big,Red
20260527099992424,2,Small,Red
20260527099992423,4,Small,Red
20260527099992422,7,Big,Green
20260527099992421,6,Big,Red
20260527099992420,4,Small,Red
20260527099992419,9,Big,Green
20260527099992418,6,Big,Red
20260527099992417,9,Big,Green
20260527099992416,6,Big,Red
20260527099992415,0,Small,Red Violet
20260527099992414,8,Big,Red
20260527099992413,0,Small,Red Violet
20260527099992412,4,Small,Red
20260527099992411,1,Small,Green
20260527099992410,7,Big,Green
20260527099992409,8,Big,Red
20260527099992408,5,Big,Green Violet
20260527099992407,9,Big,Green
20260527099992406,7,Big,Green
20260527099992405,8,Big,Red
20260527099992404,6,Big,Red
20260527099992403,2,Small,Red
20260527099992402,2,Small,Red
20260527099992401,3,Small,Green
20260527099992400,3,Small,Green
20260527099992399,0,Small,Red Violet
20260527099992398,7,Big,Green
20260527099992397,5,Big,Green Violet
20260527099992396,1,Small,Green
20260527099992395,6,Big,Red
20260527099992394,8,Big,Red
20260527099992393,6,Big,Red
20260527099992392,7,Big,Green
20260527099992391,0,Small,Red Violet
20260527099992390,8,Big,Red
20260527099992389,9,Big,Green
20260527099992388,7,Big,Green
20260527099992387,1,Small,Green
20260527099992386,0,Small,Red Violet
20260527099992385,6,Big,Red
20260527099992384,3,Small,Green
20260527099992383,0,Small,Red Violet
20260527099992382,2,Small,Red
20260527099992381,6,Big,Red
20260527099992380,2,Small,Red
20260527099992379,7,Big,Green
20260527099992378,8,Big,Red
20260527099992377,4,Small,Red
20260527099992376,7,Big,Green
20260527099992375,5,Big,Green Violet
20260527099992374,2,Small,Red
20260527099992373,2,Small,Red
20260527099992372,2,Small,Red
20260527099992371,5,Big,Green Violet
20260527099992370,0,Small,Red Violet
20260527099992369,4,Small,Red
20260527099992368,5,Big,Green Violet
20260527099992367,0,Small,Red Violet
20260527099992366,7,Big,Green
20260527099992365,9,Big,Green
20260527099992364,0,Small,Red Violet
20260527099992363,0,Small,Red Violet
20260527099992362,3,Small,Green
20260527099992361,6,Big,Red
20260527099992360,3,Small,Green
20260527099992359,6,Big,Red
20260527099992358,9,Big,Green
20260527099992357,7,Big,Green
20260527099992356,4,Small,Red
20260527099992355,5,Big,Green Violet
20260527099992354,2,Small,Red
20260527099992353,6,Big,Red
20260527099992352,2,Small,Red
20260527099992351,7,Big,Green
20260527099992350,0,Small,Red Violet
20260527099992349,4,Small,Red
20260527099992348,3,Small,Green
20260527099992347,0,Small,Red Violet
20260527099992346,5,Big,Green Violet
20260527099992345,5,Big,Green Violet
20260527099992344,2,Small,Red
20260527099992343,6,Big,Red
20260527099992342,6,Big,Red
20260527099992341,5,Big,Green Violet
20260527099992340,3,Small,Green
20260527099992339,4,Small,Red
20260527099992338,6,Big,Red
20260527099992337,1,Small,Green
20260527099992336,2,Small,Red
20260527099992335,1,Small,Green
20260527099992334,4,Small,Red
20260527099992333,1,Small,Green
20260527099992332,9,Big,Green
20260527099992331,1,Small,Green
20260527099992330,1,Small,Green
20260527099992329,4,Small,Red
20260527099992328,7,Big,Green
20260527099992327,2,Small,Red
20260527099992326,5,Big,Green Violet
20260527099992325,7,Big,Green
20260527099992324,8,Big,Red
20260527099992323,6,Big,Red
20260527099992322,3,Small,Green
20260527099992321,3,Small,Green
20260527099992320,5,Big,Green Violet
20260527099992319,8,Big,Red
20260527099992318,4,Small,Red
20260527099992317,0,Small,Red Violet
20260527099992316,5,Big,Green Violet
20260527099992315,7,Big,Green
20260527099992314,7,Big,Green
20260527099992313,7,Big,Green
20260527099992312,3,Small,Green
20260527099992311,9,Big,Green
20260527099992310,5,Big,Green Violet
20260527099992309,2,Small,Red
20260527099992308,0,Small,Red Violet
20260527099992307,3,Small,Green
20260527099992306,9,Big,Green
20260527099992305,3,Small,Green
20260527099992304,0,Small,Red Violet
20260527099992303,3,Small,Green
20260527099992302,4,Small,Red
20260527099992301,0,Small,Red Violet
20260527099992300,1,Small,Green
20260527099992299,6,Big,Red
20260527099992298,6,Big,Red
20260527099992297,3,Small,Green
20260527099992296,0,Small,Red Violet
20260527099992295,8,Big,Red
20260527099992294,6,Big,Red
20260527099992293,6,Big,Red
20260527099992292,0,Small,Red Violet
20260527099992291,6,Big,Red
20260527099992290,0,Small,Red Violet
20260527099992289,4,Small,Red
20260527099992288,3,Small,Green
20260527099992287,9,Big,Green
20260527099992286,1,Small,Green
20260527099992285,6,Big,Red
20260527099992284,7,Big,Green
20260527099992283,6,Big,Red
20260527099992282,3,Small,Green
20260527099992281,1,Small,Green
20260527099992280,4,Small,Red
20260527099992279,9,Big,Green
20260527099992278,5,Big,Green Violet
20260527099992277,9,Big,Green
20260527099992276,6,Big,Red
20260527099992275,8,Big,Red
20260527099992274,3,Small,Green
20260527099992273,8,Big,Red
20260527099992272,5,Big,Green Violet
20260527099992271,7,Big,Green
20260527099992270,1,Small,Green
20260527099992269,8,Big,Red
20260527099992268,4,Small,Red
20260527099992267,2,Small,Red
20260527099992266,4,Small,Red
20260527099992265,5,Big,Green Violet
20260527099992264,5,Big,Green Violet
20260527099992263,0,Small,Red Violet
20260527099992262,7,Big,Green
20260527099992261,7,Big,Green
20260527099992260,3,Small,Green
20260527099992259,3,Small,Green
20260527099992258,0,Small,Red Violet
20260527099992257,6,Big,Red
20260527099992256,5,Big,Green Violet
20260527099992255,5,Big,Green Violet
20260527099992254,1,Small,Green
20260527099992253,9,Big,Green
20260527099992252,4,Small,Red
20260527099992251,3,Small,Green
20260527099992250,2,Small,Red
20260527099992249,2,Small,Red
20260527099992248,6,Big,Red
20260527099992247,2,Small,Red
20260527099992246,0,Small,Red Violet
20260527099992245,5,Big,Green Violet
20260527099992244,1,Small,Green
20260527099992243,2,Small,Red
20260527099992242,9,Big,Green
20260527099992241,5,Big,Green Violet
20260527099992240,0,Small,Red Violet
20260527099992239,7,Big,Green
20260527099992238,1,Small,Green
20260527099992237,3,Small,Green
20260527099992236,3,Small,Green
20260527099992235,4,Small,Red
20260527099992234,2,Small,Red
20260527099992233,3,Small,Green
20260527099992232,0,Small,Red Violet
20260527099992231,1,Small,Green
20260527099992230,7,Big,Green
20260527099992229,0,Small,Red Violet
20260527099992228,8,Big,Red
20260527099992227,9,Big,Green
20260527099992226,3,Small,Green
20260527099992225,1,Small,Green
20260527099992224,9,Big,Green
20260527099992223,8,Big,Red
20260527099992222,3,Small,Green
20260527099992221,9,Big,Green
20260527099992220,5,Big,Green Violet
20260527099992219,2,Small,Red
20260527099992218,3,Small,Green
20260527099992217,6,Big,Red
20260527099992216,6,Big,Red
20260527099992215,7,Big,Green
20260527099992214,0,Small,Red Violet
20260527099992213,9,Big,Green
20260527099992212,4,Small,Red
20260527099992211,8,Big,Red
20260527099992210,9,Big,Green
20260527099992209,5,Big,Green Violet
20260527099992208,6,Big,Red
20260527099992207,0,Small,Red Violet
20260527099992206,4,Small,Red
20260527099992205,2,Small,Red
20260527099992204,4,Small,Red
20260527099992203,6,Big,Red
20260527099992202,1,Small,Green
20260527099992201,7,Big,Green
20260527099992200,1,Small,Green
20260527099992199,2,Small,Red
20260527099992198,7,Big,Green
20260527099992197,5,Big,Green Violet
20260527099992196,6,Big,Red
20260527099992195,3,Small,Green
20260527099992194,9,Big,Green
20260527099992193,7,Big,Green
20260527099992192,3,Small,Green
20260527099992191,1,Small,Green
20260527099992190,6,Big,Red
20260527099992189,7,Big,Green
20260527099992188,3,Small,Green
20260527099992187,6,Big,Red
20260527099992186,8,Big,Red
20260527099992185,6,Big,Red
20260527099992184,5,Big,Green Violet
20260527099992183,0,Small,Red Violet
20260527099992182,7,Big,Green
20260527099992181,9,Big,Green
20260527099992180,7,Big,Green
20260527099992179,9,Big,Green
20260527099992178,9,Big,Green
20260527099992177,3,Small,Green
20260527099992176,3,Small,Green
20260527099992175,9,Big,Green
20260527099992174,7,Big,Green
20260527099992173,7,Big,Green
20260527099992172,5,Big,Green Violet
20260527099992171,6,Big,Red
20260527099992170,0,Small,Red Violet
20260527099992169,2,Small,Red
20260527099992168,3,Small,Green
20260527099992167,9,Big,Green
20260527099992166,0,Small,Red Violet
20260527099992165,5,Big,Green Violet
20260527099992164,7,Big,Green
20260527099992163,9,Big,Green
20260527099992162,5,Big,Green Violet
20260527099992161,2,Small,Red
20260527099992160,6,Big,Red
20260527099992159,0,Small,Red Violet
20260527099992158,2,Small,Red
20260527099992157,7,Big,Green
20260527099992156,1,Small,Green
20260527099992155,1,Small,Green
20260527099992154,5,Big,Green Violet
20260527099992153,0,Small,Red Violet
20260527099992152,6,Big,Red
20260527099992151,3,Small,Green
20260527099992150,6,Big,Red
20260527099992149,2,Small,Red
20260527099992148,2,Small,Red
20260527099992147,9,Big,Green
20260527099992146,1,Small,Green
20260527099992145,6,Big,Red
20260527099992144,8,Big,Red
20260527099992143,6,Big,Red
20260527099992142,0,Small,Red Violet
20260527099992141,9,Big,Green
20260527099992140,4,Small,Red
20260527099992139,4,Small,Red
20260527099992138,4,Small,Red
20260527099992137,7,Big,Green
20260527099992136,5,Big,Green Violet
20260527099992135,2,Small,Red
20260527099992134,0,Small,Red Violet
20260527099992133,8,Big,Red
20260527099992132,6,Big,Red
20260527099992131,6,Big,Red
20260527099992130,7,Big,Green
20260527099992129,8,Big,Red
20260527099992128,4,Small,Red
20260527099992127,3,Small,Green
20260527099992126,0,Small,Red Violet
20260527099992125,7,Big,Green
20260527099992124,8,Big,Red
20260527099992123,4,Small,Red
20260527099992122,2,Small,Red
20260527099992121,3,Small,Green
20260527099992120,1,Small,Green
20260527099992119,2,Small,Red
20260527099992118,2,Small,Red
20260527099992117,9,Big,Green
20260527099992116,1,Small,Green
20260527099992115,4,Small,Red
20260527099992114,6,Big,Red
20260527099992113,8,Big,Red
20260527099992112,9,Big,Green
20260527099992111,5,Big,Green Violet
20260527099992110,1,Small,Green
20260527099992109,2,Small,Red
20260527099992108,0,Small,Red Violet
20260527099992107,0,Small,Red Violet
20260527099992106,7,Big,Green
20260527099992105,8,Big,Red
20260527099992104,9,Big,Green
20260527099992103,8,Big,Red
20260527099992102,9,Big,Green
20260527099992101,9,Big,Green
20260527099992100,8,Big,Red
20260527099992099,7,Big,Green
20260527099992098,9,Big,Green
20260527099992097,9,Big,Green
20260527099992096,6,Big,Red
20260527099992095,4,Small,Red
20260527099992094,5,Big,Green Violet
20260527099992093,3,Small,Green
20260527099992092,0,Small,Red Violet
20260527099992091,9,Big,Green
20260527099992090,6,Big,Red
20260527099992089,8,Big,Red
20260527099992088,4,Small,Red
20260527099992087,9,Big,Green
20260527099992086,7,Big,Green
20260527099992085,9,Big,Green
20260527099992084,6,Big,Red
20260527099992083,8,Big,Red
20260527099992082,9,Big,Green
20260527099992081,5,Big,Green Violet
20260527099992080,1,Small,Green
20260527099992079,3,Small,Green
20260527099992078,2,Small,Red
20260527099992077,5,Big,Green Violet
20260527099992076,2,Small,Red
20260527099992075,5,Big,Green Violet
20260527099992074,1,Small,Green
20260527099992073,1,Small,Green
20260527099992072,7,Big,Green
20260527099992071,1,Small,Green
20260527099992070,2,Small,Red
20260527099992069,2,Small,Red
20260527099992068,2,Small,Red
20260527099992067,0,Small,Red Violet
20260527099992066,9,Big,Green
20260527099992065,4,Small,Red
20260527099992064,6,Big,Red
20260527099992063,4,Small,Red
20260527099992062,5,Big,Green Violet
20260527099992061,5,Big,Green Violet
20260527099992060,7,Big,Green
20260527099992059,6,Big,Red
20260527099992058,1,Small,Green
20260527099992057,1,Small,Green
20260527099992056,3,Small,Green
20260527099992055,6,Big,Red
20260527099992054,5,Big,Green Violet
20260527099992053,3,Small,Green
20260527099992052,1,Small,Green
20260527099992051,5,Big,Green Violet
20260527099992050,1,Small,Green
20260527099992049,3,Small,Green
20260527099992048,2,Small,Red
20260527099992047,6,Big,Red
20260527099992046,4,Small,Red
20260527099992045,9,Big,Green
20260527099992044,9,Big,Green
20260527099992043,0,Small,Red Violet
20260527099992042,2,Small,Red
20260527099992041,6,Big,Red
20260527099992040,9,Big,Green
20260527099992039,4,Small,Red
20260527099992038,5,Big,Green Violet
20260527099992037,5,Big,Green Violet
20260527099992036,8,Big,Red
20260527099992035,9,Big,Green
20260527099992034,1,Small,Green
20260527099992033,3,Small,Green
20260527099992032,6,Big,Red
20260527099992031,6,Big,Red
20260527099992030,5,Big,Green Violet
20260527099992029,1,Small,Green
20260527099992028,8,Big,Red
20260527099992027,3,Small,Green
20260527099992026,5,Big,Green Violet
20260527099992025,8,Big,Red
20260527099992024,9,Big,Green
20260527099992023,4,Small,Red
20260527099992022,2,Small,Red
20260527099992021,9,Big,Green
20260527099992020,4,Small,Red
20260527099992019,4,Small,Red
20260527099992018,9,Big,Green
20260527099992017,4,Small,Red
20260527099992016,6,Big,Red
20260527099992015,3,Small,Green
20260527099992014,8,Big,Red
20260527099992013,1,Small,Green
20260527099992012,7,Big,Green
20260527099992011,0,Small,Red Violet
20260527099992010,4,Small,Red
20260527099992009,3,Small,Green
20260527099992008,6,Big,Red
20260527099992007,0,Small,Red Violet
20260527099992006,7,Big,Green
20260527099992005,8,Big,Red
20260527099992004,8,Big,Red
20260527099992003,8,Big,Red
20260527099992002,2,Small,Red
20260527099992001,7,Big,Green
20260527099992000,3,Small,Green
20260527099991999,4,Small,Red
20260527099991998,9,Big,Green
20260527099991997,5,Big,Green Violet
20260527099991996,3,Small,Green
20260527099991995,2,Small,Red
20260527099991994,1,Small,Green
20260527099991993,2,Small,Red
20260527099991992,1,Small,Green
20260527099991991,9,Big,Green
20260527099991990,8,Big,Red
20260527099991989,2,Small,Red
20260527099991988,3,Small,Green
20260527099991987,8,Big,Red
20260527099991986,5,Big,Green Violet
20260527099991985,9,Big,Green
20260527099991984,3,Small,Green
20260527099991983,5,Big,Green Violet
20260527099991982,1,Small,Green
20260527099991981,4,Small,Red
20260527099991980,9,Big,Green
20260527099991979,0,Small,Red Violet
20260527099991978,7,Big,Green
20260527099991977,4,Small,Red
20260527099991976,1,Small,Green
20260527099991975,3,Small,Green
20260527099991974,8,Big,Red
20260527099991973,7,Big,Green
20260527099991972,9,Big,Green
20260527099991971,5,Big,Green Violet
20260527099991970,1,Small,Green
20260527099991969,4,Small,Red
20260527099991968,6,Big,Red
20260527099991967,1,Small,Green
20260527099991966,0,Small,Red Violet
20260527099991965,0,Small,Red Violet
20260527099991964,7,Big,Green
20260527099991963,0,Small,Red Violet
20260527099991962,7,Big,Green
20260527099991961,0,Small,Red Violet
20260527099991960,3,Small,Green
20260527099991959,4,Small,Red
20260527099991958,5,Big,Green Violet
20260527099991957,8,Big,Red
20260527099991956,9,Big,Green
20260527099991955,3,Small,Green
20260527099991954,4,Small,Red
20260527099991953,0,Small,Red Violet
20260527099991952,0,Small,Red Violet
20260527099991951,4,Small,Red
20260527099991950,7,Big,Green
20260527099991949,1,Small,Green
20260527099991948,1,Small,Green
20260527099991947,3,Small,Green
20260527099991946,1,Small,Green
20260527099991945,9,Big,Green
20260527099991944,0,Small,Red Violet
20260527099991943,8,Big,Red
20260527099991942,5,Big,Green Violet
20260527099991941,7,Big,Green
20260527099991940,2,Small,Red
20260527099991939,6,Big,Red
20260527099991938,0,Small,Red Violet
20260527099991937,9,Big,Green
20260527099991936,3,Small,Green
20260527099991935,8,Big,Red
20260527099991934,1,Small,Green
20260527099991933,0,Small,Red Violet
20260527099991932,3,Small,Green
20260527099991931,3,Small,Green
20260527099991930,7,Big,Green
20260527099991929,6,Big,Red
20260527099991928,2,Small,Red
20260527099991927,1,Small,Green
20260527099991926,6,Big,Red
20260527099991925,9,Big,Green
20260527099991924,2,Small,Red
20260527099991923,9,Big,Green
20260527099991922,5,Big,Green Violet
20260527099991921,3,Small,Green
20260527099991920,0,Small,Red Violet
20260527099991919,9,Big,Green
20260527099991918,9,Big,Green
20260527099991917,6,Big,Red
20260527099991916,0,Small,Red Violet
20260527099991915,9,Big,Green
20260527099991914,5,Big,Green Violet
20260527099991913,3,Small,Green
20260527099991912,8,Big,Red
20260527099991911,8,Big,Red
20260527099991910,7,Big,Green
20260527099991909,0,Small,Red Violet
20260527099991908,1,Small,Green
20260527099991907,2,Small,Red
20260527099991906,8,Big,Red
20260527099991905,7,Big,Green
20260527099991904,7,Big,Green
20260527099991903,6,Big,Red
20260527099991902,0,Small,Red Violet
20260527099991901,8,Big,Red
20260527099991900,9,Big,Green
20260527099991899,6,Big,Red
20260527099991898,4,Small,Red
20260527099991897,3,Small,Green
20260527099991896,2,Small,Red
20260527099991895,4,Small,Red
20260527099991894,7,Big,Green
20260527099991893,1,Small,Green
20260527099991892,7,Big,Green
20260527099991891,4,Small,Red
20260527099991890,4,Small,Red
20260527099991889,1,Small,Green
20260527099991888,6,Big,Red
20260527099991887,8,Big,Red
20260527099991886,7,Big,Green
20260527099991885,2,Small,Red
20260527099991884,3,Small,Green
20260527099991883,4,Small,Red
20260527099991882,7,Big,Green
20260527099991881,5,Big,Green Violet
20260527099991880,7,Big,Green
20260527099991879,5,Big,Green Violet
20260527099991878,5,Big,Green Violet
20260527099991877,0,Small,Red Violet
20260527099991876,1,Small,Green
20260527099991875,5,Big,Green Violet
20260527099991874,5,Big,Green Violet
20260527099991873,4,Small,Red
20260527099991872,6,Big,Red
20260527099991871,9,Big,Green
20260527099991870,5,Big,Green Violet
20260527099991869,3,Small,Green
20260527099991868,9,Big,Green
20260527099991867,0,Small,Red Violet
20260527099991866,4,Small,Red
20260527099991865,2,Small,Red
20260527099991864,3,Small,Green
20260527099991863,4,Small,Red
20260527099991862,2,Small,Red
20260527099991861,4,Small,Red
20260527099991860,2,Small,Red
20260527099991859,6,Big,Red
20260527099991858,4,Small,Red
20260527099991857,5,Big,Green Violet
20260527099991856,3,Small,Green
20260527099991855,6,Big,Red
20260527099991854,8,Big,Red
20260527099991853,7,Big,Green
20260527099991852,9,Big,Green
20260527099991851,0,Small,Red Violet
20260527099991850,1,Small,Green
20260527099991849,3,Small,Green
20260527099991848,8,Big,Red
20260527099991847,6,Big,Red
20260527099991846,6,Big,Red
20260527099991845,6,Big,Red
20260527099991844,4,Small,Red
20260527099991843,9,Big,Green
20260527099991842,0,Small,Red Violet
20260527099991841,0,Small,Red Violet
20260527099991840,9,Big,Green
20260527099991839,0,Small,Red Violet
20260527099991838,8,Big,Red
20260527099991837,3,Small,Green
20260527099991836,5,Big,Green Violet
20260527099991835,5,Big,Green Violet
20260527099991834,8,Big,Red
20260527099991833,9,Big,Green
20260527099991832,3,Small,Green
20260527099991831,9,Big,Green
20260527099991830,9,Big,Green
20260527099991829,0,Small,Red Violet
20260527099991828,3,Small,Green
20260527099991827,4,Small,Red
20260527099991826,3,Small,Green
20260527099991825,1,Small,Green
20260527099991824,1,Small,Green
20260527099991823,8,Big,Red
20260527099991822,8,Big,Red
20260527099991821,8,Big,Red
20260527099991820,2,Small,Red
20260527099991819,3,Small,Green
20260527099991818,9,Big,Green
20260527099991817,2,Small,Red
20260527099991816,4,Small,Red
20260527099991815,3,Small,Green
20260527099991814,9,Big,Green
20260527099991813,6,Big,Red
20260527099991812,0,Small,Red Violet
20260527099991811,4,Small,Red
20260527099991810,5,Big,Green Violet
20260527099991809,8,Big,Red
20260527099991808,5,Big,Green Violet
20260527099991807,7,Big,Green
20260527099991806,8,Big,Red
20260527099991805,7,Big,Green
20260527099991804,2,Small,Red
20260527099991803,4,Small,Red
20260527099991802,9,Big,Green
20260527099991801,9,Big,Green
20260527099991800,4,Small,Red
20260527099991799,2,Small,Red
20260527099991798,2,Small,Red
20260527099991797,7,Big,Green
20260527099991796,3,Small,Green
20260527099991795,7,Big,Green
20260527099991794,4,Small,Red
20260527099991793,0,Small,Red Violet
20260527099991792,8,Big,Red
20260527099991791,9,Big,Green
20260527099991790,3,Small,Green
20260527099991789,5,Big,Green Violet
20260527099991788,3,Small,Green
20260527099991787,5,Big,Green Violet
20260527099991786,7,Big,Green
20260527099991785,8,Big,Red
20260527099991784,8,Big,Red
20260527099991783,1,Small,Green
20260527099991782,0,Small,Red Violet
20260527099991781,7,Big,Green
20260527099991780,6,Big,Red
20260527099991779,6,Big,Red
20260527099991778,7,Big,Green
20260527099991777,5,Big,Green Violet
20260527099991776,4,Small,Red
20260527099991775,2,Small,Red
20260527099991774,9,Big,Green
20260527099991773,1,Small,Green
20260527099991772,6,Big,Red
20260527099991771,0,Small,Red Violet
20260527099991770,7,Big,Green
20260527099991769,5,Big,Green Violet
20260527099991768,6,Big,Red
20260527099991767,7,Big,Green
20260527099991766,4,Small,Red
20260527099991765,5,Big,Green Violet
20260527099991764,4,Small,Red
20260527099991763,8,Big,Red
20260527099991762,0,Small,Red Violet
20260527099991761,3,Small,Green
20260527099991760,0,Small,Red Violet
20260527099991759,1,Small,Green
20260527099991758,9,Big,Green
20260527099991757,7,Big,Green
20260527099991756,4,Small,Red
20260527099991755,3,Small,Green
20260527099991754,6,Big,Red
20260527099991753,4,Small,Red
20260527099991752,9,Big,Green
20260527099991751,4,Small,Red
20260527099991750,5,Big,Green Violet
20260527099991749,4,Small,Red
20260527099991748,8,Big,Red
20260527099991747,5,Big,Green Violet
20260527099991746,5,Big,Green Violet
20260527099991745,7,Big,Green
20260527099991744,9,Big,Green
20260527099991743,3,Small,Green
20260527099991742,3,Small,Green
20260527099991741,7,Big,Green
20260527099991740,9,Big,Green
20260527099991739,7,Big,Green
20260527099991738,1,Small,Green
20260527099991737,9,Big,Green
20260527099991736,9,Big,Green
20260527099991735,6,Big,Red
20260527099991734,5,Big,Green Violet
20260527099991733,6,Big,Red
20260527099991732,7,Big,Green
20260527099991731,8,Big,Red
20260527099991730,7,Big,Green
20260527099991729,2,Small,Red
20260527099991728,7,Big,Green
20260527099991727,0,Small,Red Violet
20260527099991726,6,Big,Red
20260527099991725,2,Small,Red
20260527099991724,9,Big,Green
20260527099991723,4,Small,Red
20260527099991722,2,Small,Red
20260527099991721,2,Small,Red
20260527099991720,7,Big,Green
20260527099991719,3,Small,Green
20260527099991718,3,Small,Green
20260527099991717,5,Big,Green Violet
20260527099991716,8,Big,Red
20260527099991715,9,Big,Green
20260527099991714,2,Small,Red
20260527099991713,6,Big,Red
20260527099991712,7,Big,Green
20260527099991711,0,Small,Red Violet
20260527099991710,2,Small,Red
20260527099991709,2,Small,Red
20260527099991708,2,Small,Red
20260527099991707,3,Small,Green
20260527099991706,8,Big,Red
20260527099991705,9,Big,Green
20260527099991704,0,Small,Red Violet
20260527099991703,5,Big,Green Violet
20260527099991702,5,Big,Green Violet
20260527099991701,7,Big,Green
20260527099991700,7,Big,Green
20260527099991699,3,Small,Green
20260527099991698,1,Small,Green
20260527099991697,3,Small,Green
20260527099991696,8,Big,Red
20260527099991695,8,Big,Red
20260527099991694,1,Small,Green
20260527099991693,5,Big,Green Violet
20260527099991692,2,Small,Red
20260527099991691,1,Small,Green
20260527099991690,6,Big,Red
20260527099991689,1,Small,Green
20260527099991688,3,Small,Green
20260527099991687,1,Small,Green
20260527099991686,8,Big,Red
20260527099991685,0,Small,Red Violet
20260527099991684,1,Small,Green
20260527099991683,2,Small,Red
20260527099991682,3,Small,Green
20260527099991681,4,Small,Red
20260527099991680,9,Big,Green
20260527099991679,5,Big,Green Violet
20260527099991678,0,Small,Red Violet
20260527099991677,1,Small,Green
20260527099991676,4,Small,Red
20260527099991675,1,Small,Green
20260527099991674,8,Big,Red
20260527099991673,5,Big,Green Violet
20260527099991672,2,Small,Red
20260527099991671,6,Big,Red
20260527099991670,4,Small,Red
20260527099991669,5,Big,Green Violet
20260527099991668,8,Big,Red
20260527099991667,0,Small,Red Violet
20260527099991666,8,Big,Red
20260527099991665,7,Big,Green
20260527099991664,3,Small,Green
20260527099991663,9,Big,Green
20260527099991662,6,Big,Red
20260527099991661,7,Big,Green
20260527099991660,3,Small,Green
20260527099991659,2,Small,Red
20260527099991658,7,Big,Green
20260527099991657,5,Big,Green Violet
20260527099991656,6,Big,Red
20260527099991655,9,Big,Green
20260527099991654,4,Small,Red
20260527099991653,6,Big,Red
20260527099991652,6,Big,Red
20260527099991651,0,Small,Red Violet
20260527099991650,3,Small,Green
20260527099991649,6,Big,Red
20260527099991648,2,Small,Red
20260527099991647,0,Small,Red Violet
20260527099991646,6,Big,Red
20260527099991645,5,Big,Green Violet
20260527099991644,2,Small,Red
20260527099991643,4,Small,Red
20260527099991642,3,Small,Green
20260527099991641,7,Big,Green
20260527099991640,5,Big,Green Violet
20260527099991639,9,Big,Green
20260527099991638,9,Big,Green
20260527099991637,9,Big,Green
20260527099991636,4,Small,Red
20260527099991635,9,Big,Green
20260527099991634,4,Small,Red
20260527099991633,6,Big,Red
20260527099991632,7,Big,Green
20260527099991631,0,Small,Red Violet
20260527099991630,9,Big,Green
20260527099991629,7,Big,Green
20260527099991628,1,Small,Green
20260527099991627,7,Big,Green
20260527099991626,1,Small,Green
20260527099991625,1,Small,Green
20260527099991624,3,Small,Green
20260527099991623,2,Small,Red
20260527099991622,2,Small,Red
20260527099991621,1,Small,Green
20260527099991620,4,Small,Red
20260527099991619,8,Big,Red
20260527099991618,2,Small,Red
20260527099991617,0,Small,Red Violet
20260527099991616,4,Small,Red
20260527099991615,6,Big,Red
20260527099991614,9,Big,Green
20260527099991613,8,Big,Red
20260527099991612,9,Big,Green
20260527099991611,4,Small,Red
20260527099991610,3,Small,Green
20260527099991609,3,Small,Green
20260527099991608,7,Big,Green
20260527099991607,0,Small,Red Violet
20260527099991606,9,Big,Green
20260527099991605,3,Small,Green
20260527099991604,5,Big,Green Violet
20260527099991603,7,Big,Green
20260527099991602,8,Big,Red
20260527099991601,8,Big,Red
20260527099991600,1,Small,Green
20260527099991599,0,Small,Red Violet
20260527099991598,3,Small,Green
20260527099991597,9,Big,Green
20260527099991596,2,Small,Red
20260527099991595,4,Small,Red
20260527099991594,0,Small,Red Violet
20260527099991593,7,Big,Green
20260527099991592,5,Big,Green Violet
20260527099991591,8,Big,Red
20260527099991590,5,Big,Green Violet
20260527099991589,8,Big,Red
20260527099991588,7,Big,Green
20260527099991587,5,Big,Green Violet
20260527099991586,8,Big,Red
20260527099991585,6,Big,Red
20260527099991584,3,Small,Green
20260527099991583,1,Small,Green
20260527099991582,7,Big,Green
20260527099991581,9,Big,Green
20260527099991580,9,Big,Green
20260527099991579,4,Small,Red
20260527099991578,9,Big,Green
20260527099991577,0,Small,Red Violet
20260527099991576,6,Big,Red
20260527099991575,7,Big,Green
20260527099991574,6,Big,Red
20260527099991573,5,Big,Green Violet
20260527099991572,3,Small,Green
20260527099991571,6,Big,Red
20260527099991570,4,Small,Red
20260527099991569,6,Big,Red
20260527099991568,6,Big,Red
20260527099991567,4,Small,Red
20260527099991566,7,Big,Green
20260527099991565,9,Big,Green
20260527099991564,0,Small,Red Violet
20260527099991563,1,Small,Green
20260527099991562,3,Small,Green
20260527099991561,2,Small,Red
20260527099991560,2,Small,Red
20260527099991559,9,Big,Green
20260527099991558,0,Small,Red Violet
20260527099991557,0,Small,Red Violet
20260527099991556,1,Small,Green
20260527099991555,7,Big,Green
20260527099991554,3,Small,Green
20260527099991553,9,Big,Green
20260527099991552,2,Small,Red
20260527099991551,3,Small,Green
20260527099991550,0,Small,Red Violet
20260527099991549,3,Small,Green
20260527099991548,9,Big,Green
20260527099991547,0,Small,Red Violet
20260527099991546,3,Small,Green
20260527099991545,8,Big,Red
20260527099991544,5,Big,Green Violet
20260527099991543,5,Big,Green Violet
20260527099991542,3,Small,Green
20260527099991541,4,Small,Red
20260527099991540,0,Small,Red Violet
20260527099991539,3,Small,Green
20260527099991538,7,Big,Green
20260527099991537,0,Small,Red Violet
20260527099991536,0,Small,Red Violet
20260527099991535,9,Big,Green
20260527099991534,3,Small,Green
20260527099991533,8,Big,Red
20260527099991532,2,Small,Red
20260527099991531,6,Big,Red
20260527099991530,0,Small,Red Violet
20260527099991529,3,Small,Green
20260527099991528,2,Small,Red
20260527099991527,5,Big,Green Violet
20260527099991526,2,Small,Red
20260527099991525,0,Small,Red Violet
20260527099991524,0,Small,Red Violet
20260527099991523,4,Small,Red
20260527099991522,5,Big,Green Violet
20260527099991521,3,Small,Green
20260527099991520,2,Small,Red
20260527099991519,5,Big,Green Violet
20260527099991518,3,Small,Green
20260527099991517,5,Big,Green Violet
20260527099991516,1,Small,Green
20260527099991515,6,Big,Red
20260527099991514,2,Small,Red
20260527099991513,9,Big,Green
20260527099991512,3,Small,Green
20260527099991511,1,Small,Green
20260527099991510,7,Big,Green
20260527099991509,1,Small,Green
20260527099991508,0,Small,Red Violet
20260527099991507,7,Big,Green
20260527099991506,1,Small,Green
20260527099991505,8,Big,Red
20260527099991504,9,Big,Green
20260527099991503,9,Big,Green
20260527099991502,7,Big,Green
20260527099991501,4,Small,Red
20260527099991500,2,Small,Red
20260527099991499,9,Big,Green
20260527099991498,6,Big,Red
20260527099991497,6,Big,Red
20260527099991496,8,Big,Red
20260527099991495,2,Small,Red
20260527099991494,0,Small,Red Violet
20260527099991493,5,Big,Green Violet
20260527099991492,0,Small,Red Violet
20260527099991491,3,Small,Green
20260527099991490,9,Big,Green
20260527099991489,8,Big,Red
20260527099991488,9,Big,Green
20260527099991487,0,Small,Red Violet
20260527099991486,5,Big,Green Violet
20260527099991485,7,Big,Green
20260527099991484,6,Big,Red
20260527099991483,2,Small,Red
20260527099991482,5,Big,Green Violet
20260527099991481,2,Small,Red
20260527099991480,8,Big,Red
20260527099991479,5,Big,Green Violet
20260527099991478,0,Small,Red Violet
20260527099991477,8,Big,Red
20260527099991476,4,Small,Red
20260527099991475,1,Small,Green
20260527099991474,6,Big,Red
20260527099991473,7,Big,Green
20260527099991472,9,Big,Green
20260527099991471,3,Small,Green
20260527099991470,7,Big,Green
20260527099991469,0,Small,Red Violet
20260527099991468,7,Big,Green
20260527099991467,4,Small,Red
20260527099991466,9,Big,Green
20260527099991465,4,Small,Red
20260527099991464,6,Big,Red
20260527099991463,0,Small,Red Violet
20260527099991462,8,Big,Red
20260527099991461,8,Big,Red
20260527099991460,4,Small,Red
20260527099991459,9,Big,Green
20260527099991458,5,Big,Green Violet
20260527099991457,4,Small,Red
20260527099991456,0,Small,Red Violet
20260527099991455,4,Small,Red
20260527099991454,4,Small,Red
20260527099991453,7,Big,Green
20260527099991452,9,Big,Green
20260527099991451,8,Big,Red
20260527099991450,6,Big,Red
20260527099991449,9,Big,Green
20260527099991448,7,Big,Green
20260527099991447,9,Big,Green
20260527099991446,4,Small,Red
20260527099991445,2,Small,Red
20260527099991444,7,Big,Green
20260527099991443,2,Small,Red
20260527099991442,2,Small,Red
20260527099991441,7,Big,Green
20260527099991440,3,Small,Green
20260527099991439,4,Small,Red
20260527099991438,6,Big,Red
20260527099991437,5,Big,Green Violet
20260527099991436,5,Big,Green Violet
20260527099991435,7,Big,Green
20260527099991434,9,Big,Green
20260527099991433,0,Small,Red Violet
20260527099991432,5,Big,Green Violet
20260527099991431,6,Big,Red
20260527099991430,8,Big,Red
20260527099991429,8,Big,Red
20260527099991428,6,Big,Red
20260527099991427,7,Big,Green
20260527099991426,7,Big,Green
20260527099991425,6,Big,Red
20260527099991424,2,Small,Red
20260527099991423,2,Small,Red
20260527099991422,9,Big,Green
20260527099991421,5,Big,Green Violet
20260527099991420,5,Big,Green Violet
20260527099991419,4,Small,Red
20260527099991418,2,Small,Red
20260527099991417,7,Big,Green
20260527099991416,3,Small,Green
20260527099991415,8,Big,Red
20260527099991414,6,Big,Red
20260527099991413,7,Big,Green
20260527099991412,3,Small,Green
20260527099991411,1,Small,Green
20260527099991410,7,Big,Green
20260527099991409,9,Big,Green
20260527099991408,5,Big,Green Violet
20260527099991407,8,Big,Red
20260527099991406,4,Small,Red
20260527099991405,2,Small,Red
20260527099991404,8,Big,Red
20260527099991403,8,Big,Red
20260527099991402,4,Small,Red
20260527099991401,0,Small,Red Violet
20260527099991400,6,Big,Red
20260527099991399,7,Big,Green
20260527099991398,3,Small,Green
20260527099991397,3,Small,Green
20260527099991396,1,Small,Green
20260527099991395,1,Small,Green
20260527099991394,6,Big,Red
20260527099991393,8,Big,Red
20260527099991392,3,Small,Green
20260527099991391,9,Big,Green
20260527099991390,7,Big,Green
20260527099991389,7,Big,Green
20260527099991388,1,Small,Green
20260527099991387,5,Big,Green Violet
20260527099991386,6,Big,Red
20260527099991385,8,Big,Red
20260527099991384,4,Small,Red
20260527099991383,1,Small,Green
20260527099991382,2,Small,Red
20260527099991381,4,Small,Red
20260527099991380,1,Small,Green
20260527099991379,4,Small,Red
20260527099991378,4,Small,Red
20260527099991377,6,Big,Red
20260527099991376,4,Small,Red
20260527099991375,8,Big,Red
20260527099991374,9,Big,Green
20260527099991373,4,Small,Red
20260527099991372,1,Small,Green
20260527099991371,6,Big,Red
20260527099991370,8,Big,Red
20260527099991369,4,Small,Red
20260527099991368,1,Small,Green
20260527099991367,7,Big,Green
20260527099991366,8,Big,Red
20260527099991365,7,Big,Green
20260527099991364,7,Big,Green
20260527099991363,2,Small,Red
20260527099991362,1,Small,Green
20260527099991361,8,Big,Red
20260527099991360,1,Small,Green
20260527099991359,8,Big,Red
20260527099991358,9,Big,Green
20260527099991357,3,Small,Green
20260527099991356,5,Big,Green Violet
20260527099991355,3,Small,Green
20260527099991354,8,Big,Red
20260527099991353,2,Small,Red
20260527099991352,4,Small,Red
20260527099991351,0,Small,Red Violet
20260527099991350,9,Big,Green
20260527099991349,3,Small,Green
20260527099991348,1,Small,Green
20260527099991347,0,Small,Red Violet
20260527099991346,0,Small,Red Violet
20260527099991345,3,Small,Green
20260527099991344,4,Small,Red
20260527099991343,8,Big,Red
20260527099991342,9,Big,Green
20260527099991341,8,Big,Red
20260527099991340,6,Big,Red
20260527099991339,1,Small,Green
20260527099991338,0,Small,Red Violet
20260527099991337,1,Small,Green
20260527099991336,8,Big,Red
20260527099991335,2,Small,Red
20260527099991334,8,Big,Red
20260527099991333,3,Small,Green
20260527099991332,6,Big,Red
20260527099991331,9,Big,Green
20260527099991330,4,Small,Red
20260527099991329,2,Small,Red
20260527099991328,1,Small,Green
20260527099991327,3,Small,Green
20260527099991326,4,Small,Red
20260527099991325,8,Big,Red
20260527099991324,0,Small,Red Violet
20260527099991323,0,Small,Red Violet
20260527099991322,0,Small,Red Violet
20260527099991321,0,Small,Red Violet
20260527099991320,6,Big,Red
20260527099991319,1,Small,Green
20260527099991318,2,Small,Red
20260527099991317,9,Big,Green
20260527099991316,4,Small,Red
20260527099991315,2,Small,Red
20260527099991314,5,Big,Green Violet
20260527099991313,8,Big,Red
20260527099991312,1,Small,Green
20260527099991311,5,Big,Green Violet
20260527099991310,0,Small,Red Violet
20260527099991309,5,Big,Green Violet
20260527099991308,2,Small,Red
20260527099991307,9,Big,Green
20260527099991306,2,Small,Red
20260527099991305,8,Big,Red
20260527099991304,7,Big,Green
20260527099991303,7,Big,Green
20260527099991302,3,Small,Green
20260527099991301,8,Big,Red
20260527099991300,2,Small,Red
20260527099991299,3,Small,Green
20260527099991298,9,Big,Green
20260527099991297,3,Small,Green
20260527099991296,9,Big,Green
20260527099991295,8,Big,Red
20260527099991294,7,Big,Green
20260527099991293,1,Small,Green
20260527099991292,5,Big,Green Violet
20260527099991291,7,Big,Green
20260527099991290,4,Small,Red
20260527099991289,3,Small,Green
20260527099991288,9,Big,Green
20260527099991287,8,Big,Red
20260527099991286,5,Big,Green Violet
20260527099991285,9,Big,Green
20260527099991284,4,Small,Red
20260527099991283,7,Big,Green
20260527099991282,6,Big,Red
20260527099991281,5,Big,Green Violet
20260527099991280,0,Small,Red Violet
20260527099991279,8,Big,Red
20260527099991278,8,Big,Red
20260527099991277,5,Big,Green Violet
20260527099991276,1,Small,Green
20260527099991275,9,Big,Green
20260527099991274,7,Big,Green
20260527099991273,2,Small,Red
20260527099991272,8,Big,Red
20260527099991271,8,Big,Red
20260527099991270,1,Small,Green
20260527099991269,3,Small,Green
20260527099991268,1,Small,Green
20260527099991267,4,Small,Red
20260527099991266,7,Big,Green
20260527099991265,9,Big,Green
20260527099991264,8,Big,Red
20260527099991263,7,Big,Green
20260527099991262,7,Big,Green
20260527099991261,6,Big,Red
20260527099991260,7,Big,Green
20260527099991259,8,Big,Red
20260527099991258,5,Big,Green Violet
20260527099991257,2,Small,Red
20260527099991256,8,Big,Red
20260527099991255,2,Small,Red
20260527099991254,9,Big,Green
20260527099991253,8,Big,Red
20260527099991252,9,Big,Green
20260527099991251,7,Big,Green
20260527099991250,1,Small,Green
20260527099991249,5,Big,Green Violet
20260527099991248,7,Big,Green
20260527099991247,1,Small,Green
20260527099991246,4,Small,Red
20260527099991245,9,Big,Green
20260527099991244,9,Big,Green
20260527099991243,1,Small,Green
20260527099991242,1,Small,Green
20260527099991241,7,Big,Green
20260527099991240,5,Big,Green Violet
20260527099991239,9,Big,Green
20260527099991238,5,Big,Green Violet
20260527099991237,2,Small,Red
20260527099991236,5,Big,Green Violet
20260527099991235,7,Big,Green
20260527099991234,4,Small,Red
20260527099991233,3,Small,Green
20260527099991232,3,Small,Green
20260527099991231,5,Big,Green Violet
20260527099991230,0,Small,Red Violet
20260527099991229,8,Big,Red
20260527099991228,3,Small,Green
20260527099991227,7,Big,Green
20260527099991226,5,Big,Green Violet
20260527099991225,5,Big,Green Violet
20260527099991224,5,Big,Green Violet
20260527099991223,5,Big,Green Violet
20260527099991222,0,Small,Red Violet
20260527099991221,0,Small,Red Violet
20260527099991220,8,Big,Red
20260527099991219,2,Small,Red
20260527099991218,6,Big,Red
20260527099991217,8,Big,Red
20260527099991216,4,Small,Red
20260527099991215,6,Big,Red
20260527099991214,4,Small,Red
20260527099991213,0,Small,Red Violet
20260527099991212,9,Big,Green
20260527099991211,2,Small,Red
20260527099991210,8,Big,Red
20260527099991209,9,Big,Green
20260527099991208,1,Small,Green
20260527099991207,2,Small,Red
20260527099991206,4,Small,Red
20260527099991205,1,Small,Green
20260527099991204,7,Big,Green
20260527099991203,2,Small,Red
20260527099991202,2,Small,Red
20260527099991201,9,Big,Green
20260527099991200,9,Big,Green
20260527099991199,5,Big,Green Violet
20260527099991198,8,Big,Red
20260527099991197,7,Big,Green
20260527099991196,5,Big,Green Violet
20260527099991195,1,Small,Green
20260527099991194,4,Small,Red
20260527099991193,4,Small,Red
20260527099991192,0,Small,Red Violet
20260527099991191,9,Big,Green
20260527099991190,1,Small,Green
20260527099991189,1,Small,Green
20260527099991188,7,Big,Green
20260527099991187,5,Big,Green Violet
20260527099991186,9,Big,Green
20260527099991185,4,Small,Red
20260527099991184,3,Small,Green
20260527099991183,6,Big,Red
20260527099991182,0,Small,Red Violet
20260527099991181,6,Big,Red
20260527099991180,6,Big,Red
20260527099991179,8,Big,Red
20260527099991178,9,Big,Green
20260527099991177,9,Big,Green
20260527099991176,3,Small,Green
20260527099991175,7,Big,Green
20260527099991174,6,Big,Red
20260527099991173,1,Small,Green
20260527099991172,1,Small,Green
20260527099991171,5,Big,Green Violet
20260527099991170,7,Big,Green
20260527099991169,9,Big,Green
20260527099991168,8,Big,Red
20260527099991167,7,Big,Green
20260527099991166,1,Small,Green
20260527099991165,1,Small,Green
20260527099991164,5,Big,Green Violet
20260527099991163,7,Big,Green
20260527099991162,6,Big,Red
20260527099991161,1,Small,Green
20260527099991160,5,Big,Green Violet
20260527099991159,9,Big,Green
20260527099991158,3,Small,Green
20260527099991157,0,Small,Red Violet
20260527099991156,9,Big,Green
20260527099991155,4,Small,Red
20260527099991154,8,Big,Red
20260527099991153,2,Small,Red
20260527099991152,9,Big,Green
20260527099991151,0,Small,Red Violet
20260527099991150,9,Big,Green
20260527099991149,5,Big,Green Violet
20260527099991148,8,Big,Red
20260527099991147,3,Small,Green
20260527099991146,6,Big,Red
20260527099991145,1,Small,Green
20260527099991144,0,Small,Red Violet
20260527099991143,7,Big,Green
20260527099991142,7,Big,Green
20260527099991141,8,Big,Red
20260527099991140,5,Big,Green Violet
20260527099991139,3,Small,Green
20260527099991138,4,Small,Red
20260527099991137,5,Big,Green Violet
20260527099991136,0,Small,Red Violet
20260527099991135,0,Small,Red Violet
20260527099991134,7,Big,Green
20260527099991133,3,Small,Green
20260527099991132,4,Small,Red
20260527099991131,0,Small,Red Violet
20260527099991130,0,Small,Red Violet
20260527099991129,4,Small,Red
20260527099991128,6,Big,Red
20260527099991127,6,Big,Red
20260527099991126,4,Small,Red
20260527099991125,4,Small,Red
20260527099991124,2,Small,Red
20260527099991123,6,Big,Red
20260527099991122,3,Small,Green
20260527099991121,3,Small,Green
20260527099991120,3,Small,Green
20260527099991119,3,Small,Green
20260527099991118,9,Big,Green
20260527099991117,0,Small,Red Violet
20260527099991116,4,Small,Red
20260527099991115,7,Big,Green
20260527099991114,6,Big,Red
20260527099991113,6,Big,Red
20260527099991112,7,Big,Green
20260527099991111,6,Big,Red
20260527099991110,6,Big,Red
20260527099991109,8,Big,Red
20260527099991108,1,Small,Green
20260527099991107,6,Big,Red
20260527099991106,4,Small,Red
20260527099991105,7,Big,Green
20260527099991104,9,Big,Green
20260527099991103,3,Small,Green
20260527099991102,8,Big,Red
20260527099991101,3,Small,Green
20260527099991100,1,Small,Green
20260527099991099,4,Small,Red
20260527099991098,1,Small,Green
20260527099991097,3,Small,Green
20260527099991096,1,Small,Green
20260527099991095,6,Big,Red
20260527099991094,2,Small,Red
20260527099991093,9,Big,Green
20260527099991092,8,Big,Red
20260527099991091,6,Big,Red
20260527099991090,0,Small,Red Violet
20260527099991089,7,Big,Green
20260527099991088,7,Big,Green
20260527099991087,7,Big,Green
20260527099991086,1,Small,Green
20260527099991085,1,Small,Green
20260527099991084,3,Small,Green
20260527099991083,5,Big,Green Violet
20260527099991082,3,Small,Green
20260527099991081,6,Big,Red
20260527099991080,6,Big,Red
20260527099991079,0,Small,Red Violet
20260527099991078,5,Big,Green Violet
20260527099991077,2,Small,Red
20260527099991076,0,Small,Red Violet
20260527099991075,3,Small,Green
20260527099991074,8,Big,Red
20260527099991073,9,Big,Green
20260527099991072,9,Big,Green
20260527099991071,6,Big,Red
20260527099991070,4,Small,Red
20260527099991069,8,Big,Red
20260527099991068,6,Big,Red
20260527099991067,8,Big,Red
20260527099991066,9,Big,Green
20260527099991065,7,Big,Green
20260527099991064,3,Small,Green
20260527099991063,1,Small,Green
20260527099991062,2,Small,Red
20260527099991061,0,Small,Red Violet
20260527099991060,4,Small,Red
20260527099991059,1,Small,Green
20260527099991058,9,Big,Green
20260527099991057,7,Big,Green
20260527099991056,8,Big,Red
20260527099991055,8,Big,Red
20260527099991054,0,Small,Red Violet
20260527099991053,3,Small,Green
20260527099991052,1,Small,Green
20260527099991051,2,Small,Red
20260527099991050,4,Small,Red
20260527099991049,7,Big,Green
20260527099991048,4,Small,Red
20260527099991047,6,Big,Red
20260527099991046,2,Small,Red
20260527099991045,8,Big,Red
20260527099991044,2,Small,Red
20260527099991043,2,Small,Red
20260527099991042,5,Big,Green Violet
20260527099991041,4,Small,Red
20260527099991040,9,Big,Green
20260527099991039,0,Small,Red Violet
20260527099991038,2,Small,Red
20260527099991037,5,Big,Green Violet
20260527099991036,2,Small,Red
20260527099991035,3,Small,Green
20260527099991034,1,Small,Green
20260527099991033,5,Big,Green Violet
20260527099991032,2,Small,Red
20260527099991031,0,Small,Red Violet
20260527099991030,9,Big,Green
20260527099991029,0,Small,Red Violet
20260527099991028,8,Big,Red
20260527099991027,4,Small,Red
20260527099991026,5,Big,Green Violet
20260527099991025,5,Big,Green Violet
20260527099991024,0,Small,Red Violet
20260527099991023,9,Big,Green
20260527099991022,7,Big,Green
20260527099991021,1,Small,Green
20260527099991020,4,Small,Red
20260527099991019,7,Big,Green
20260527099991018,6,Big,Red
20260527099991017,5,Big,Green Violet
20260527099991016,1,Small,Green
20260527099991015,0,Small,Red Violet
20260527099991014,8,Big,Red
20260527099991013,5,Big,Green Violet
20260527099991012,7,Big,Green
20260527099991011,9,Big,Green
20260527099991010,8,Big,Red
20260527099991009,5,Big,Green Violet
20260527099991008,4,Small,Red
20260527099991007,8,Big,Red
20260527099991006,1,Small,Green
20260527099991005,6,Big,Red
20260527099991004,4,Small,Red
20260527099991003,4,Small,Red
20260527099991002,6,Big,Red
20260527099991001,1,Small,Green
20260527099991000,0,Small,Red Violet
20260527099990999,0,Small,Red Violet
20260527099990998,8,Big,Red
20260527099990997,6,Big,Red
20260527099990996,2,Small,Red
20260527099990995,0,Small,Red Violet
20260527099990994,7,Big,Green
20260527099990993,2,Small,Red
20260527099990992,4,Small,Red
20260527099990991,4,Small,Red
20260527099990990,3,Small,Green
20260527099990989,2,Small,Red
20260527099990988,3,Small,Green
20260527099990987,6,Big,Red
20260527099990986,6,Big,Red
20260527099990985,4,Small,Red
20260527099990984,5,Big,Green Violet
20260527099990983,7,Big,Green
20260527099990982,0,Small,Red Violet
20260527099990981,3,Small,Green
20260527099990980,6,Big,Red
20260527099990979,2,Small,Red
20260527099990978,8,Big,Red
20260527099990977,9,Big,Green
20260527099990976,7,Big,Green
20260527099990975,3,Small,Green
20260527099990974,6,Big,Red
20260527099990973,7,Big,Green
20260527099990972,2,Small,Red
20260527099990971,3,Small,Green
20260527099990970,0,Small,Red Violet
20260527099990969,7,Big,Green
20260527099990968,7,Big,Green
20260527099990967,5,Big,Green Violet
20260527099990966,2,Small,Red
20260527099990965,2,Small,Red
20260527099990964,3,Small,Green
20260527099990963,3,Small,Green
20260527099990962,1,Small,Green
20260527099990961,4,Small,Red
20260527099990960,0,Small,Red Violet
20260527099990959,8,Big,Red
20260527099990958,5,Big,Green Violet
20260527099990957,5,Big,Green Violet
20260527099990956,8,Big,Red
20260527099990955,4,Small,Red
20260527099990954,5,Big,Green Violet
20260527099990953,3,Small,Green
20260527099990952,9,Big,Green
20260527099990951,8,Big,Red
20260527099990950,6,Big,Red
20260527099990949,9,Big,Green
20260527099990948,6,Big,Red
20260527099990947,7,Big,Green
20260527099990946,4,Small,Red
20260527099990945,9,Big,Green
20260527099990944,9,Big,Green
20260527099990943,6,Big,Red
20260527099990942,3,Small,Green
20260527099990941,8,Big,Red
20260527099990940,5,Big,Green Violet
20260527099990939,5,Big,Green Violet
20260527099990938,8,Big,Red
20260527099990937,5,Big,Green Violet
20260527099990936,4,Small,Red
20260527099990935,6,Big,Red
20260527099990934,9,Big,Green
20260527099990933,3,Small,Green
20260527099990932,1,Small,Green
20260527099990931,6,Big,Red
20260527099990930,9,Big,Green
20260527099990929,3,Small,Green
20260527099990928,3,Small,Green
20260527099990927,2,Small,Red
20260527099990926,7,Big,Green
20260527099990925,4,Small,Red
20260527099990924,4,Small,Red
20260527099990923,4,Small,Red
20260527099990922,3,Small,Green
20260527099990921,8,Big,Red
20260527099990920,0,Small,Red Violet
20260527099990919,0,Small,Red Violet
20260527099990918,0,Small,Red Violet
20260527099990917,7,Big,Green
20260527099990916,3,Small,Green
20260527099990915,2,Small,Red
20260527099990914,0,Small,Red Violet
20260527099990913,6,Big,Red
20260527099990912,8,Big,Red
20260527099990911,9,Big,Green
20260527099990910,2,Small,Red
20260527099990909,2,Small,Red
20260527099990908,3,Small,Green
20260527099990907,0,Small,Red Violet
20260527099990906,4,Small,Red
20260527099990905,7,Big,Green
20260527099990904,9,Big,Green
20260527099990903,2,Small,Red
20260527099990902,9,Big,Green
20260527099990901,4,Small,Red
20260527099990900,5,Big,Green Violet
20260527099990899,3,Small,Green
20260527099990898,9,Big,Green
20260527099990897,6,Big,Red
20260527099990896,4,Small,Red
20260527099990895,5,Big,Green Violet
20260527099990894,9,Big,Green
20260527099990893,8,Big,Red
20260527099990892,9,Big,Green
20260527099990891,2,Small,Red
20260527099990890,9,Big,Green
20260527099990889,4,Small,Red
20260527099990888,7,Big,Green
20260527099990887,4,Small,Red
20260527099990886,8,Big,Red
20260527099990885,1,Small,Green
20260527099990884,9,Big,Green
20260527099990883,6,Big,Red
20260527099990882,0,Small,Red Violet
20260527099990881,0,Small,Red Violet
20260527099990880,3,Small,Green
20260527099990879,2,Small,Red
20260527099990878,2,Small,Red
20260527099990877,1,Small,Green
20260527099990876,7,Big,Green
20260527099990875,9,Big,Green
20260527099990874,2,Small,Red
20260527099990873,7,Big,Green
20260527099990872,6,Big,Red
20260527099990871,3,Small,Green
20260527099990870,4,Small,Red
20260527099990869,9,Big,Green
20260527099990868,9,Big,Green
20260527099990867,4,Small,Red
20260527099990866,4,Small,Red
20260527099990865,4,Small,Red
20260527099990864,8,Big,Red
20260527099990863,4,Small,Red
20260527099990862,1,Small,Green
20260527099990861,2,Small,Red
20260527099990860,0,Small,Red Violet
20260527099990859,8,Big,Red
20260527099990858,2,Small,Red
20260527099990857,1,Small,Green
20260527099990856,9,Big,Green
20260527099990855,8,Big,Red
20260527099990854,0,Small,Red Violet
20260527099990853,6,Big,Red
20260527099990852,2,Small,Red
20260527099990851,4,Small,Red
20260527099990850,8,Big,Red
20260527099990849,6,Big,Red
20260527099990848,4,Small,Red
20260527099990847,7,Big,Green
20260527099990846,0,Small,Red Violet
20260527099990845,6,Big,Red
20260527099990844,3,Small,Green
20260527099990843,6,Big,Red
20260527099990842,6,Big,Red
20260527099990841,5,Big,Green Violet
20260527099990840,9,Big,Green
20260527099990839,4,Small,Red
20260527099990838,3,Small,Green
20260527099990837,2,Small,Red
20260527099990836,6,Big,Red
20260527099990835,7,Big,Green
20260527099990834,8,Big,Red
20260527099990833,2,Small,Red
20260527099990832,4,Small,Red
20260527099990831,1,Small,Green
20260527099990830,5,Big,Green Violet
20260527099990829,3,Small,Green
20260527099990828,4,Small,Red
20260527099990827,7,Big,Green
20260527099990826,0,Small,Red Violet
20260527099990825,3,Small,Green
20260527099990824,5,Big,Green Violet
20260527099990823,6,Big,Red
20260527099990822,9,Big,Green
20260527099990821,8,Big,Red
20260527099990820,4,Small,Red
20260527099990819,6,Big,Red
20260527099990818,5,Big,Green Violet
20260527099990817,3,Small,Green
20260527099990816,5,Big,Green Violet
20260527099990815,9,Big,Green
20260527099990814,6,Big,Red
20260527099990813,6,Big,Red
20260527099990812,1,Small,Green
20260527099990811,6,Big,Red
20260527099990810,1,Small,Green
20260527099990809,0,Small,Red Violet
20260527099990808,1,Small,Green
20260527099990807,8,Big,Red
20260527099990806,2,Small,Red
20260527099990805,2,Small,Red
20260527099990804,1,Small,Green
20260527099990803,0,Small,Red Violet
20260527099990802,5,Big,Green Violet
20260527099990801,6,Big,Red
20260527099990800,5,Big,Green Violet
20260527099990799,1,Small,Green
20260527099990798,6,Big,Red
20260527099990797,7,Big,Green
20260527099990796,9,Big,Green
20260527099990795,0,Small,Red Violet
20260527099990794,7,Big,Green
20260527099990793,6,Big,Red
20260527099990792,3,Small,Green
20260527099990791,5,Big,Green Violet
20260527099990790,6,Big,Red
20260527099990789,1,Small,Green
20260527099990788,3,Small,Green
20260527099990787,7,Big,Green
20260527099990786,3,Small,Green
20260527099990785,3,Small,Green
20260527099990784,4,Small,Red
20260527099990783,5,Big,Green Violet
20260527099990782,1,Small,Green
20260527099990781,2,Small,Red
20260527099990780,7,Big,Green
20260527099990779,2,Small,Red
20260527099990778,3,Small,Green
20260527099990777,0,Small,Red Violet
20260527099990776,1,Small,Green
20260527099990775,2,Small,Red
20260527099990774,3,Small,Green
20260527099990773,6,Big,Red
20260527099990772,8,Big,Red
20260527099990771,3,Small,Green
20260527099990770,9,Big,Green
20260527099990769,9,Big,Green
20260527099990768,3,Small,Green
20260527099990767,4,Small,Red
20260527099990766,6,Big,Red
20260527099990765,8,Big,Red
20260527099990764,5,Big,Green Violet
20260527099990763,0,Small,Red Violet
20260527099990762,2,Small,Red
20260527099990761,6,Big,Red
20260527099990760,5,Big,Green Violet
20260527099990759,5,Big,Green Violet
20260527099990758,7,Big,Green
20260527099990757,2,Small,Red
20260527099990756,7,Big,Green
20260527099990755,0,Small,Red Violet
20260527099990754,1,Small,Green
20260527099990753,0,Small,Red Violet
20260527099990752,7,Big,Green
20260527099990751,4,Small,Red
20260527099990750,6,Big,Red
20260527099990749,9,Big,Green
20260527099990748,2,Small,Red
20260527099990747,4,Small,Red
20260527099990746,9,Big,Green
20260527099990745,9,Big,Green
20260527099990744,8,Big,Red
20260527099990743,7,Big,Green
20260527099990742,0,Small,Red Violet
20260527099990741,1,Small,Green
20260527099990740,5,Big,Green Violet
20260527099990739,7,Big,Green
20260527099990738,0,Small,Red Violet
20260527099990737,6,Big,Red
20260527099990736,0,Small,Red Violet
20260527099990735,1,Small,Green
20260527099990734,4,Small,Red
20260527099990733,8,Big,Red
20260527099990732,8,Big,Red
20260527099990731,6,Big,Red
20260527099990730,2,Small,Red
20260527099990729,5,Big,Green Violet
20260527099990728,4,Small,Red
20260527099990727,5,Big,Green Violet
20260527099990726,1,Small,Green
20260527099990725,6,Big,Red
20260527099990724,4,Small,Red
20260527099990723,2,Small,Red
20260527099990722,7,Big,Green
20260527099990721,6,Big,Red
20260527099990720,2,Small,Red
20260527099990719,2,Small,Red
20260527099990718,5,Big,Green Violet
20260527099990717,0,Small,Red Violet
20260527099990716,9,Big,Green
20260527099990715,2,Small,Red
20260527099990714,4,Small,Red
20260527099990713,3,Small,Green
20260527099990712,0,Small,Red Violet
20260527099990711,9,Big,Green
20260527099990710,3,Small,Green
20260527099990709,8,Big,Red
20260527099990708,7,Big,Green
20260527099990707,7,Big,Green
20260527099990706,1,Small,Green
20260527099990705,1,Small,Green
20260527099990704,2,Small,Red
20260527099990703,0,Small,Red Violet
20260527099990702,9,Big,Green
20260527099990701,8,Big,Red
20260527099990700,0,Small,Red Violet
20260527099990699,3,Small,Green
20260527099990698,6,Big,Red
20260527099990697,7,Big,Green
20260527099990696,0,Small,Red Violet
20260527099990695,6,Big,Red
20260527099990694,3,Small,Green
20260527099990693,4,Small,Red
20260527099990692,7,Big,Green
20260527099990691,8,Big,Red
20260527099990690,2,Small,Red
20260527099990689,5,Big,Green Violet
20260527099990688,1,Small,Green
20260527099990687,6,Big,Red
20260527099990686,0,Small,Red Violet
20260527099990685,4,Small,Red
20260527099990684,6,Big,Red
20260527099990683,4,Small,Red
20260527099990682,7,Big,Green
20260527099990681,1,Small,Green
20260527099990680,0,Small,Red Violet
20260527099990679,4,Small,Red
20260527099990678,4,Small,Red
20260527099990677,8,Big,Red
20260527099990676,4,Small,Red
20260527099990675,6,Big,Red
20260527099990674,7,Big,Green
20260527099990673,4,Small,Red
20260527099990672,7,Big,Green
20260527099990671,7,Big,Green
20260527099990670,7,Big,Green
20260527099990669,1,Small,Green
20260527099990668,0,Small,Red Violet
20260527099990667,0,Small,Red Violet
20260527099990666,3,Small,Green
20260527099990665,5,Big,Green Violet
20260527099990664,2,Small,Red
20260527099990663,5,Big,Green Violet
20260527099990662,6,Big,Red
20260527099990661,6,Big,Red
20260527099990660,6,Big,Red
20260527099990659,6,Big,Red
20260527099990658,2,Small,Red
20260527099990657,2,Small,Red
20260527099990656,8,Big,Red
20260527099990655,8,Big,Red
20260527099990654,6,Big,Red
20260527099990653,0,Small,Red Violet
20260527099990652,4,Small,Red
20260527099990651,9,Big,Green
20260527099990650,7,Big,Green
20260527099990649,0,Small,Red Violet
20260527099990648,7,Big,Green
20260527099990647,3,Small,Green
20260527099990646,6,Big,Red
20260527099990645,8,Big,Red
20260527099990644,6,Big,Red
20260527099990643,1,Small,Green
20260527099990642,8,Big,Red
20260527099990641,0,Small,Red Violet
20260527099990640,1,Small,Green
20260527099990639,0,Small,Red Violet
20260527099990638,3,Small,Green
20260527099990637,1,Small,Green
20260527099990636,6,Big,Red
20260527099990635,2,Small,Red
20260527099990634,4,Small,Red
20260527099990633,6,Big,Red
20260527099990632,6,Big,Red
20260527099990631,1,Small,Green
20260527099990630,8,Big,Red
20260527099990629,2,Small,Red
20260527099990628,2,Small,Red
20260527099990627,7,Big,Green
20260527099990626,8,Big,Red
20260527099990625,2,Small,Red
20260527099990624,6,Big,Red
20260527099990623,2,Small,Red
20260527099990622,6,Big,Red
20260527099990621,4,Small,Red
20260527099990620,8,Big,Red
20260527099990619,4,Small,Red
20260527099990618,5,Big,Green Violet
20260527099990617,8,Big,Red
20260527099990616,4,Small,Red
20260527099990615,9,Big,Green
20260527099990614,3,Small,Green
20260527099990613,4,Small,Red
20260527099990612,3,Small,Green
20260527099990611,7,Big,Green
20260527099990610,8,Big,Red
20260527099990609,0,Small,Red Violet
20260527099990608,3,Small,Green
20260527099990607,5,Big,Green Violet
20260527099990606,2,Small,Red
20260527099990605,5,Big,Green Violet
20260527099990604,8,Big,Red
20260527099990603,5,Big,Green Violet
20260527099990602,6,Big,Red
20260527099990601,8,Big,Red
20260527099990600,1,Small,Green
20260527099990599,3,Small,Green
20260527099990598,8,Big,Red
20260527099990597,4,Small,Red
20260527099990596,6,Big,Red
20260527099990595,5,Big,Green Violet
20260527099990594,1,Small,Green
20260527099990593,4,Small,Red
20260527099990592,4,Small,Red
20260527099990591,8,Big,Red
20260527099990590,0,Small,Red Violet
20260527099990589,2,Small,Red
20260527099990588,8,Big,Red
20260527099990587,3,Small,Green
20260527099990586,5,Big,Green Violet
20260527099990585,9,Big,Green
20260527099990584,5,Big,Green Violet
20260527099990583,7,Big,Green
20260527099990582,7,Big,Green
20260527099990581,2,Small,Red
20260527099990580,1,Small,Green
20260527099990579,4,Small,Red
20260527099990578,2,Small,Red
20260527099990577,2,Small,Red
20260527099990576,9,Big,Green
20260527099990575,2,Small,Red
20260527099990574,6,Big,Red
20260527099990573,3,Small,Green
20260527099990572,7,Big,Green
20260527099990571,0,Small,Red Violet
20260527099990570,5,Big,Green Violet
20260527099990569,2,Small,Red
20260527099990568,1,Small,Green
20260527099990567,2,Small,Red
20260527099990566,2,Small,Red
20260527099990565,5,Big,Green Violet
20260527099990564,5,Big,Green Violet
20260527099990563,1,Small,Green
20260527099990562,8,Big,Red
20260527099990561,0,Small,Red Violet
20260527099990560,7,Big,Green
20260527099990559,3,Small,Green
20260527099990558,1,Small,Green
20260527099990557,0,Small,Red Violet
20260527099990556,8,Big,Red
20260527099990555,4,Small,Red
20260527099990554,6,Big,Red
20260527099990553,3,Small,Green
20260527099990552,3,Small,Green
20260527099990551,0,Small,Red Violet
20260527099990550,3,Small,Green
20260527099990549,9,Big,Green
20260527099990548,3,Small,Green
20260527099990547,1,Small,Green
20260527099990546,8,Big,Red
20260527099990545,0,Small,Red Violet
20260527099990544,6,Big,Red
20260527099990543,9,Big,Green
20260527099990542,7,Big,Green
20260527099990541,4,Small,Red
20260527099990540,5,Big,Green Violet
20260527099990539,3,Small,Green
20260527099990538,2,Small,Red
20260527099990537,2,Small,Red
20260527099990536,1,Small,Green
20260527099990535,1,Small,Green
20260527099990534,7,Big,Green
20260527099990533,4,Small,Red
20260527099990532,2,Small,Red
20260527099990531,9,Big,Green
20260527099990530,0,Small,Red Violet
20260527099990529,2,Small,Red
20260527099990528,2,Small,Red
20260527099990527,4,Small,Red
20260527099990526,3,Small,Green
20260527099990525,3,Small,Green
20260527099990524,5,Big,Green Violet
20260527099990523,0,Small,Red Violet
20260527099990522,1,Small,Green
20260527099990521,5,Big,Green Violet
20260527099990520,0,Small,Red Violet
20260527099990519,8,Big,Red
20260527099990518,1,Small,Green
20260527099990517,1,Small,Green
20260527099990516,5,Big,Green Violet
20260527099990515,8,Big,Red
20260527099990514,4,Small,Red
20260527099990513,1,Small,Green
20260527099990512,4,Small,Red
20260527099990511,4,Small,Red
20260527099990510,4,Small,Red
20260527099990509,9,Big,Green
20260527099990508,4,Small,Red
20260527099990507,8,Big,Red
20260527099990506,1,Small,Green
20260527099990505,2,Small,Red
20260527099990504,2,Small,Red
20260527099990503,0,Small,Red Violet
20260527099990502,9,Big,Green
20260527099990501,9,Big,Green
20260527099990500,8,Big,Red
20260527099990499,8,Big,Red
20260527099990498,6,Big,Red
20260527099990497,5,Big,Green Violet
20260527099990496,8,Big,Red
20260527099990495,2,Small,Red
20260527099990494,8,Big,Red
20260527099990493,2,Small,Red
20260527099990492,1,Small,Green
20260527099990491,1,Small,Green
20260527099990490,0,Small,Red Violet
20260527099990489,5,Big,Green Violet
20260527099990488,4,Small,Red
20260527099990487,2,Small,Red
20260527099990486,0,Small,Red Violet
20260527099990485,2,Small,Red
20260527099990484,8,Big,Red
20260527099990483,9,Big,Green
20260527099990482,4,Small,Red
20260527099990481,0,Small,Red Violet
20260527099990480,0,Small,Red Violet
20260527099990479,7,Big,Green
20260527099990478,8,Big,Red
20260527099990477,7,Big,Green
20260527099990476,2,Small,Red
20260527099990475,5,Big,Green Violet
20260527099990474,0,Small,Red Violet
20260527099990473,3,Small,Green
20260527099990472,8,Big,Red
20260527099990471,5,Big,Green Violet
20260527099990470,3,Small,Green
20260527099990469,8,Big,Red
20260527099990468,5,Big,Green Violet
20260527099990467,4,Small,Red
20260527099990466,7,Big,Green
20260527099990465,5,Big,Green Violet
20260527099990464,1,Small,Green
20260527099990463,8,Big,Red
20260527099990462,2,Small,Red
20260527099990461,7,Big,Green
20260527099990460,8,Big,Red
20260527099990459,0,Small,Red Violet
20260527099990458,7,Big,Green
20260527099990457,7,Big,Green
20260527099990456,0,Small,Red Violet
20260527099990455,4,Small,Red
20260527099990454,6,Big,Red
20260527099990453,5,Big,Green Violet
20260527099990452,5,Big,Green Violet
20260527099990451,8,Big,Red
20260527099990450,3,Small,Green
20260527099990449,1,Small,Green
20260527099990448,7,Big,Green
20260527099990447,7,Big,Green
20260527099990446,1,Small,Green
20260527099990445,4,Small,Red
20260527099990444,0,Small,Red Violet
20260527099990443,6,Big,Red
20260527099990442,6,Big,Red
20260527099990441,4,Small,Red
20260527099990440,6,Big,Red
20260527099990439,0,Small,Red Violet
20260527099990438,3,Small,Green
20260527099990437,0,Small,Red Violet
20260527099990436,8,Big,Red
20260527099990435,3,Small,Green
20260527099990434,4,Small,Red
20260527099990433,0,Small,Red Violet
20260527099990432,9,Big,Green
20260527099990431,9,Big,Green
20260527099990430,2,Small,Red
20260527099990429,8,Big,Red
20260527099990428,5,Big,Green Violet
20260527099990427,1,Small,Green
20260527099990426,5,Big,Green Violet
20260527099990425,3,Small,Green
20260527099990424,6,Big,Red
20260527099990423,8,Big,Red
20260527099990422,7,Big,Green
20260527099990421,4,Small,Red
20260527099990420,9,Big,Green
20260527099990419,1,Small,Green
20260527099990418,1,Small,Green
20260527099990417,5,Big,Green Violet
20260527099990416,2,Small,Red
20260527099990415,6,Big,Red
20260527099990414,6,Big,Red
20260527099990413,5,Big,Green Violet
20260527099990412,6,Big,Red
20260527099990411,7,Big,Green
20260527099990410,5,Big,Green Violet
20260527099990409,3,Small,Green
20260527099990408,0,Small,Red Violet
20260527099990407,1,Small,Green
20260527099990406,3,Small,Green
20260527099990405,2,Small,Red
20260527099990404,2,Small,Red
20260527099990403,7,Big,Green
20260527099990402,4,Small,Red
20260527099990401,0,Small,Red Violet
20260527099990400,3,Small,Green
20260527099990399,2,Small,Red
20260527099990398,1,Small,Green
20260527099990397,5,Big,Green Violet
20260527099990396,6,Big,Red
20260527099990395,8,Big,Red
20260527099990394,7,Big,Green
20260527099990393,1,Small,Green
20260527099990392,7,Big,Green
20260527099990391,0,Small,Red Violet
20260527099990390,8,Big,Red
20260527099990389,5,Big,Green Violet
20260527099990388,1,Small,Green
20260527099990387,4,Small,Red
20260527099990386,1,Small,Green
20260527099990385,6,Big,Red
20260527099990384,6,Big,Red
20260527099990383,7,Big,Green
20260527099990382,9,Big,Green
20260527099990381,0,Small,Red Violet
20260527099990380,0,Small,Red Violet
20260527099990379,6,Big,Red
20260527099990378,9,Big,Green
20260527099990377,8,Big,Red
20260527099990376,4,Small,Red
20260527099990375,2,Small,Red
20260527099990374,2,Small,Red
20260527099990373,3,Small,Green
20260527099990372,7,Big,Green
20260527099990371,5,Big,Green Violet
20260527099990370,5,Big,Green Violet
20260527099990369,3,Small,Green
20260527099990368,3,Small,Green
20260527099990367,6,Big,Red
20260527099990366,8,Big,Red
20260527099990365,6,Big,Red
20260527099990364,6,Big,Red
20260527099990363,1,Small,Green
20260527099990362,2,Small,Red
20260527099990361,4,Small,Red
20260527099990360,7,Big,Green
20260527099990359,4,Small,Red
20260527099990358,5,Big,Green Violet
20260527099990357,4,Small,Red
20260527099990356,1,Small,Green
20260527099990355,7,Big,Green
20260527099990354,8,Big,Red
20260527099990353,7,Big,Green
20260527099990352,7,Big,Green
20260527099990351,8,Big,Red
20260527099990350,0,Small,Red Violet
20260527099990349,7,Big,Green
20260527099990348,3,Small,Green
20260527099990347,8,Big,Red
20260527099990346,4,Small,Red
20260527099990345,1,Small,Green
20260527099990344,8,Big,Red
20260527099990343,9,Big,Green
20260527099990342,8,Big,Red
20260527099990341,5,Big,Green Violet
20260527099990340,6,Big,Red
20260527099990339,3,Small,Green
20260527099990338,5,Big,Green Violet
20260527099990337,6,Big,Red
20260527099990336,3,Small,Green
20260527099990335,6,Big,Red
20260527099990334,9,Big,Green
20260527099990333,2,Small,Red
20260527099990332,2,Small,Red
20260527099990331,1,Small,Green
20260527099990330,5,Big,Green Violet
20260527099990329,9,Big,Green
20260527099990328,8,Big,Red
20260527099990327,3,Small,Green
20260527099990326,4,Small,Red
20260527099990325,5,Big,Green Violet
20260527099990324,1,Small,Green
20260527099990323,3,Small,Green
20260527099990322,6,Big,Red
20260527099990321,6,Big,Red
20260527099990320,0,Small,Red Violet
20260527099990319,8,Big,Red
20260527099990318,3,Small,Green
20260527099990317,9,Big,Green
20260527099990316,8,Big,Red
20260527099990315,1,Small,Green
20260527099990314,6,Big,Red
20260527099990313,8,Big,Red
20260527099990312,6,Big,Red
20260527099990311,7,Big,Green
20260527099990310,6,Big,Red
20260527099990309,0,Small,Red Violet
20260527099990308,9,Big,Green
20260527099990307,9,Big,Green
20260527099990306,3,Small,Green
20260527099990305,0,Small,Red Violet
20260527099990304,8,Big,Red
20260527099990303,7,Big,Green
20260527099990302,2,Small,Red
20260527099990301,5,Big,Green Violet
20260527099990300,0,Small,Red Violet
20260527099990299,9,Big,Green
20260527099990298,4,Small,Red
20260527099990297,3,Small,Green
20260527099990296,3,Small,Green
20260527099990295,9,Big,Green
20260527099990294,0,Small,Red Violet
20260527099990293,4,Small,Red
20260527099990292,3,Small,Green
20260527099990291,9,Big,Green
20260527099990290,9,Big,Green
20260527099990289,5,Big,Green Violet
20260527099990288,9,Big,Green
20260527099990287,8,Big,Red
20260527099990286,1,Small,Green
20260527099990285,8,Big,Red
20260527099990284,8,Big,Red
20260527099990283,5,Big,Green Violet
20260527099990282,7,Big,Green
20260527099990281,3,Small,Green
20260527099990280,8,Big,Red
20260527099990279,8,Big,Red
20260527099990278,6,Big,Red
20260527099990277,2,Small,Red
20260527099990276,9,Big,Green
20260527099990275,7,Big,Green
20260527099990274,4,Small,Red
20260527099990273,1,Small,Green
20260527099990272,8,Big,Red
20260527099990271,5,Big,Green Violet
20260527099990270,2,Small,Red
20260527099990269,9,Big,Green
20260527099990268,1,Small,Green
20260527099990267,7,Big,Green
20260527099990266,1,Small,Green
20260527099990265,7,Big,Green
20260527099990264,2,Small,Red
20260527099990263,0,Small,Red Violet
20260527099990262,3,Small,Green
20260527099990261,8,Big,Red
20260527099990260,0,Small,Red Violet
20260527099990259,0,Small,Red Violet
20260527099990258,5,Big,Green Violet
20260527099990257,9,Big,Green
20260527099990256,5,Big,Green Violet
20260527099990255,8,Big,Red
20260527099990254,0,Small,Red Violet
20260527099990253,5,Big,Green Violet
20260527099990252,9,Big,Green
20260527099990251,2,Small,Red
20260527099990250,1,Small,Green
20260527099990249,5,Big,Green Violet
20260527099990248,4,Small,Red
20260527099990247,4,Small,Red
20260527099990246,3,Small,Green
20260527099990245,0,Small,Red Violet
20260527099990244,8,Big,Red
20260527099990243,7,Big,Green
20260527099990242,5,Big,Green Violet
20260527099990241,3,Small,Green
20260527099990240,3,Small,Green
20260527099990239,7,Big,Green
20260527099990238,8,Big,Red
20260527099990237,3,Small,Green
20260527099990236,0,Small,Red Violet
20260527099990235,0,Small,Red Violet
20260527099990234,0,Small,Red Violet
20260527099990233,6,Big,Red
20260527099990232,0,Small,Red Violet
20260527099990231,2,Small,Red
20260527099990230,7,Big,Green
20260527099990229,9,Big,Green
20260527099990228,0,Small,Red Violet
20260527099990227,2,Small,Red
20260527099990226,8,Big,Red
20260527099990225,0,Small,Red Violet
20260527099990224,1,Small,Green
20260527099990223,3,Small,Green
20260527099990222,6,Big,Red
20260527099990221,8,Big,Red
20260527099990220,1,Small,Green
20260527099990219,5,Big,Green Violet
20260527099990218,8,Big,Red
20260527099990217,4,Small,Red
20260527099990216,5,Big,Green Violet
20260527099990215,1,Small,Green
20260527099990214,0,Small,Red Violet
20260527099990213,0,Small,Red Violet
20260527099990212,3,Small,Green
20260527099990211,0,Small,Red Violet
20260527099990210,5,Big,Green Violet
20260527099990209,1,Small,Green
20260527099990208,1,Small,Green
20260527099990207,5,Big,Green Violet
20260527099990206,5,Big,Green Violet
20260527099990205,9,Big,Green
20260527099990204,2,Small,Red
20260527099990203,8,Big,Red
20260527099990202,9,Big,Green
20260527099990201,5,Big,Green Violet
20260527099990200,3,Small,Green
20260527099990199,0,Small,Red Violet
20260527099990198,3,Small,Green
20260527099990197,3,Small,Green
20260527099990196,6,Big,Red
20260527099990195,3,Small,Green
20260527099990194,0,Small,Red Violet
20260527099990193,3,Small,Green
20260527099990192,5,Big,Green Violet
20260527099990191,5,Big,Green Violet
20260527099990190,2,Small,Red
20260527099990189,1,Small,Green
20260527099990188,3,Small,Green
20260527099990187,6,Big,Red
20260527099990186,4,Small,Red
20260527099990185,9,Big,Green
20260527099990184,2,Small,Red
20260527099990183,6,Big,Red
20260527099990182,9,Big,Green
20260527099990181,3,Small,Green
20260527099990180,0,Small,Red Violet
20260527099990179,1,Small,Green
20260527099990178,5,Big,Green Violet
20260527099990177,1,Small,Green
20260527099990176,1,Small,Green
20260527099990175,0,Small,Red Violet
20260527099990174,1,Small,Green
20260527099990173,5,Big,Green Violet
20260527099990172,1,Small,Green
20260527099990171,2,Small,Red
20260527099990170,6,Big,Red
20260527099990169,3,Small,Green
20260527099990168,1,Small,Green
20260527099990167,2,Small,Red
20260527099990166,9,Big,Green
20260527099990165,7,Big,Green
20260527099990164,5,Big,Green Violet
20260527099990163,8,Big,Red
20260527099990162,1,Small,Green
20260527099990161,6,Big,Red
20260527099990160,7,Big,Green
20260527099990159,6,Big,Red
20260527099990158,0,Small,Red Violet
20260527099990157,0,Small,Red Violet
20260527099990156,0,Small,Red Violet
20260527099990155,8,Big,Red
20260527099990154,4,Small,Red
20260527099990153,9,Big,Green
20260527099990152,7,Big,Green
20260527099990151,8,Big,Red
20260527099990150,8,Big,Red
20260527099990149,4,Small,Red
20260527099990148,0,Small,Red Violet
20260527099990147,7,Big,Green
20260527099990146,0,Small,Red Violet
20260527099990145,2,Small,Red
20260527099990144,0,Small,Red Violet
20260527099990143,1,Small,Green
20260527099990142,3,Small,Green
20260527099990141,7,Big,Green
20260527099990140,1,Small,Green
20260527099990139,9,Big,Green
20260527099990138,3,Small,Green
20260527099990137,5,Big,Green Violet
20260527099990136,0,Small,Red Violet
20260527099990135,3,Small,Green
20260527099990134,4,Small,Red
20260527099990133,3,Small,Green
20260527099990132,1,Small,Green
20260527099990131,4,Small,Red
20260527099990130,2,Small,Red
20260527099990129,7,Big,Green
20260527099990128,6,Big,Red
20260527099990127,1,Small,Green
20260527099990126,2,Small,Red
20260527099990125,9,Big,Green
20260527099990124,8,Big,Red
20260527099990123,9,Big,Green
20260527099990122,8,Big,Red
20260527099990121,0,Small,Red Violet
20260527099990120,7,Big,Green
20260527099990119,2,Small,Red
20260527099990118,6,Big,Red
20260527099990117,5,Big,Green Violet
20260527099990116,8,Big,Red
20260527099990115,6,Big,Red
20260527099990114,2,Small,Red
20260527099990113,1,Small,Green
20260527099990112,4,Small,Red
20260527099990111,0,Small,Red Violet
20260527099990110,8,Big,Red
20260527099990109,0,Small,Red Violet
20260527099990108,5,Big,Green Violet
20260527099990107,7,Big,Green
20260527099990106,1,Small,Green
20260527099990105,6,Big,Red
20260527099990104,8,Big,Red
20260527099990103,3,Small,Green
20260527099990102,5,Big,Green Violet
20260527099990101,5,Big,Green Violet
20260527099990100,3,Small,Green
20260527099990099,8,Big,Red
20260527099990098,0,Small,Red Violet
20260527099990097,7,Big,Green
20260527099990096,9,Big,Green
20260527099990095,0,Small,Red Violet
20260527099990094,3,Small,Green
20260527099990093,3,Small,Green
20260527099990092,1,Small,Green
20260527099990091,6,Big,Red
20260527099990090,9,Big,Green
20260527099990089,7,Big,Green
20260527099990088,2,Small,Red
20260527099990087,1,Small,Green
20260527099990086,0,Small,Red Violet
20260527099990085,5,Big,Green Violet
20260527099990084,8,Big,Red
20260527099990083,2,Small,Red
20260527099990082,7,Big,Green
20260527099990081,7,Big,Green
20260527099990080,6,Big,Red
20260527099990079,1,Small,Green
20260527099990078,0,Small,Red Violet
20260527099990077,7,Big,Green
20260527099990076,2,Small,Red
20260527099990075,7,Big,Green
20260527099990074,4,Small,Red
20260527099990073,3,Small,Green
20260527099990072,0,Small,Red Violet
20260527099990071,4,Small,Red
20260527099990070,6,Big,Red
20260527099990069,4,Small,Red
20260527099990068,9,Big,Green
20260527099990067,6,Big,Red
20260527099990066,8,Big,Red
20260527099990065,7,Big,Green
20260527099990064,5,Big,Green Violet
20260527099990063,2,Small,Red
20260527099990062,8,Big,Red
20260527099990061,2,Small,Red
20260527099990060,6,Big,Red
20260527099990059,1,Small,Green
20260527099990058,5,Big,Green Violet
20260527099990057,7,Big,Green
20260527099990056,1,Small,Green
20260527099990055,7,Big,Green
20260527099990054,9,Big,Green
20260527099990053,1,Small,Green
20260527099990052,1,Small,Green
20260527099990051,8,Big,Red
20260527099990050,6,Big,Red
20260527099990049,6,Big,Red
20260527099990048,4,Small,Red
20260527099990047,0,Small,Red Violet
20260527099990046,2,Small,Red
20260527099990045,0,Small,Red Violet
20260527099990044,6,Big,Red
20260527099990043,6,Big,Red
20260527099990042,8,Big,Red
20260527099990041,6,Big,Red
20260527099990040,3,Small,Green
20260527099990039,6,Big,Red
20260527099990038,3,Small,Green
20260527099990037,4,Small,Red
20260527099990036,9,Big,Green
20260527099990035,9,Big,Green
20260527099990034,0,Small,Red Violet
20260527099990033,4,Small,Red
20260527099990032,9,Big,Green
20260527099990031,2,Small,Red
20260527099990030,9,Big,Green
20260527099990029,3,Small,Green
20260527099990028,9,Big,Green
20260527099990027,5,Big,Green Violet
20260527099990026,8,Big,Red
20260527099990025,8,Big,Red
20260527099990024,7,Big,Green
20260527099990023,4,Small,Red
20260527099990022,3,Small,Green
20260527099990021,6,Big,Red
20260527099990020,7,Big,Green
20260527099990019,2,Small,Red
20260527099990018,7,Big,Green
20260527099990017,1,Small,Green
20260527099990016,4,Small,Red
20260527099990015,6,Big,Red
20260527099990014,6,Big,Red
20260527099990013,1,Small,Green
20260527099990012,3,Small,Green
20260527099990011,5,Big,Green Violet
20260527099990010,7,Big,Green
20260527099990009,3,Small,Green
20260527099990008,0,Small,Red Violet
20260527099990007,5,Big,Green Violet
20260527099990006,3,Small,Green
20260527099990005,4,Small,Red
20260527099990004,7,Big,Green
20260527099990003,3,Small,Green
20260527099990002,0,Small,Red Violet
20260527099990001,1,Small,Green
20260527099990000,1,Small,Green
20260527099989999,9,Big,Green
20260527099989998,1,Small,Green
20260527099989997,4,Small,Red
20260527099989996,3,Small,Green
20260527099989995,6,Big,Red
20260527099989994,2,Small,Red
20260527099989993,4,Small,Red
20260527099989992,4,Small,Red
20260527099989991,5,Big,Green Violet
20260527099989990,4,Small,Red
20260527099989989,2,Small,Red
20260527099989988,4,Small,Red
20260527099989987,3,Small,Green
20260527099989986,6,Big,Red
20260527099989985,5,Big,Green Violet
20260527099989984,5,Big,Green Violet
20260527099989983,1,Small,Green
20260527099989982,5,Big,Green Violet
20260527099989981,3,Small,Green
20260527099989980,9,Big,Green
20260527099989979,6,Big,Red
20260527099989978,8,Big,Red
20260527099989977,4,Small,Red
20260527099989976,5,Big,Green Violet
20260527099989975,4,Small,Red
20260527099989974,8,Big,Red
20260527099989973,5,Big,Green Violet
20260527099989972,5,Big,Green Violet
20260527099989971,3,Small,Green
20260527099989970,1,Small,Green
20260527099989969,7,Big,Green
20260527099989968,4,Small,Red
20260527099989967,8,Big,Red
20260527099989966,9,Big,Green
20260527099989965,2,Small,Red
20260527099989964,7,Big,Green
20260527099989963,0,Small,Red Violet
20260527099989962,1,Small,Green
20260527099989961,3,Small,Green
20260527099989960,8,Big,Red
20260527099989959,6,Big,Red
20260527099989958,6,Big,Red
20260527099989957,1,Small,Green
20260527099989956,9,Big,Green
20260527099989955,1,Small,Green
20260527099989954,5,Big,Green Violet
20260527099989953,6,Big,Red
20260527099989952,7,Big,Green
20260527099989951,3,Small,Green
20260527099989950,3,Small,Green
20260527099989949,6,Big,Red
20260527099989948,9,Big,Green
20260527099989947,2,Small,Red
20260527099989946,7,Big,Green
20260527099989945,5,Big,Green Violet
20260527099989944,1,Small,Green
20260527099989943,5,Big,Green Violet
20260527099989942,0,Small,Red Violet
20260527099989941,1,Small,Green
20260527099989940,0,Small,Red Violet
20260527099989939,7,Big,Green
20260527099989938,7,Big,Green
20260527099989937,8,Big,Red
20260527099989936,6,Big,Red
20260527099989935,9,Big,Green
20260527099989934,3,Small,Green
20260527099989933,3,Small,Green
20260527099989932,8,Big,Red
20260527099989931,7,Big,Green
20260527099989930,6,Big,Red
20260527099989929,1,Small,Green
20260527099989928,5,Big,Green Violet
20260527099989927,9,Big,Green
20260527099989926,0,Small,Red Violet
20260527099989925,5,Big,Green Violet
20260527099989924,0,Small,Red Violet
20260527099989923,4,Small,Red
20260527099989922,6,Big,Red
20260527099989921,4,Small,Red
20260527099989920,4,Small,Red
20260527099989919,9,Big,Green
20260527099989918,4,Small,Red
20260527099989917,2,Small,Red
20260527099989916,7,Big,Green
20260527099989915,2,Small,Red
20260527099989914,2,Small,Red
20260527099989913,1,Small,Green
20260527099989912,9,Big,Green
20260527099989911,3,Small,Green
20260527099989910,2,Small,Red
20260527099989909,0,Small,Red Violet
20260527099989908,4,Small,Red
20260527099989907,1,Small,Green
20260527099989906,1,Small,Green
20260527099989905,6,Big,Red
20260527099989904,9,Big,Green
20260527099989903,6,Big,Red
20260527099989902,7,Big,Green
20260527099989901,6,Big,Red
20260527099989900,9,Big,Green
20260527099989899,3,Small,Green
20260527099989898,6,Big,Red
20260527099989897,5,Big,Green Violet
20260527099989896,0,Small,Red Violet
20260527099989895,5,Big,Green Violet
20260527099989894,3,Small,Green
20260527099989893,5,Big,Green Violet
20260527099989892,9,Big,Green
20260527099989891,7,Big,Green
20260527099989890,7,Big,Green
20260527099989889,3,Small,Green
20260527099989888,2,Small,Red
20260527099989887,8,Big,Red
20260527099989886,2,Small,Red
20260527099989885,0,Small,Red Violet
20260527099989884,6,Big,Red
20260527099989883,2,Small,Red
20260527099989882,0,Small,Red Violet
20260527099989881,4,Small,Red
20260527099989880,0,Small,Red Violet
20260527099989879,2,Small,Red
20260527099989878,2,Small,Red
20260527099989877,5,Big,Green Violet
20260527099989876,4,Small,Red
20260527099989875,4,Small,Red
20260527099989874,2,Small,Red
20260527099989873,8,Big,Red
20260527099989872,2,Small,Red
20260527099989871,5,Big,Green Violet
20260527099989870,6,Big,Red
20260527099989869,5,Big,Green Violet
20260527099989868,0,Small,Red Violet
20260527099989867,3,Small,Green
20260527099989866,2,Small,Red
20260527099989865,0,Small,Red Violet
20260527099989864,7,Big,Green
20260527099989863,5,Big,Green Violet
20260527099989862,7,Big,Green
20260527099989861,8,Big,Red
20260527099989860,6,Big,Red
20260527099989859,4,Small,Red
20260527099989858,4,Small,Red
20260527099989857,0,Small,Red Violet
20260527099989856,9,Big,Green
20260527099989855,9,Big,Green
20260527099989854,4,Small,Red
20260527099989853,2,Small,Red
20260527099989852,6,Big,Red
20260527099989851,1,Small,Green
20260527099989850,4,Small,Red
20260527099989849,1,Small,Green
20260527099989848,2,Small,Red
20260527099989847,7,Big,Green
20260527099989846,7,Big,Green
20260527099989845,6,Big,Red
20260527099989844,3,Small,Green
20260527099989843,0,Small,Red Violet
20260527099989842,4,Small,Red
20260527099989841,4,Small,Red
20260527099989840,9,Big,Green
20260527099989839,5,Big,Green Violet
20260527099989838,3,Small,Green
20260527099989837,3,Small,Green
20260527099989836,4,Small,Red
20260527099989835,9,Big,Green
20260527099989834,3,Small,Green
20260527099989833,4,Small,Red
20260527099989832,8,Big,Red
20260527099989831,7,Big,Green
20260527099989830,7,Big,Green
20260527099989829,5,Big,Green Violet
20260527099989828,2,Small,Red
20260527099989827,1,Small,Green
20260527099989826,6,Big,Red
20260527099989825,0,Small,Red Violet
20260527099989824,3,Small,Green
20260527099989823,8,Big,Red
20260527099989822,6,Big,Red
20260527099989821,0,Small,Red Violet
20260527099989820,0,Small,Red Violet
20260527099989819,6,Big,Red
20260527099989818,6,Big,Red
20260527099989817,0,Small,Red Violet
20260527099989816,2,Small,Red
20260527099989815,1,Small,Green
20260527099989814,3,Small,Green
20260527099989813,4,Small,Red
20260527099989812,7,Big,Green
20260527099989811,6,Big,Red
20260527099989810,1,Small,Green
20260527099989809,1,Small,Green
20260527099989808,4,Small,Red
20260527099989807,3,Small,Green
20260527099989806,8,Big,Red
20260527099989805,5,Big,Green Violet
20260527099989804,7,Big,Green
20260527099989803,3,Small,Green
20260527099989802,1,Small,Green
20260527099989801,8,Big,Red
20260527099989800,7,Big,Green
20260527099989799,9,Big,Green
20260527099989798,6,Big,Red
20260527099989797,7,Big,Green
20260527099989796,8,Big,Red
20260527099989795,5,Big,Green Violet
20260527099989794,0,Small,Red Violet
20260527099989793,6,Big,Red
20260527099989792,9,Big,Green
20260527099989791,7,Big,Green
20260527099989790,9,Big,Green
20260527099989789,0,Small,Red Violet
20260527099989788,3,Small,Green
20260527099989787,0,Small,Red Violet
20260527099989786,9,Big,Green
20260527099989785,8,Big,Red
20260527099989784,4,Small,Red
20260527099989783,4,Small,Red
20260527099989782,4,Small,Red
20260527099989781,6,Big,Red
20260527099989780,1,Small,Green
20260527099989779,4,Small,Red
20260527099989778,4,Small,Red
20260527099989777,1,Small,Green
20260527099989776,6,Big,Red
20260527099989775,2,Small,Red
20260527099989774,6,Big,Red
20260527099989773,4,Small,Red
20260527099989772,4,Small,Red
20260527099989771,2,Small,Red
20260527099989770,1,Small,Green
20260527099989769,0,Small,Red Violet
20260527099989768,7,Big,Green
20260527099989767,8,Big,Red
20260527099989766,4,Small,Red
20260527099989765,3,Small,Green
20260527099989764,5,Big,Green Violet
20260527099989763,5,Big,Green Violet
20260527099989762,6,Big,Red
20260527099989761,9,Big,Green
20260527099989760,7,Big,Green
20260527099989759,7,Big,Green
20260527099989758,0,Small,Red Violet
20260527099989757,5,Big,Green Violet
20260527099989756,9,Big,Green
20260527099989755,4,Small,Red
20260527099989754,9,Big,Green
20260527099989753,8,Big,Red
20260527099989752,1,Small,Green
20260527099989751,7,Big,Green
20260527099989750,0,Small,Red Violet
20260527099989749,0,Small,Red Violet
20260527099989748,5,Big,Green Violet
20260527099989747,8,Big,Red
20260527099989746,9,Big,Green
20260527099989745,7,Big,Green
20260527099989744,6,Big,Red
20260527099989743,2,Small,Red
20260527099989742,9,Big,Green
20260527099989741,3,Small,Green
20260527099989740,3,Small,Green
20260527099989739,4,Small,Red
20260527099989738,3,Small,Green
20260527099989737,8,Big,Red
20260527099989736,2,Small,Red
20260527099989735,9,Big,Green
20260527099989734,6,Big,Red
20260527099989733,2,Small,Red
20260527099989732,6,Big,Red
20260527099989731,0,Small,Red Violet
20260527099989730,9,Big,Green
20260527099989729,0,Small,Red Violet
20260527099989728,4,Small,Red
20260527099989727,5,Big,Green Violet
20260527099989726,6,Big,Red
20260527099989725,3,Small,Green
20260527099989724,3,Small,Green
20260527099989723,8,Big,Red
20260527099989722,9,Big,Green
20260527099989721,2,Small,Red
20260527099989720,3,Small,Green
20260527099989719,9,Big,Green
20260527099989718,0,Small,Red Violet
20260527099989717,9,Big,Green
20260527099989716,9,Big,Green
20260527099989715,6,Big,Red
20260527099989714,7,Big,Green
20260527099989713,1,Small,Green
20260527099989712,9,Big,Green
20260527099989711,1,Small,Green
20260527099989710,1,Small,Green
20260527099989709,4,Small,Red
20260527099989708,7,Big,Green
20260527099989707,6,Big,Red
20260527099989706,6,Big,Red
20260527099989705,1,Small,Green
20260527099989704,3,Small,Green
20260527099989703,3,Small,Green
20260527099989702,9,Big,Green
20260527099989701,9,Big,Green
20260527099989700,6,Big,Red
20260527099989699,7,Big,Green
20260527099989698,2,Small,Red
20260527099989697,0,Small,Red Violet
20260527099989696,6,Big,Red
20260527099989695,8,Big,Red
20260527099989694,4,Small,Red
20260527099989693,3,Small,Green
20260527099989692,9,Big,Green
20260527099989691,5,Big,Green Violet
20260527099989690,0,Small,Red Violet
20260527099989689,1,Small,Green
20260527099989688,9,Big,Green
20260527099989687,4,Small,Red
20260527099989686,9,Big,Green
20260527099989685,7,Big,Green
20260527099989684,4,Small,Red
20260527099989683,2,Small,Red
20260527099989682,9,Big,Green
20260527099989681,5,Big,Green Violet
20260527099989680,1,Small,Green
20260527099989679,5,Big,Green Violet
20260527099989678,6,Big,Red
20260527099989677,0,Small,Red Violet
20260527099989676,4,Small,Red
20260527099989675,9,Big,Green
20260527099989674,6,Big,Red
20260527099989673,3,Small,Green
20260527099989672,0,Small,Red Violet
20260527099989671,3,Small,Green
20260527099989670,9,Big,Green
20260527099989669,1,Small,Green
20260527099989668,5,Big,Green Violet
20260527099989667,1,Small,Green
20260527099989666,4,Small,Red
20260527099989665,8,Big,Red
20260527099989664,5,Big,Green Violet
20260527099989663,3,Small,Green
20260527099989662,8,Big,Red
20260527099989661,4,Small,Red
20260527099989660,8,Big,Red
20260527099989659,9,Big,Green
20260527099989658,2,Small,Red
20260527099989657,3,Small,Green
20260527099989656,4,Small,Red
20260527099989655,1,Small,Green
20260527099989654,1,Small,Green
20260527099989653,0,Small,Red Violet
20260527099989652,0,Small,Red Violet
20260527099989651,4,Small,Red
20260527099989650,7,Big,Green
20260527099989649,8,Big,Red
20260527099989648,2,Small,Red
20260527099989647,5,Big,Green Violet
20260527099989646,2,Small,Red
20260527099989645,1,Small,Green
20260527099989644,2,Small,Red
20260527099989643,7,Big,Green
20260527099989642,0,Small,Red Violet
20260527099989641,2,Small,Red
20260527099989640,8,Big,Red
20260527099989639,1,Small,Green
20260527099989638,2,Small,Red
20260527099989637,6,Big,Red
20260527099989636,7,Big,Green
20260527099989635,9,Big,Green
20260527099989634,8,Big,Red
20260527099989633,0,Small,Red Violet
20260527099989632,4,Small,Red
20260527099989631,1,Small,Green
20260527099989630,7,Big,Green
20260527099989629,3,Small,Green
20260527099989628,4,Small,Red
20260527099989627,5,Big,Green Violet
20260527099989626,4,Small,Red
20260527099989625,9,Big,Green
20260527099989624,4,Small,Red
20260527099989623,5,Big,Green Violet
20260527099989622,8,Big,Red
20260527099989621,3,Small,Green
20260527099989620,5,Big,Green Violet
20260527099989619,2,Small,Red
20260527099989618,2,Small,Red
20260527099989617,6,Big,Red
20260527099989616,6,Big,Red
20260527099989615,5,Big,Green Violet
20260527099989614,7,Big,Green
20260527099989613,5,Big,Green Violet
20260527099989612,1,Small,Green
20260527099989611,6,Big,Red
20260527099989610,6,Big,Red
20260527099989609,5,Big,Green Violet
20260527099989608,1,Small,Green
20260527099989607,5,Big,Green Violet
20260527099989606,3,Small,Green
20260527099989605,5,Big,Green Violet
20260527099989604,6,Big,Red
20260527099989603,0,Small,Red Violet
20260527099989602,8,Big,Red
20260527099989601,6,Big,Red
20260527099989600,7,Big,Green
20260527099989599,2,Small,Red
20260527099989598,3,Small,Green
20260527099989597,1,Small,Green
20260527099989596,0,Small,Red Violet
20260527099989595,8,Big,Red
20260527099989594,6,Big,Red
20260527099989593,3,Small,Green
20260527099989592,5,Big,Green Violet
20260527099989591,6,Big,Red
20260527099989590,8,Big,Red
20260527099989589,9,Big,Green
20260527099989588,5,Big,Green Violet
20260527099989587,7,Big,Green
20260527099989586,2,Small,Red
20260527099989585,0,Small,Red Violet
20260527099989584,7,Big,Green
20260527099989583,2,Small,Red
20260527099989582,5,Big,Green Violet
20260527099989581,0,Small,Red Violet
20260527099989580,9,Big,Green
20260527099989579,6,Big,Red
20260527099989578,6,Big,Red
20260527099989577,9,Big,Green
20260527099989576,4,Small,Red
20260527099989575,4,Small,Red
20260527099989574,3,Small,Green
20260527099989573,7,Big,Green
20260527099989572,7,Big,Green
20260527099989571,0,Small,Red Violet
20260527099989570,3,Small,Green
20260527099989569,4,Small,Red
20260527099989568,0,Small,Red Violet
20260527099989567,7,Big,Green
20260527099989566,3,Small,Green
20260527099989565,6,Big,Red
20260527099989564,9,Big,Green
20260527099989563,8,Big,Red
20260527099989562,6,Big,Red
20260527099989561,9,Big,Green
20260527099989560,0,Small,Red Violet
20260527099989559,5,Big,Green Violet
20260527099989558,3,Small,Green
20260527099989557,6,Big,Red
20260527099989556,3,Small,Green
20260527099989555,1,Small,Green
20260527099989554,8,Big,Red
20260527099989553,4,Small,Red
20260527099989552,3,Small,Green
20260527099989551,3,Small,Green
20260527099989550,6,Big,Red
20260527099989549,9,Big,Green
20260527099989548,8,Big,Red
20260527099989547,0,Small,Red Violet
20260527099989546,2,Small,Red
20260527099989545,9,Big,Green
20260527099989544,1,Small,Green
20260527099989543,0,Small,Red Violet
20260527099989542,0,Small,Red Violet
20260527099989541,2,Small,Red
20260527099989540,1,Small,Green
20260527099989539,5,Big,Green Violet
20260527099989538,9,Big,Green
20260527099989537,8,Big,Red
20260527099989536,7,Big,Green
20260527099989535,3,Small,Green
20260527099989534,7,Big,Green
20260527099989533,4,Small,Red
20260527099989532,1,Small,Green
20260527099989531,2,Small,Red
20260527099989530,7,Big,Green
20260527099989529,9,Big,Green
20260527099989528,3,Small,Green
20260527099989527,5,Big,Green Violet
20260527099989526,2,Small,Red
20260527099989525,4,Small,Red
20260527099989524,1,Small,Green
20260527099989523,8,Big,Red
20260527099989522,6,Big,Red
20260527099989521,3,Small,Green
20260527099989520,0,Small,Red Violet
20260527099989519,0,Small,Red Violet
20260527099989518,0,Small,Red Violet
20260527099989517,0,Small,Red Violet
20260527099989516,9,Big,Green
20260527099989515,3,Small,Green
20260527099989514,7,Big,Green
20260527099989513,0,Small,Red Violet
20260527099989512,2,Small,Red
20260527099989511,4,Small,Red
20260527099989510,8,Big,Red
20260527099989509,9,Big,Green
20260527099989508,3,Small,Green
20260527099989507,3,Small,Green
20260527099989506,3,Small,Green
20260527099989505,6,Big,Red
20260527099989504,8,Big,Red
20260527099989503,9,Big,Green
20260527099989502,8,Big,Red
20260527099989501,0,Small,Red Violet
20260527099989500,1,Small,Green
20260527099989499,4,Small,Red
20260527099989498,6,Big,Red
20260527099989497,0,Small,Red Violet
20260527099989496,8,Big,Red
20260527099989495,7,Big,Green
20260527099989494,5,Big,Green Violet
20260527099989493,3,Small,Green
20260527099989492,3,Small,Green
20260527099989491,2,Small,Red
20260527099989490,0,Small,Red Violet
20260527099989489,4,Small,Red
20260527099989488,9,Big,Green
20260527099989487,1,Small,Green
20260527099989486,8,Big,Red
20260527099989485,4,Small,Red
20260527099989484,0,Small,Red Violet
20260527099989483,6,Big,Red
20260527099989482,3,Small,Green
20260527099989481,8,Big,Red
20260527099989480,6,Big,Red
20260527099989479,3,Small,Green
20260527099989478,4,Small,Red
20260527099989477,7,Big,Green
20260527099989476,4,Small,Red
20260527099989475,0,Small,Red Violet
20260527099989474,9,Big,Green
20260527099989473,8,Big,Red
20260527099989472,5,Big,Green Violet
20260527099989471,4,Small,Red
20260527099989470,6,Big,Red
20260527099989469,9,Big,Green
20260527099989468,1,Small,Green
20260527099989467,0,Small,Red Violet
20260527099989466,4,Small,Red
20260527099989465,3,Small,Green
20260527099989464,0,Small,Red Violet
20260527099989463,9,Big,Green
20260527099989462,3,Small,Green
20260527099989461,7,Big,Green
20260527099989460,4,Small,Red
20260527099989459,7,Big,Green
20260527099989458,3,Small,Green
20260527099989457,7,Big,Green
20260527099989456,4,Small,Red
20260527099989455,3,Small,Green
20260527099989454,9,Big,Green
20260527099989453,8,Big,Red
20260527099989452,1,Small,Green
20260527099989451,5,Big,Green Violet
20260527099989450,4,Small,Red
20260527099989449,1,Small,Green
20260527099989448,4,Small,Red
20260527099989447,8,Big,Red
20260527099989446,6,Big,Red
20260527099989445,5,Big,Green Violet
20260527099989444,7,Big,Green
20260527099989443,1,Small,Green
20260527099989442,1,Small,Green
20260527099989441,4,Small,Red
20260527099989440,4,Small,Red
20260527099989439,9,Big,Green
20260527099989438,3,Small,Green
20260527099989437,4,Small,Red
20260527099989436,9,Big,Green
20260527099989435,6,Big,Red
20260527099989434,4,Small,Red
20260527099989433,2,Small,Red
20260527099989432,8,Big,Red
20260527099989431,2,Small,Red
20260527099989430,6,Big,Red
20260527099989429,7,Big,Green
20260527099989428,4,Small,Red
20260527099989427,1,Small,Green
20260527099989426,7,Big,Green
20260527099989425,7,Big,Green
20260527099989424,6,Big,Red
20260527099989423,2,Small,Red
20260527099989422,7,Big,Green
20260527099989421,3,Small,Green
20260527099989420,3,Small,Green
20260527099989419,2,Small,Red
20260527099989418,1,Small,Green
20260527099989417,4,Small,Red
20260527099989416,4,Small,Red
20260527099989415,5,Big,Green Violet
20260527099989414,2,Small,Red
20260527099989413,1,Small,Green
20260527099989412,0,Small,Red Violet
20260527099989411,1,Small,Green
20260527099989410,4,Small,Red
20260527099989409,1,Small,Green
20260527099989408,4,Small,Red
20260527099989407,2,Small,Red
20260527099989406,4,Small,Red
20260527099989405,9,Big,Green
20260527099989404,8,Big,Red
20260527099989403,2,Small,Red
20260527099989402,6,Big,Red
20260527099989401,5,Big,Green Violet
20260527099989400,7,Big,Green
20260527099989399,6,Big,Red
20260527099989398,6,Big,Red
20260527099989397,1,Small,Green
20260527099989396,8,Big,Red
20260527099989395,9,Big,Green
20260527099989394,6,Big,Red
20260527099989393,5,Big,Green Violet
20260527099989392,5,Big,Green Violet
20260527099989391,0,Small,Red Violet
20260527099989390,9,Big,Green
20260527099989389,4,Small,Red
20260527099989388,9,Big,Green
20260527099989387,3,Small,Green
20260527099989386,4,Small,Red
20260527099989385,8,Big,Red
20260527099989384,6,Big,Red
20260527099989383,7,Big,Green
20260527099989382,3,Small,Green
20260527099989381,2,Small,Red
20260527099989380,6,Big,Red
20260527099989379,3,Small,Green
20260527099989378,1,Small,Green
20260527099989377,2,Small,Red
20260527099989376,0,Small,Red Violet
20260527099989375,7,Big,Green
20260527099989374,4,Small,Red
20260527099989373,3,Small,Green
20260527099989372,8,Big,Red
20260527099989371,8,Big,Red
20260527099989370,2,Small,Red
20260527099989369,4,Small,Red
20260527099989368,8,Big,Red
20260527099989367,5,Big,Green Violet
20260527099989366,8,Big,Red
20260527099989365,1,Small,Green
20260527099989364,8,Big,Red
20260527099989363,4,Small,Red
20260527099989362,2,Small,Red
20260527099989361,7,Big,Green
20260527099989360,7,Big,Green
20260527099989359,4,Small,Red
20260527099989358,9,Big,Green
20260527099989357,7,Big,Green
20260527099989356,5,Big,Green Violet
20260527099989355,4,Small,Red
20260527099989354,6,Big,Red
20260527099989353,0,Small,Red Violet
20260527099989352,7,Big,Green
20260527099989351,0,Small,Red Violet
20260527099989350,6,Big,Red
20260527099989349,4,Small,Red
20260527099989348,8,Big,Red
20260527099989347,7,Big,Green
20260527099989346,9,Big,Green
20260527099989345,7,Big,Green
20260527099989344,1,Small,Green
20260527099989343,4,Small,Red
20260527099989342,0,Small,Red Violet
20260527099989341,7,Big,Green
20260527099989340,5,Big,Green Violet
20260527099989339,2,Small,Red
20260527099989338,2,Small,Red
20260527099989337,3,Small,Green
20260527099989336,7,Big,Green
20260527099989335,6,Big,Red
20260527099989334,1,Small,Green
20260527099989333,2,Small,Red
20260527099989332,6,Big,Red
20260527099989331,9,Big,Green
20260527099989330,1,Small,Green
20260527099989329,4,Small,Red
20260527099989328,7,Big,Green
20260527099989327,7,Big,Green
20260527099989326,4,Small,Red
20260527099989325,1,Small,Green
20260527099989324,0,Small,Red Violet
20260527099989323,8,Big,Red
20260527099989322,9,Big,Green
20260527099989321,4,Small,Red
20260527099989320,9,Big,Green
20260527099989319,7,Big,Green
20260527099989318,7,Big,Green
20260527099989317,8,Big,Red
20260527099989316,0,Small,Red Violet
20260527099989315,8,Big,Red
20260527099989314,7,Big,Green
20260527099989313,3,Small,Green
20260527099989312,1,Small,Green
20260527099989311,1,Small,Green
20260527099989310,7,Big,Green
20260527099989309,3,Small,Green
20260527099989308,2,Small,Red
20260527099989307,6,Big,Red
20260527099989306,2,Small,Red
20260527099989305,8,Big,Red
20260527099989304,6,Big,Red
20260527099989303,3,Small,Green
20260527099989302,9,Big,Green
20260527099989301,3,Small,Green
20260527099989300,1,Small,Green
20260527099989299,7,Big,Green
20260527099989298,6,Big,Red
20260527099989297,6,Big,Red
20260527099989296,8,Big,Red
20260527099989295,5,Big,Green Violet
20260527099989294,7,Big,Green
20260527099989293,8,Big,Red
20260527099989292,9,Big,Green
20260527099989291,1,Small,Green
20260527099989290,8,Big,Red
20260527099989289,2,Small,Red
20260527099989288,9,Big,Green
20260527099989287,8,Big,Red
20260527099989286,3,Small,Green
20260527099989285,7,Big,Green
20260527099989284,3,Small,Green
20260527099989283,9,Big,Green
20260527099989282,0,Small,Red Violet
20260527099989281,7,Big,Green
20260527099989280,0,Small,Red Violet
20260527099989279,1,Small,Green
20260527099989278,4,Small,Red
20260527099989277,4,Small,Red
20260527099989276,7,Big,Green
20260527099989275,9,Big,Green
20260527099989274,0,Small,Red Violet
20260527099989273,8,Big,Red
20260527099989272,1,Small,Green
20260527099989271,0,Small,Red Violet
20260527099989270,3,Small,Green
20260527099989269,0,Small,Red Violet
20260527099989268,6,Big,Red
20260527099989267,6,Big,Red
20260527099989266,8,Big,Red
20260527099989265,9,Big,Green
20260527099989264,2,Small,Red
20260527099989263,1,Small,Green
20260527099989262,4,Small,Red
20260527099989261,4,Small,Red
20260527099989260,9,Big,Green
20260527099989259,6,Big,Red
20260527099989258,6,Big,Red
20260527099989257,5,Big,Green Violet
20260527099989256,6,Big,Red
20260527099989255,6,Big,Red
20260527099989254,7,Big,Green
20260527099989253,7,Big,Green
20260527099989252,4,Small,Red
20260527099989251,7,Big,Green
20260527099989250,6,Big,Red
20260527099989249,5,Big,Green Violet
20260527099989248,6,Big,Red
20260527099989247,5,Big,Green Violet
20260527099989246,6,Big,Red
20260527099989245,0,Small,Red Violet
20260527099989244,5,Big,Green Violet
20260527099989243,7,Big,Green
20260527099989242,6,Big,Red
20260527099989241,7,Big,Green
20260527099989240,6,Big,Red
20260527099989239,4,Small,Red
20260527099989238,3,Small,Green
20260527099989237,4,Small,Red
20260527099989236,4,Small,Red
20260527099989235,7,Big,Green
20260527099989234,0,Small,Red Violet
20260527099989233,9,Big,Green
20260527099989232,7,Big,Green
20260527099989231,4,Small,Red
20260527099989230,7,Big,Green
20260527099989229,3,Small,Green
20260527099989228,1,Small,Green
20260527099989227,4,Small,Red
20260527099989226,2,Small,Red
20260527099989225,0,Small,Red Violet
20260527099989224,8,Big,Red
20260527099989223,7,Big,Green
20260527099989222,9,Big,Green
20260527099989221,1,Small,Green
20260527099989220,1,Small,Green
20260527099989219,2,Small,Red
20260527099989218,4,Small,Red
20260527099989217,6,Big,Red
20260527099989216,5,Big,Green Violet
20260527099989215,0,Small,Red Violet
20260527099989214,1,Small,Green
20260527099989213,9,Big,Green
20260527099989212,1,Small,Green
20260527099989211,8,Big,Red
20260527099989210,6,Big,Red
20260527099989209,4,Small,Red
20260527099989208,4,Small,Red
20260527099989207,7,Big,Green
20260527099989206,7,Big,Green
20260527099989205,9,Big,Green
20260527099989204,7,Big,Green
20260527099989203,4,Small,Red
20260527099989202,5,Big,Green Violet
20260527099989201,6,Big,Red
20260527099989200,0,Small,Red Violet
20260527099989199,3,Small,Green
20260527099989198,7,Big,Green
20260527099989197,5,Big,Green Violet
20260527099989196,1,Small,Green
20260527099989195,5,Big,Green Violet
20260527099989194,3,Small,Green
20260527099989193,1,Small,Green
20260527099989192,8,Big,Red
20260527099989191,6,Big,Red
20260527099989190,2,Small,Red
20260527099989189,2,Small,Red
20260527099989188,5,Big,Green Violet
20260527099989187,4,Small,Red
20260527099989186,9,Big,Green
20260527099989185,1,Small,Green
20260527099989184,5,Big,Green Violet
20260527099989183,5,Big,Green Violet
20260527099989182,0,Small,Red Violet
20260527099989181,2,Small,Red
20260527099989180,5,Big,Green Violet
20260527099989179,5,Big,Green Violet
20260527099989178,3,Small,Green
20260527099989177,1,Small,Green
20260527099989176,0,Small,Red Violet
20260527099989175,6,Big,Red
20260527099989174,0,Small,Red Violet
20260527099989173,2,Small,Red
20260527099989172,4,Small,Red
20260527099989171,4,Small,Red
20260527099989170,8,Big,Red
20260527099989169,3,Small,Green
20260527099989168,6,Big,Red
20260527099989167,8,Big,Red
20260527099989166,2,Small,Red
20260527099989165,0,Small,Red Violet
20260527099989164,9,Big,Green
20260527099989163,5,Big,Green Violet
20260527099989162,6,Big,Red
20260527099989161,7,Big,Green
20260527099989160,1,Small,Green
20260527099989159,7,Big,Green
20260527099989158,7,Big,Green
20260527099989157,6,Big,Red
20260527099989156,9,Big,Green
20260527099989155,8,Big,Red
20260527099989154,2,Small,Red
20260527099989153,5,Big,Green Violet
20260527099989152,9,Big,Green
20260527099989151,1,Small,Green
20260527099989150,1,Small,Green
20260527099989149,1,Small,Green
20260527099989148,5,Big,Green Violet
20260527099989147,4,Small,Red
20260527099989146,7,Big,Green
20260527099989145,4,Small,Red
20260527099989144,9,Big,Green
20260527099989143,8,Big,Red
20260527099989142,7,Big,Green
20260527099989141,1,Small,Green
20260527099989140,9,Big,Green
20260527099989139,7,Big,Green
20260527099989138,6,Big,Red
20260527099989137,1,Small,Green
20260527099989136,7,Big,Green
20260527099989135,2,Small,Red
20260527099989134,7,Big,Green
20260527099989133,8,Big,Red
20260527099989132,9,Big,Green
20260527099989131,0,Small,Red Violet
20260527099989130,6,Big,Red
20260527099989129,0,Small,Red Violet
20260527099989128,3,Small,Green
20260527099989127,4,Small,Red
20260527099989126,0,Small,Red Violet
20260527099989125,8,Big,Red
20260527099989124,9,Big,Green
20260527099989123,8,Big,Red
20260527099989122,3,Small,Green
20260527099989121,9,Big,Green
20260527099989120,8,Big,Red
20260527099989119,3,Small,Green
20260527099989118,0,Small,Red Violet
20260527099989117,0,Small,Red Violet
20260527099989116,7,Big,Green
20260527099989115,9,Big,Green
20260527099989114,5,Big,Green Violet
20260527099989113,5,Big,Green Violet
20260527099989112,7,Big,Green
20260527099989111,4,Small,Red
20260527099989110,7,Big,Green
20260527099989109,5,Big,Green Violet
20260527099989108,0,Small,Red Violet
20260527099989107,6,Big,Red
20260527099989106,0,Small,Red Violet
20260527099989105,5,Big,Green Violet
20260527099989104,8,Big,Red
20260527099989103,1,Small,Green
20260527099989102,9,Big,Green
20260527099989101,2,Small,Red
20260527099989100,6,Big,Red
20260527099989099,4,Small,Red
20260527099989098,9,Big,Green
20260527099989097,2,Small,Red
20260527099989096,5,Big,Green Violet
20260527099989095,5,Big,Green Violet
20260527099989094,3,Small,Green
20260527099989093,4,Small,Red
20260527099989092,5,Big,Green Violet
20260527099989091,7,Big,Green
20260527099989090,1,Small,Green
20260527099989089,0,Small,Red Violet
20260527099989088,7,Big,Green
20260527099989087,9,Big,Green
20260527099989086,1,Small,Green
20260527099989085,1,Small,Green
20260527099989084,4,Small,Red
20260527099989083,2,Small,Red
20260527099989082,5,Big,Green Violet
20260527099989081,5,Big,Green Violet
20260527099989080,7,Big,Green
20260527099989079,2,Small,Red
20260527099989078,6,Big,Red
20260527099989077,4,Small,Red
20260527099989076,8,Big,Red
20260527099989075,2,Small,Red
20260527099989074,1,Small,Green
20260527099989073,6,Big,Red
20260527099989072,8,Big,Red
20260527099989071,7,Big,Green
20260527099989070,9,Big,Green
20260527099989069,1,Small,Green
20260527099989068,4,Small,Red
20260527099989067,6,Big,Red
20260527099989066,1,Small,Green
20260527099989065,8,Big,Red
20260527099989064,4,Small,Red
20260527099989063,1,Small,Green
20260527099989062,1,Small,Green
20260527099989061,6,Big,Red
20260527099989060,8,Big,Red
20260527099989059,2,Small,Red
20260527099989058,4,Small,Red
20260527099989057,2,Small,Red
20260527099989056,7,Big,Green
20260527099989055,1,Small,Green
20260527099989054,9,Big,Green
20260527099989053,5,Big,Green Violet
20260527099989052,4,Small,Red
20260527099989051,9,Big,Green
20260527099989050,3,Small,Green
20260527099989049,9,Big,Green
20260527099989048,9,Big,Green
20260527099989047,6,Big,Red
20260527099989046,0,Small,Red Violet
20260527099989045,3,Small,Green
20260527099989044,4,Small,Red
20260527099989043,1,Small,Green
20260527099989042,4,Small,Red
20260527099989041,7,Big,Green
20260527099989040,1,Small,Green
20260527099989039,0,Small,Red Violet
20260527099989038,7,Big,Green
20260527099989037,6,Big,Red
20260527099989036,5,Big,Green Violet
20260527099989035,2,Small,Red
20260527099989034,7,Big,Green
20260527099989033,7,Big,Green
20260527099989032,9,Big,Green
20260527099989031,3,Small,Green
20260527099989030,5,Big,Green Violet
20260527099989029,8,Big,Red
20260527099989028,9,Big,Green
20260527099989027,8,Big,Red
20260527099989026,5,Big,Green Violet
20260527099989025,6,Big,Red
20260527099989024,5,Big,Green Violet
20260527099989023,7,Big,Green
20260527099989022,4,Small,Red
20260527099989021,4,Small,Red
20260527099989020,3,Small,Green
20260527099989019,0,Small,Red Violet
20260527099989018,5,Big,Green Violet
20260527099989017,2,Small,Red
20260527099989016,0,Small,Red Violet
20260527099989015,7,Big,Green
20260527099989014,4,Small,Red
20260527099989013,7,Big,Green
20260527099989012,5,Big,Green Violet
20260527099989011,9,Big,Green
20260527099989010,0,Small,Red Violet
20260527099989009,8,Big,Red
20260527099989008,3,Small,Green
20260527099989007,8,Big,Red
20260527099989006,0,Small,Red Violet
20260527099989005,3,Small,Green
20260527099989004,0,Small,Red Violet
20260527099989003,1,Small,Green
20260527099989002,1,Small,Green
20260527099989001,3,Small,Green
20260527099989000,3,Small,Green
20260527099988999,7,Big,Green
20260527099988998,0,Small,Red Violet
20260527099988997,0,Small,Red Violet
20260527099988996,1,Small,Green
20260527099988995,7,Big,Green
20260527099988994,2,Small,Red
20260527099988993,4,Small,Red
20260527099988992,2,Small,Red
20260527099988991,9,Big,Green
20260527099988990,9,Big,Green
20260527099988989,8,Big,Red
20260527099988988,9,Big,Green
20260527099988987,1,Small,Green
20260527099988986,6,Big,Red
20260527099988985,8,Big,Red
20260527099988984,9,Big,Green
20260527099988983,5,Big,Green Violet
20260527099988982,4,Small,Red
20260527099988981,2,Small,Red
20260527099988980,3,Small,Green
20260527099988979,2,Small,Red
20260527099988978,5,Big,Green Violet
20260527099988977,1,Small,Green
20260527099988976,5,Big,Green Violet
20260527099988975,0,Small,Red Violet
20260527099988974,5,Big,Green Violet
20260527099988973,4,Small,Red
20260527099988972,9,Big,Green
20260527099988971,7,Big,Green
20260527099988970,5,Big,Green Violet
20260527099988969,3,Small,Green
20260527099988968,3,Small,Green
20260527099988967,7,Big,Green
20260527099988966,0,Small,Red Violet
20260527099988965,9,Big,Green
20260527099988964,6,Big,Red
20260527099988963,7,Big,Green
20260527099988962,7,Big,Green
20260527099988961,4,Small,Red
20260527099988960,5,Big,Green Violet
20260527099988959,8,Big,Red
20260527099988958,5,Big,Green Violet
20260527099988957,4,Small,Red
20260527099988956,0,Small,Red Violet
20260527099988955,8,Big,Red
20260527099988954,1,Small,Green
20260527099988953,9,Big,Green
20260527099988952,8,Big,Red
20260527099988951,1,Small,Green
20260527099988950,6,Big,Red
20260527099988949,4,Small,Red
20260527099988948,1,Small,Green
20260527099988947,5,Big,Green Violet
20260527099988946,5,Big,Green Violet
20260527099988945,1,Small,Green
20260527099988944,8,Big,Red
20260527099988943,7,Big,Green
20260527099988942,3,Small,Green
20260527099988941,8,Big,Red
20260527099988940,4,Small,Red
20260527099988939,7,Big,Green
20260527099988938,9,Big,Green
20260527099988937,2,Small,Red
20260527099988936,7,Big,Green
20260527099988935,1,Small,Green
20260527099988934,0,Small,Red Violet
20260527099988933,6,Big,Red
20260527099988932,1,Small,Green
20260527099988931,5,Big,Green Violet
20260527099988930,6,Big,Red
20260527099988929,0,Small,Red Violet
20260527099988928,8,Big,Red
20260527099988927,5,Big,Green Violet
20260527099988926,5,Big,Green Violet
20260527099988925,9,Big,Green
20260527099988924,7,Big,Green
20260527099988923,2,Small,Red
20260527099988922,2,Small,Red
20260527099988921,7,Big,Green
20260527099988920,2,Small,Red
20260527099988919,2,Small,Red
20260527099988918,5,Big,Green Violet
20260527099988917,6,Big,Red
20260527099988916,4,Small,Red
20260527099988915,5,Big,Green Violet
20260527099988914,5,Big,Green Violet
20260527099988913,5,Big,Green Violet
20260527099988912,3,Small,Green
20260527099988911,8,Big,Red
20260527099988910,3,Small,Green
20260527099988909,7,Big,Green
20260527099988908,1,Small,Green
20260527099988907,8,Big,Red
20260527099988906,9,Big,Green
20260527099988905,8,Big,Red
20260527099988904,6,Big,Red
20260527099988903,9,Big,Green
20260527099988902,7,Big,Green
20260527099988901,4,Small,Red
20260527099988900,7,Big,Green
20260527099988899,5,Big,Green Violet
20260527099988898,0,Small,Red Violet
20260527099988897,0,Small,Red Violet
20260527099988896,6,Big,Red
20260527099988895,3,Small,Green
20260527099988894,0,Small,Red Violet
20260527099988893,2,Small,Red
20260527099988892,6,Big,Red
20260527099988891,3,Small,Green
20260527099988890,9,Big,Green
20260527099988889,5,Big,Green Violet
20260527099988888,4,Small,Red
20260527099988887,9,Big,Green
20260527099988886,1,Small,Green
20260527099988885,6,Big,Red
20260527099988884,1,Small,Green
20260527099988883,4,Small,Red
20260527099988882,0,Small,Red Violet
20260527099988881,6,Big,Red
20260527099988880,2,Small,Red
20260527099988879,0,Small,Red Violet
20260527099988878,1,Small,Green
20260527099988877,2,Small,Red
20260527099988876,7,Big,Green
20260527099988875,7,Big,Green
20260527099988874,8,Big,Red
20260527099988873,7,Big,Green
20260527099988872,3,Small,Green
20260527099988871,6,Big,Red
20260527099988870,4,Small,Red
20260527099988869,9,Big,Green
20260527099988868,7,Big,Green
20260527099988867,2,Small,Red
20260527099988866,0,Small,Red Violet
20260527099988865,3,Small,Green
20260527099988864,2,Small,Red
20260527099988863,5,Big,Green Violet
20260527099988862,2,Small,Red
20260527099988861,9,Big,Green
20260527099988860,4,Small,Red
20260527099988859,4,Small,Red
20260527099988858,8,Big,Red
20260527099988857,7,Big,Green
20260527099988856,9,Big,Green
20260527099988855,4,Small,Red
20260527099988854,5,Big,Green Violet
20260527099988853,8,Big,Red
20260527099988852,2,Small,Red
20260527099988851,2,Small,Red
20260527099988850,7,Big,Green
20260527099988849,3,Small,Green
20260527099988848,7,Big,Green
20260527099988847,3,Small,Green
20260527099988846,5,Big,Green Violet
20260527099988845,8,Big,Red
20260527099988844,2,Small,Red
20260527099988843,9,Big,Green
20260527099988842,0,Small,Red Violet
20260527099988841,5,Big,Green Violet
20260527099988840,6,Big,Red
20260527099988839,2,Small,Red
20260527099988838,8,Big,Red
20260527099988837,2,Small,Red
20260527099988836,8,Big,Red
20260527099988835,8,Big,Red
20260527099988834,9,Big,Green
20260527099988833,4,Small,Red
20260527099988832,0,Small,Red Violet
20260527099988831,7,Big,Green
20260527099988830,6,Big,Red
20260527099988829,8,Big,Red
20260527099988828,9,Big,Green
20260527099988827,3,Small,Green
20260527099988826,0,Small,Red Violet
20260527099988825,3,Small,Green
20260527099988824,0,Small,Red Violet
20260527099988823,6,Big,Red
20260527099988822,1,Small,Green
20260527099988821,8,Big,Red
20260527099988820,1,Small,Green
20260527099988819,3,Small,Green
20260527099988818,1,Small,Green
20260527099988817,4,Small,Red
20260527099988816,8,Big,Red
20260527099988815,0,Small,Red Violet
20260527099988814,7,Big,Green
20260527099988813,6,Big,Red
20260527099988812,4,Small,Red
20260527099988811,1,Small,Green
20260527099988810,4,Small,Red
20260527099988809,2,Small,Red
20260527099988808,0,Small,Red Violet
20260527099988807,6,Big,Red
20260527099988806,8,Big,Red
20260527099988805,0,Small,Red Violet
20260527099988804,0,Small,Red Violet
20260527099988803,4,Small,Red
20260527099988802,8,Big,Red
20260527099988801,3,Small,Green
20260527099988800,7,Big,Green
20260527099988799,4,Small,Red
20260527099988798,8,Big,Red
20260527099988797,2,Small,Red
20260527099988796,9,Big,Green
20260527099988795,7,Big,Green
20260527099988794,9,Big,Green
20260527099988793,1,Small,Green
20260527099988792,2,Small,Red
20260527099988791,0,Small,Red Violet
20260527099988790,9,Big,Green
20260527099988789,0,Small,Red Violet
20260527099988788,4,Small,Red
20260527099988787,7,Big,Green
20260527099988786,3,Small,Green
20260527099988785,6,Big,Red
20260527099988784,7,Big,Green
20260527099988783,1,Small,Green
20260527099988782,3,Small,Green
20260527099988781,1,Small,Green
20260527099988780,4,Small,Red
20260527099988779,3,Small,Green
20260527099988778,1,Small,Green
20260527099988777,4,Small,Red
20260527099988776,5,Big,Green Violet
20260527099988775,1,Small,Green
20260527099988774,7,Big,Green
20260527099988773,4,Small,Red
20260527099988772,3,Small,Green
20260527099988771,6,Big,Red
20260527099988770,3,Small,Green
20260527099988769,0,Small,Red Violet
20260527099988768,9,Big,Green
20260527099988767,8,Big,Red
20260527099988766,0,Small,Red Violet
20260527099988765,0,Small,Red Violet
20260527099988764,1,Small,Green
20260527099988763,5,Big,Green Violet
20260527099988762,6,Big,Red
20260527099988761,5,Big,Green Violet
20260527099988760,3,Small,Green
20260527099988759,1,Small,Green
20260527099988758,4,Small,Red
20260527099988757,6,Big,Red
20260527099988756,4,Small,Red
20260527099988755,2,Small,Red
20260527099988754,5,Big,Green Violet
20260527099988753,5,Big,Green Violet
20260527099988752,1,Small,Green
20260527099988751,7,Big,Green
20260527099988750,1,Small,Green
20260527099988749,2,Small,Red
20260527099988748,4,Small,Red
20260527099988747,8,Big,Red
20260527099988746,7,Big,Green
20260527099988745,7,Big,Green
20260527099988744,9,Big,Green
20260527099988743,4,Small,Red
20260527099988742,5,Big,Green Violet
20260527099988741,4,Small,Red
20260527099988740,5,Big,Green Violet
20260527099988739,2,Small,Red
20260527099988738,2,Small,Red
20260527099988737,9,Big,Green
20260527099988736,7,Big,Green
20260527099988735,3,Small,Green
20260527099988734,9,Big,Green
20260527099988733,7,Big,Green
20260527099988732,2,Small,Red
20260527099988731,4,Small,Red
20260527099988730,2,Small,Red
20260527099988729,9,Big,Green
20260527099988728,9,Big,Green
20260527099988727,9,Big,Green
20260527099988726,5,Big,Green Violet
20260527099988725,6,Big,Red
20260527099988724,7,Big,Green
20260527099988723,0,Small,Red Violet
20260527099988722,2,Small,Red
20260527099988721,0,Small,Red Violet
20260527099988720,2,Small,Red
20260527099988719,6,Big,Red
20260527099988718,5,Big,Green Violet
20260527099988717,4,Small,Red
20260527099988716,8,Big,Red
20260527099988715,9,Big,Green
20260527099988714,8,Big,Red
20260527099988713,5,Big,Green Violet
20260527099988712,8,Big,Red
20260527099988711,6,Big,Red
20260527099988710,0,Small,Red Violet
20260527099988709,5,Big,Green Violet
20260527099988708,6,Big,Red
20260527099988707,1,Small,Green
20260527099988706,6,Big,Red
20260527099988705,7,Big,Green
20260527099988704,1,Small,Green
20260527099988703,6,Big,Red
20260527099988702,1,Small,Green
20260527099988701,5,Big,Green Violet
20260527099988700,0,Small,Red Violet
20260527099988699,4,Small,Red
20260527099988698,0,Small,Red Violet
20260527099988697,4,Small,Red
20260527099988696,1,Small,Green
20260527099988695,5,Big,Green Violet
20260527099988694,1,Small,Green
20260527099988693,2,Small,Red
20260527099988692,9,Big,Green
20260527099988691,1,Small,Green
20260527099988690,4,Small,Red
20260527099988689,2,Small,Red
20260527099988688,8,Big,Red
20260527099988687,2,Small,Red
20260527099988686,7,Big,Green
20260527099988685,9,Big,Green
20260527099988684,2,Small,Red
20260527099988683,1,Small,Green
20260527099988682,0,Small,Red Violet
20260527099988681,8,Big,Red
20260527099988680,3,Small,Green
20260527099988679,0,Small,Red Violet
20260527099988678,4,Small,Red
20260527099988677,2,Small,Red
20260527099988676,2,Small,Red
20260527099988675,5,Big,Green Violet
20260527099988674,4,Small,Red
20260527099988673,0,Small,Red Violet
20260527099988672,2,Small,Red
20260527099988671,8,Big,Red
20260527099988670,4,Small,Red
20260527099988669,3,Small,Green
20260527099988668,1,Small,Green
20260527099988667,2,Small,Red
20260527099988666,8,Big,Red
20260527099988665,2,Small,Red
20260527099988664,3,Small,Green
20260527099988663,7,Big,Green
20260527099988662,8,Big,Red
20260527099988661,2,Small,Red
20260527099988660,2,Small,Red
20260527099988659,5,Big,Green Violet
20260527099988658,9,Big,Green
20260527099988657,9,Big,Green
20260527099988656,5,Big,Green Violet
20260527099988655,2,Small,Red
20260527099988654,5,Big,Green Violet
20260527099988653,8,Big,Red
20260527099988652,9,Big,Green
20260527099988651,3,Small,Green
20260527099988650,7,Big,Green
20260527099988649,5,Big,Green Violet
20260527099988648,7,Big,Green
20260527099988647,0,Small,Red Violet
20260527099988646,3,Small,Green
20260527099988645,3,Small,Green
20260527099988644,7,Big,Green
20260527099988643,6,Big,Red
20260527099988642,4,Small,Red
20260527099988641,0,Small,Red Violet
20260527099988640,2,Small,Red
20260527099988639,6,Big,Red
20260527099988638,1,Small,Green
20260527099988637,4,Small,Red
20260527099988636,4,Small,Red
20260527099988635,5,Big,Green Violet
20260527099988634,6,Big,Red
20260527099988633,3,Small,Green
20260527099988632,9,Big,Green
20260527099988631,6,Big,Red
20260527099988630,7,Big,Green
20260527099988629,5,Big,Green Violet
20260527099988628,9,Big,Green
20260527099988627,2,Small,Red
20260527099988626,4,Small,Red
20260527099988625,5,Big,Green Violet
20260527099988624,8,Big,Red
20260527099988623,2,Small,Red
20260527099988622,2,Small,Red
20260527099988621,4,Small,Red
20260527099988620,4,Small,Red
20260527099988619,8,Big,Red
20260527099988618,3,Small,Green
20260527099988617,5,Big,Green Violet
20260527099988616,8,Big,Red
20260527099988615,9,Big,Green
20260527099988614,2,Small,Red
20260527099988613,4,Small,Red
20260527099988612,6,Big,Red
20260527099988611,6,Big,Red
20260527099988610,0,Small,Red Violet
20260527099988609,8,Big,Red
20260527099988608,4,Small,Red
20260527099988607,0,Small,Red Violet
20260527099988606,0,Small,Red Violet
20260527099988605,0,Small,Red Violet
20260527099988604,3,Small,Green
20260527099988603,5,Big,Green Violet
20260527099988602,5,Big,Green Violet
20260527099988601,3,Small,Green
20260527099988600,3,Small,Green
20260527099988599,0,Small,Red Violet
20260527099988598,2,Small,Red
20260527099988597,7,Big,Green
20260527099988596,8,Big,Red
20260527099988595,7,Big,Green
20260527099988594,3,Small,Green
20260527099988593,1,Small,Green
20260527099988592,6,Big,Red
20260527099988591,6,Big,Red
20260527099988590,4,Small,Red
20260527099988589,6,Big,Red
20260527099988588,6,Big,Red
20260527099988587,0,Small,Red Violet
20260527099988586,7,Big,Green
20260527099988585,4,Small,Red
20260527099988584,7,Big,Green
20260527099988583,0,Small,Red Violet
20260527099988582,6,Big,Red
20260527099988581,0,Small,Red Violet
20260527099988580,4,Small,Red
20260527099988579,5,Big,Green Violet
20260527099988578,6,Big,Red
20260527099988577,0,Small,Red Violet
20260527099988576,3,Small,Green
20260527099988575,9,Big,Green
20260527099988574,7,Big,Green
20260527099988573,3,Small,Green
20260527099988572,8,Big,Red
20260527099988571,7,Big,Green
20260527099988570,6,Big,Red
20260527099988569,7,Big,Green
20260527099988568,0,Small,Red Violet
20260527099988567,9,Big,Green
20260527099988566,2,Small,Red
20260527099988565,6,Big,Red
20260527099988564,0,Small,Red Violet
20260527099988563,0,Small,Red Violet
20260527099988562,2,Small,Red
20260527099988561,2,Small,Red
20260527099988560,6,Big,Red
20260527099988559,1,Small,Green
20260527099988558,1,Small,Green
20260527099988557,3,Small,Green
20260527099988556,5,Big,Green Violet
20260527099988555,1,Small,Green
20260527099988554,7,Big,Green
20260527099988553,6,Big,Red
20260527099988552,6,Big,Red
20260527099988551,5,Big,Green Violet
20260527099988550,7,Big,Green
20260527099988549,0,Small,Red Violet
20260527099988548,7,Big,Green
20260527099988547,5,Big,Green Violet
20260527099988546,8,Big,Red
20260527099988545,2,Small,Red
20260527099988544,2,Small,Red
20260527099988543,1,Small,Green
20260527099988542,4,Small,Red
20260527099988541,5,Big,Green Violet
20260527099988540,1,Small,Green
20260527099988539,3,Small,Green
20260527099988538,2,Small,Red
20260527099988537,2,Small,Red
20260527099988536,5,Big,Green Violet
20260527099988535,5,Big,Green Violet
20260527099988534,6,Big,Red
20260527099988533,9,Big,Green
20260527099988532,6,Big,Red
20260527099988531,1,Small,Green
20260527099988530,7,Big,Green
20260527099988529,0,Small,Red Violet
20260527099988528,0,Small,Red Violet
20260527099988527,8,Big,Red
20260527099988526,9,Big,Green
20260527099988525,8,Big,Red
20260527099988524,4,Small,Red
20260527099988523,2,Small,Red
20260527099988522,0,Small,Red Violet
20260527099988521,1,Small,Green
20260527099988520,6,Big,Red
20260527099988519,0,Small,Red Violet
20260527099988518,2,Small,Red
20260527099988517,6,Big,Red
20260527099988516,1,Small,Green
20260527099988515,5,Big,Green Violet
20260527099988514,8,Big,Red
20260527099988513,1,Small,Green
20260527099988512,8,Big,Red
20260527099988511,8,Big,Red
20260527099988510,1,Small,Green
20260527099988509,4,Small,Red
20260527099988508,1,Small,Green
20260527099988507,3,Small,Green
20260527099988506,6,Big,Red
20260527099988505,3,Small,Green
20260527099988504,7,Big,Green
20260527099988503,1,Small,Green
20260527099988502,8,Big,Red
20260527099988501,6,Big,Red
20260527099988500,6,Big,Red
20260527099988499,8,Big,Red
20260527099988498,2,Small,Red
20260527099988497,9,Big,Green
20260527099988496,8,Big,Red
20260527099988495,7,Big,Green
20260527099988494,5,Big,Green Violet
20260527099988493,2,Small,Red
20260527099988492,2,Small,Red
20260527099988491,9,Big,Green
20260527099988490,0,Small,Red Violet
20260527099988489,1,Small,Green
20260527099988488,6,Big,Red
20260527099988487,4,Small,Red
20260527099988486,4,Small,Red
20260527099988485,6,Big,Red
20260527099988484,4,Small,Red
20260527099988483,3,Small,Green
20260527099988482,6,Big,Red
20260527099988481,4,Small,Red
20260527099988480,2,Small,Red
20260527099988479,0,Small,Red Violet
20260527099988478,5,Big,Green Violet
20260527099988477,2,Small,Red
20260527099988476,3,Small,Green
20260527099988475,4,Small,Red
20260527099988474,6,Big,Red
20260527099988473,7,Big,Green
20260527099988472,4,Small,Red
20260527099988471,9,Big,Green
20260527099988470,8,Big,Red
20260527099988469,2,Small,Red
20260527099988468,8,Big,Red
20260527099988467,6,Big,Red
20260527099988466,7,Big,Green
20260527099988465,7,Big,Green
20260527099988464,5,Big,Green Violet
20260527099988463,2,Small,Red
20260527099988462,3,Small,Green
20260527099988461,9,Big,Green
20260527099988460,3,Small,Green
20260527099988459,1,Small,Green
20260527099988458,5,Big,Green Violet
20260527099988457,5,Big,Green Violet
20260527099988456,3,Small,Green
20260527099988455,3,Small,Green
20260527099988454,3,Small,Green
20260527099988453,6,Big,Red
20260527099988452,9,Big,Green
20260527099988451,7,Big,Green
20260527099988450,8,Big,Red
20260527099988449,0,Small,Red Violet
20260527099988448,8,Big,Red
20260527099988447,3,Small,Green
20260527099988446,5,Big,Green Violet
20260527099988445,3,Small,Green
20260527099988444,2,Small,Red
20260527099988443,3,Small,Green
20260527099988442,9,Big,Green
20260527099988441,9,Big,Green
20260527099988440,5,Big,Green Violet
20260527099988439,7,Big,Green
20260527099988438,5,Big,Green Violet
20260527099988437,2,Small,Red
20260527099988436,9,Big,Green
20260527099988435,5,Big,Green Violet
20260527099988434,3,Small,Green
20260527099988433,9,Big,Green
20260527099988432,3,Small,Green
20260527099988431,1,Small,Green
20260527099988430,8,Big,Red
20260527099988429,6,Big,Red
20260527099988428,8,Big,Red
20260527099988427,7,Big,Green
20260527099988426,3,Small,Green
20260527099988425,2,Small,Red
20260527099988424,9,Big,Green
20260527099988423,9,Big,Green
20260527099988422,7,Big,Green
20260527099988421,5,Big,Green Violet
20260527099988420,4,Small,Red
20260527099988419,4,Small,Red
20260527099988418,9,Big,Green
20260527099988417,9,Big,Green
20260527099988416,3,Small,Green
20260527099988415,2,Small,Red
20260527099988414,6,Big,Red
20260527099988413,1,Small,Green
20260527099988412,8,Big,Red
20260527099988411,8,Big,Red
20260527099988410,0,Small,Red Violet
20260527099988409,3,Small,Green
20260527099988408,1,Small,Green
20260527099988407,5,Big,Green Violet
20260527099988406,0,Small,Red Violet
20260527099988405,5,Big,Green Violet
20260527099988404,2,Small,Red
20260527099988403,7,Big,Green
20260527099988402,6,Big,Red
20260527099988401,8,Big,Red
20260527099988400,0,Small,Red Violet
20260527099988399,2,Small,Red
20260527099988398,5,Big,Green Violet
20260527099988397,5,Big,Green Violet
20260527099988396,0,Small,Red Violet
20260527099988395,6,Big,Red
20260527099988394,3,Small,Green
20260527099988393,0,Small,Red Violet
20260527099988392,3,Small,Green
20260527099988391,9,Big,Green
20260527099988390,0,Small,Red Violet
20260527099988389,3,Small,Green
20260527099988388,7,Big,Green
20260527099988387,6,Big,Red
20260527099988386,4,Small,Red
20260527099988385,4,Small,Red
20260527099988384,7,Big,Green
20260527099988383,2,Small,Red
20260527099988382,8,Big,Red
20260527099988381,3,Small,Green
20260527099988380,4,Small,Red
20260527099988379,1,Small,Green
20260527099988378,5,Big,Green Violet
20260527099988377,0,Small,Red Violet
20260527099988376,1,Small,Green
20260527099988375,7,Big,Green
20260527099988374,5,Big,Green Violet
20260527099988373,9,Big,Green
20260527099988372,9,Big,Green
20260527099988371,4,Small,Red
20260527099988370,8,Big,Red
20260527099988369,5,Big,Green Violet
20260527099988368,3,Small,Green
20260527099988367,9,Big,Green
20260527099988366,5,Big,Green Violet
20260527099988365,3,Small,Green
20260527099988364,2,Small,Red
20260527099988363,3,Small,Green
20260527099988362,5,Big,Green Violet
20260527099988361,8,Big,Red
20260527099988360,6,Big,Red
20260527099988359,4,Small,Red
20260527099988358,1,Small,Green
20260527099988357,7,Big,Green
20260527099988356,0,Small,Red Violet
20260527099988355,8,Big,Red
20260527099988354,3,Small,Green
20260527099988353,7,Big,Green
20260527099988352,7,Big,Green
20260527099988351,4,Small,Red
20260527099988350,7,Big,Green
20260527099988349,6,Big,Red
20260527099988348,6,Big,Red
20260527099988347,0,Small,Red Violet
20260527099988346,0,Small,Red Violet
20260527099988345,3,Small,Green
20260527099988344,2,Small,Red
20260527099988343,2,Small,Red
20260527099988342,6,Big,Red
20260527099988341,0,Small,Red Violet
20260527099988340,5,Big,Green Violet
20260527099988339,9,Big,Green
20260527099988338,1,Small,Green
20260527099988337,1,Small,Green
20260527099988336,5,Big,Green Violet
20260527099988335,0,Small,Red Violet
20260527099988334,8,Big,Red
20260527099988333,7,Big,Green
20260527099988332,5,Big,Green Violet
20260527099988331,8,Big,Red
20260527099988330,7,Big,Green
20260527099988329,6,Big,Red
20260527099988328,4,Small,Red
20260527099988327,1,Small,Green
20260527099988326,0,Small,Red Violet
20260527099988325,4,Small,Red
20260527099988324,5,Big,Green Violet
20260527099988323,1,Small,Green
20260527099988322,7,Big,Green
20260527099988321,5,Big,Green Violet
20260527099988320,2,Small,Red
20260527099988319,9,Big,Green
20260527099988318,9,Big,Green
20260527099988317,5,Big,Green Violet
20260527099988316,7,Big,Green
20260527099988315,4,Small,Red
20260527099988314,6,Big,Red
20260527099988313,8,Big,Red
20260527099988312,9,Big,Green
20260527099988311,3,Small,Green
20260527099988310,2,Small,Red
20260527099988309,3,Small,Green
20260527099988308,4,Small,Red
20260527099988307,7,Big,Green
20260527099988306,1,Small,Green
20260527099988305,7,Big,Green
20260527099988304,2,Small,Red
20260527099988303,4,Small,Red
20260527099988302,7,Big,Green
20260527099988301,8,Big,Red
20260527099988300,8,Big,Red
20260527099988299,4,Small,Red
20260527099988298,3,Small,Green
20260527099988297,2,Small,Red
20260527099988296,2,Small,Red
20260527099988295,1,Small,Green
20260527099988294,8,Big,Red
20260527099988293,2,Small,Red
20260527099988292,7,Big,Green
20260527099988291,5,Big,Green Violet
20260527099988290,6,Big,Red
20260527099988289,6,Big,Red
20260527099988288,2,Small,Red
20260527099988287,3,Small,Green
20260527099988286,4,Small,Red
20260527099988285,1,Small,Green
20260527099988284,1,Small,Green
20260527099988283,6,Big,Red
20260527099988282,2,Small,Red
20260527099988281,6,Big,Red
20260527099988280,6,Big,Red
20260527099988279,0,Small,Red Violet
20260527099988278,0,Small,Red Violet
20260527099988277,4,Small,Red
20260527099988276,7,Big,Green
20260527099988275,4,Small,Red
20260527099988274,0,Small,Red Violet
20260527099988273,1,Small,Green
20260527099988272,7,Big,Green
20260527099988271,0,Small,Red Violet
20260527099988270,2,Small,Red
20260527099988269,5,Big,Green Violet
20260527099988268,7,Big,Green
20260527099988267,1,Small,Green
20260527099988266,4,Small,Red
20260527099988265,4,Small,Red
20260527099988264,2,Small,Red
20260527099988263,8,Big,Red
20260527099988262,1,Small,Green
20260527099988261,0,Small,Red Violet
20260527099988260,4,Small,Red
20260527099988259,5,Big,Green Violet
20260527099988258,4,Small,Red
20260527099988257,4,Small,Red
20260527099988256,8,Big,Red
20260527099988255,2,Small,Red
20260527099988254,0,Small,Red Violet
20260527099988253,7,Big,Green
20260527099988252,9,Big,Green
20260527099988251,2,Small,Red
20260527099988250,5,Big,Green Violet
20260527099988249,9,Big,Green
20260527099988248,8,Big,Red
20260527099988247,2,Small,Red
20260527099988246,1,Small,Green
20260527099988245,1,Small,Green
20260527099988244,7,Big,Green
20260527099988243,1,Small,Green
20260527099988242,5,Big,Green Violet
20260527099988241,2,Small,Red
20260527099988240,7,Big,Green
20260527099988239,3,Small,Green
20260527099988238,8,Big,Red
20260527099988237,4,Small,Red
20260527099988236,9,Big,Green
20260527099988235,3,Small,Green
20260527099988234,9,Big,Green
20260527099988233,2,Small,Red
20260527099988232,0,Small,Red Violet
20260527099988231,5,Big,Green Violet
20260527099988230,5,Big,Green Violet
20260527099988229,1,Small,Green
20260527099988228,8,Big,Red
20260527099988227,2,Small,Red
20260527099988226,5,Big,Green Violet
20260527099988225,9,Big,Green
20260527099988224,4,Small,Red
20260527099988223,1,Small,Green
20260527099988222,6,Big,Red
20260527099988221,4,Small,Red
20260527099988220,1,Small,Green
20260527099988219,8,Big,Red
20260527099988218,7,Big,Green
20260527099988217,2,Small,Red
20260527099988216,5,Big,Green Violet
20260527099988215,0,Small,Red Violet
20260527099988214,5,Big,Green Violet
20260527099988213,0,Small,Red Violet
20260527099988212,5,Big,Green Violet
20260527099988211,4,Small,Red
20260527099988210,6,Big,Red
20260527099988209,8,Big,Red
20260527099988208,7,Big,Green
20260527099988207,7,Big,Green
20260527099988206,4,Small,Red
20260527099988205,6,Big,Red
20260527099988204,4,Small,Red
20260527099988203,6,Big,Red
20260527099988202,7,Big,Green
20260527099988201,1,Small,Green
20260527099988200,4,Small,Red
20260527099988199,9,Big,Green
20260527099988198,5,Big,Green Violet
20260527099988197,8,Big,Red
20260527099988196,6,Big,Red
20260527099988195,4,Small,Red
20260527099988194,0,Small,Red Violet
20260527099988193,3,Small,Green
20260527099988192,5,Big,Green Violet
20260527099988191,7,Big,Green
20260527099988190,5,Big,Green Violet
20260527099988189,4,Small,Red
20260527099988188,3,Small,Green
20260527099988187,1,Small,Green
20260527099988186,1,Small,Green
20260527099988185,8,Big,Red
20260527099988184,9,Big,Green
20260527099988183,0,Small,Red Violet
20260527099988182,1,Small,Green
20260527099988181,3,Small,Green
20260527099988180,6,Big,Red
20260527099988179,0,Small,Red Violet
20260527099988178,0,Small,Red Violet
20260527099988177,6,Big,Red
20260527099988176,4,Small,Red
20260527099988175,1,Small,Green
20260527099988174,5,Big,Green Violet
20260527099988173,8,Big,Red
20260527099988172,9,Big,Green
20260527099988171,8,Big,Red
20260527099988170,6,Big,Red
20260527099988169,6,Big,Red
20260527099988168,3,Small,Green
20260527099988167,2,Small,Red
20260527099988166,3,Small,Green
20260527099988165,8,Big,Red
20260527099988164,2,Small,Red
20260527099988163,0,Small,Red Violet
20260527099988162,1,Small,Green
20260527099988161,6,Big,Red
20260527099988160,6,Big,Red
20260527099988159,4,Small,Red
20260527099988158,7,Big,Green
20260527099988157,7,Big,Green
20260527099988156,2,Small,Red
20260527099988155,1,Small,Green
20260527099988154,7,Big,Green
20260527099988153,3,Small,Green
20260527099988152,7,Big,Green
20260527099988151,2,Small,Red
20260527099988150,4,Small,Red
20260527099988149,4,Small,Red
20260527099988148,2,Small,Red
20260527099988147,8,Big,Red
20260527099988146,0,Small,Red Violet
20260527099988145,4,Small,Red
20260527099988144,0,Small,Red Violet
20260527099988143,5,Big,Green Violet
20260527099988142,3,Small,Green
20260527099988141,3,Small,Green
20260527099988140,0,Small,Red Violet
20260527099988139,0,Small,Red Violet
20260527099988138,4,Small,Red
20260527099988137,7,Big,Green
20260527099988136,6,Big,Red
20260527099988135,2,Small,Red
20260527099988134,3,Small,Green
20260527099988133,9,Big,Green
20260527099988132,5,Big,Green Violet
20260527099988131,4,Small,Red
20260527099988130,3,Small,Green
20260527099988129,3,Small,Green
20260527099988128,5,Big,Green Violet
20260527099988127,5,Big,Green Violet
20260527099988126,4,Small,Red
20260527099988125,5,Big,Green Violet
20260527099988124,9,Big,Green
20260527099988123,6,Big,Red
20260527099988122,4,Small,Red
20260527099988121,6,Big,Red
20260527099988120,9,Big,Green
20260527099988119,0,Small,Red Violet
20260527099988118,7,Big,Green
20260527099988117,3,Small,Green
20260527099988116,7,Big,Green
20260527099988115,2,Small,Red
20260527099988114,9,Big,Green
20260527099988113,7,Big,Green
20260527099988112,0,Small,Red Violet
20260527099988111,9,Big,Green
20260527099988110,0,Small,Red Violet
20260527099988109,5,Big,Green Violet
20260527099988108,0,Small,Red Violet
20260527099988107,1,Small,Green
20260527099988106,4,Small,Red
20260527099988105,2,Small,Red
20260527099988104,7,Big,Green
20260527099988103,2,Small,Red
20260527099988102,3,Small,Green
20260527099988101,5,Big,Green Violet
20260527099988100,8,Big,Red
20260527099988099,7,Big,Green
20260527099988098,1,Small,Green
20260527099988097,3,Small,Green
20260527099988096,6,Big,Red
20260527099988095,6,Big,Red
20260527099988094,6,Big,Red
20260527099988093,3,Small,Green
20260527099988092,2,Small,Red
20260527099988091,7,Big,Green
20260527099988090,2,Small,Red
20260527099988089,1,Small,Green
20260527099988088,4,Small,Red
20260527099988087,6,Big,Red
20260527099988086,1,Small,Green
20260527099988085,9,Big,Green
20260527099988084,7,Big,Green
20260527099988083,0,Small,Red Violet
20260527099988082,7,Big,Green
20260527099988081,9,Big,Green
20260527099988080,8,Big,Red
20260527099988079,1,Small,Green
20260527099988078,5,Big,Green Violet
20260527099988077,2,Small,Red
20260527099988076,2,Small,Red
20260527099988075,3,Small,Green
20260527099988074,0,Small,Red Violet
20260527099988073,4,Small,Red
20260527099988072,9,Big,Green
20260527099988071,6,Big,Red
20260527099988070,1,Small,Green
20260527099988069,3,Small,Green
20260527099988068,4,Small,Red
20260527099988067,7,Big,Green
20260527099988066,0,Small,Red Violet
20260527099988065,3,Small,Green
20260527099988064,7,Big,Green
20260527099988063,8,Big,Red
20260527099988062,8,Big,Red
20260527099988061,4,Small,Red
20260527099988060,8,Big,Red
20260527099988059,9,Big,Green
20260527099988058,2,Small,Red
20260527099988057,0,Small,Red Violet
20260527099988056,0,Small,Red Violet
20260527099988055,8,Big,Red
20260527099988054,6,Big,Red
20260527099988053,2,Small,Red
20260527099988052,9,Big,Green
20260527099988051,6,Big,Red
20260527099988050,8,Big,Red
20260527099988049,0,Small,Red Violet
20260527099988048,8,Big,Red
20260527099988047,1,Small,Green
20260527099988046,6,Big,Red
20260527099988045,6,Big,Red
20260527099988044,1,Small,Green
20260527099988043,6,Big,Red
20260527099988042,4,Small,Red
20260527099988041,7,Big,Green
20260527099988040,2,Small,Red
20260527099988039,1,Small,Green
20260527099988038,3,Small,Green
20260527099988037,8,Big,Red
20260527099988036,3,Small,Green
20260527099988035,3,Small,Green
20260527099988034,0,Small,Red Violet
20260527099988033,2,Small,Red
20260527099988032,5,Big,Green Violet
20260527099988031,4,Small,Red
20260527099988030,7,Big,Green
20260527099988029,2,Small,Red
20260527099988028,4,Small,Red
20260527099988027,4,Small,Red
20260527099988026,1,Small,Green
20260527099988025,4,Small,Red
20260527099988024,7,Big,Green
20260527099988023,2,Small,Red
20260527099988022,8,Big,Red
20260527099988021,3,Small,Green
20260527099988020,0,Small,Red Violet
20260527099988019,2,Small,Red
20260527099988018,6,Big,Red
20260527099988017,2,Small,Red
20260527099988016,4,Small,Red
20260527099988015,2,Small,Red
20260527099988014,9,Big,Green
20260527099988013,4,Small,Red
20260527099988012,0,Small,Red Violet
20260527099988011,9,Big,Green
20260527099988010,4,Small,Red
20260527099988009,3,Small,Green
20260527099988008,2,Small,Red
20260527099988007,8,Big,Red
20260527099988006,6,Big,Red
20260527099988005,0,Small,Red Violet
20260527099988004,6,Big,Red
20260527099988003,1,Small,Green
20260527099988002,1,Small,Green
20260527099988001,7,Big,Green
20260527099988000,8,Big,Red
20260527099987999,5,Big,Green Violet
20260527099987998,3,Small,Green
20260527099987997,5,Big,Green Violet
20260527099987996,5,Big,Green Violet
20260527099987995,6,Big,Red
20260527099987994,8,Big,Red
20260527099987993,0,Small,Red Violet
20260527099987992,6,Big,Red
20260527099987991,1,Small,Green
20260527099987990,1,Small,Green
20260527099987989,2,Small,Red
20260527099987988,6,Big,Red
20260527099987987,5,Big,Green Violet
20260527099987986,1,Small,Green
20260527099987985,4,Small,Red
20260527099987984,0,Small,Red Violet
20260527099987983,2,Small,Red
20260527099987982,0,Small,Red Violet
20260527099987981,6,Big,Red
20260527099987980,6,Big,Red
20260527099987979,7,Big,Green
20260527099987978,1,Small,Green
20260527099987977,3,Small,Green
20260527099987976,0,Small,Red Violet
20260527099987975,4,Small,Red
20260527099987974,8,Big,Red
20260527099987973,8,Big,Red
20260527099987972,7,Big,Green
20260527099987971,6,Big,Red
20260527099987970,9,Big,Green
20260527099987969,4,Small,Red
20260527099987968,8,Big,Red
20260527099987967,5,Big,Green Violet
20260527099987966,6,Big,Red
20260527099987965,8,Big,Red
20260527099987964,1,Small,Green
20260527099987963,8,Big,Red
20260527099987962,4,Small,Red
20260527099987961,9,Big,Green
20260527099987960,9,Big,Green
20260527099987959,1,Small,Green
20260527099987958,9,Big,Green
20260527099987957,7,Big,Green
20260527099987956,1,Small,Green
20260527099987955,6,Big,Red
20260527099987954,6,Big,Red
20260527099987953,6,Big,Red
20260527099987952,3,Small,Green
20260527099987951,5,Big,Green Violet
20260527099987950,0,Small,Red Violet
20260527099987949,0,Small,Red Violet
20260527099987948,2,Small,Red
20260527099987947,3,Small,Green
20260527099987946,9,Big,Green
20260527099987945,7,Big,Green
20260527099987944,9,Big,Green
20260527099987943,7,Big,Green
20260527099987942,2,Small,Red
20260527099987941,8,Big,Red
20260527099987940,8,Big,Red
20260527099987939,8,Big,Red
20260527099987938,8,Big,Red
20260527099987937,9,Big,Green
20260527099987936,4,Small,Red
20260527099987935,4,Small,Red
20260527099987934,1,Small,Green
20260527099987933,8,Big,Red
20260527099987932,5,Big,Green Violet
20260527099987931,3,Small,Green
20260527099987930,4,Small,Red
20260527099987929,7,Big,Green
20260527099987928,7,Big,Green
20260527099987927,7,Big,Green
20260527099987926,9,Big,Green
20260527099987925,2,Small,Red
20260527099987924,6,Big,Red
20260527099987923,6,Big,Red
20260527099987922,6,Big,Red
20260527099987921,1,Small,Green
20260527099987920,0,Small,Red Violet
20260527099987919,6,Big,Red
20260527099987918,1,Small,Green
20260527099987917,3,Small,Green
20260527099987916,6,Big,Red
20260527099987915,2,Small,Red
20260527099987914,7,Big,Green
20260527099987913,5,Big,Green Violet
20260527099987912,3,Small,Green
20260527099987911,1,Small,Green
20260527099987910,1,Small,Green
20260527099987909,9,Big,Green
20260527099987908,4,Small,Red
20260527099987907,3,Small,Green
20260527099987906,2,Small,Red
20260527099987905,8,Big,Red
20260527099987904,4,Small,Red
20260527099987903,3,Small,Green
20260527099987902,3,Small,Green
20260527099987901,8,Big,Red
20260527099987900,9,Big,Green
20260527099987899,5,Big,Green Violet
20260527099987898,2,Small,Red
20260527099987897,2,Small,Red
20260527099987896,5,Big,Green Violet
20260527099987895,5,Big,Green Violet
20260527099987894,4,Small,Red
20260527099987893,9,Big,Green
20260527099987892,9,Big,Green
20260527099987891,8,Big,Red
20260527099987890,5,Big,Green Violet
20260527099987889,5,Big,Green Violet
20260527099987888,7,Big,Green
20260527099987887,5,Big,Green Violet
20260527099987886,1,Small,Green
20260527099987885,6,Big,Red
20260527099987884,5,Big,Green Violet
20260527099987883,9,Big,Green
20260527099987882,3,Small,Green
20260527099987881,0,Small,Red Violet
20260527099987880,7,Big,Green
20260527099987879,1,Small,Green
20260527099987878,2,Small,Red
20260527099987877,4,Small,Red
20260527099987876,0,Small,Red Violet
20260527099987875,4,Small,Red
20260527099987874,7,Big,Green
20260527099987873,1,Small,Green
20260527099987872,1,Small,Green
20260527099987871,5,Big,Green Violet
20260527099987870,1,Small,Green
20260527099987869,1,Small,Green
20260527099987868,1,Small,Green
20260527099987867,2,Small,Red
20260527099987866,8,Big,Red
20260527099987865,1,Small,Green
20260527099987864,3,Small,Green
20260527099987863,5,Big,Green Violet
20260527099987862,4,Small,Red
20260527099987861,7,Big,Green
20260527099987860,3,Small,Green
20260527099987859,8,Big,Red
20260527099987858,3,Small,Green
20260527099987857,8,Big,Red
20260527099987856,0,Small,Red Violet
20260527099987855,0,Small,Red Violet
20260527099987854,8,Big,Red
20260527099987853,1,Small,Green
20260527099987852,8,Big,Red
20260527099987851,0,Small,Red Violet
20260527099987850,5,Big,Green Violet
20260527099987849,9,Big,Green
20260527099987848,5,Big,Green Violet
20260527099987847,1,Small,Green
20260527099987846,7,Big,Green
20260527099987845,9,Big,Green
20260527099987844,9,Big,Green
20260527099987843,9,Big,Green
20260527099987842,7,Big,Green
20260527099987841,1,Small,Green
20260527099987840,3,Small,Green
20260527099987839,1,Small,Green
20260527099987838,0,Small,Red Violet
20260527099987837,3,Small,Green
20260527099987836,7,Big,Green
20260527099987835,2,Small,Red
20260527099987834,4,Small,Red
20260527099987833,1,Small,Green
20260527099987832,9,Big,Green
20260527099987831,2,Small,Red
20260527099987830,5,Big,Green Violet
20260527099987829,4,Small,Red
20260527099987828,6,Big,Red
20260527099987827,9,Big,Green
20260527099987826,1,Small,Green
20260527099987825,4,Small,Red
20260527099987824,0,Small,Red Violet
20260527099987823,7,Big,Green
20260527099987822,8,Big,Red
20260527099987821,8,Big,Red
20260527099987820,5,Big,Green Violet
20260527099987819,1,Small,Green
20260527099987818,1,Small,Green
20260527099987817,5,Big,Green Violet
20260527099987816,2,Small,Red
20260527099987815,9,Big,Green
20260527099987814,0,Small,Red Violet
20260527099987813,7,Big,Green
20260527099987812,7,Big,Green
20260527099987811,9,Big,Green
20260527099987810,2,Small,Red
20260527099987809,8,Big,Red
20260527099987808,2,Small,Red
20260527099987807,3,Small,Green
20260527099987806,4,Small,Red
20260527099987805,4,Small,Red
20260527099987804,9,Big,Green
20260527099987803,4,Small,Red
20260527099987802,9,Big,Green
20260527099987801,6,Big,Red
20260527099987800,0,Small,Red Violet
20260527099987799,1,Small,Green
20260527099987798,0,Small,Red Violet
20260527099987797,3,Small,Green
20260527099987796,3,Small,Green
20260527099987795,7,Big,Green
20260527099987794,9,Big,Green
20260527099987793,9,Big,Green
20260527099987792,1,Small,Green
20260527099987791,9,Big,Green
20260527099987790,8,Big,Red
20260527099987789,8,Big,Red
20260527099987788,8,Big,Red
20260527099987787,0,Small,Red Violet
20260527099987786,6,Big,Red
20260527099987785,4,Small,Red
20260527099987784,2,Small,Red
20260527099987783,3,Small,Green
20260527099987782,4,Small,Red
20260527099987781,2,Small,Red
20260527099987780,8,Big,Red
20260527099987779,7,Big,Green
20260527099987778,5,Big,Green Violet
20260527099987777,5,Big,Green Violet
20260527099987776,0,Small,Red Violet
20260527099987775,6,Big,Red
20260527099987774,7,Big,Green
20260527099987773,6,Big,Red
20260527099987772,0,Small,Red Violet
20260527099987771,1,Small,Green
20260527099987770,0,Small,Red Violet
20260527099987769,5,Big,Green Violet
20260527099987768,6,Big,Red
20260527099987767,7,Big,Green
20260527099987766,1,Small,Green
20260527099987765,5,Big,Green Violet
20260527099987764,4,Small,Red
20260527099987763,8,Big,Red
20260527099987762,2,Small,Red
20260527099987761,4,Small,Red
20260527099987760,7,Big,Green
20260527099987759,4,Small,Red
20260527099987758,5,Big,Green Violet
20260527099987757,9,Big,Green
20260527099987756,9,Big,Green
20260527099987755,0,Small,Red Violet
20260527099987754,8,Big,Red
20260527099987753,4,Small,Red
20260527099987752,9,Big,Green
20260527099987751,6,Big,Red
20260527099987750,4,Small,Red
20260527099987749,5,Big,Green Violet
20260527099987748,0,Small,Red Violet
20260527099987747,5,Big,Green Violet
20260527099987746,3,Small,Green
20260527099987745,8,Big,Red
20260527099987744,3,Small,Green
20260527099987743,7,Big,Green
20260527099987742,7,Big,Green
20260527099987741,8,Big,Red
20260527099987740,5,Big,Green Violet
20260527099987739,4,Small,Red
20260527099987738,3,Small,Green
20260527099987737,1,Small,Green
20260527099987736,4,Small,Red
20260527099987735,0,Small,Red Violet
20260527099987734,1,Small,Green
20260527099987733,4,Small,Red
20260527099987732,9,Big,Green
20260527099987731,5,Big,Green Violet
20260527099987730,7,Big,Green
20260527099987729,0,Small,Red Violet
20260527099987728,6,Big,Red
20260527099987727,4,Small,Red
20260527099987726,0,Small,Red Violet
20260527099987725,6,Big,Red
20260527099987724,5,Big,Green Violet
20260527099987723,8,Big,Red
20260527099987722,7,Big,Green
20260527099987721,1,Small,Green
20260527099987720,3,Small,Green
20260527099987719,7,Big,Green
20260527099987718,1,Small,Green
20260527099987717,1,Small,Green
20260527099987716,7,Big,Green
20260527099987715,1,Small,Green
20260527099987714,9,Big,Green
20260527099987713,9,Big,Green
20260527099987712,5,Big,Green Violet
20260527099987711,0,Small,Red Violet
20260527099987710,5,Big,Green Violet
20260527099987709,3,Small,Green
20260527099987708,6,Big,Red
20260527099987707,3,Small,Green
20260527099987706,7,Big,Green
20260527099987705,7,Big,Green
20260527099987704,0,Small,Red Violet
20260527099987703,6,Big,Red
20260527099987702,3,Small,Green
20260527099987701,6,Big,Red
20260527099987700,2,Small,Red
20260527099987699,2,Small,Red
20260527099987698,5,Big,Green Violet
20260527099987697,1,Small,Green
20260527099987696,5,Big,Green Violet
20260527099987695,3,Small,Green
20260527099987694,3,Small,Green
20260527099987693,8,Big,Red
20260527099987692,7,Big,Green
20260527099987691,3,Small,Green
20260527099987690,0,Small,Red Violet
20260527099987689,5,Big,Green Violet
20260527099987688,2,Small,Red
20260527099987687,5,Big,Green Violet
20260527099987686,6,Big,Red
20260527099987685,2,Small,Red
20260527099987684,1,Small,Green
20260527099987683,6,Big,Red
20260527099987682,3,Small,Green
20260527099987681,8,Big,Red
20260527099987680,9,Big,Green
20260527099987679,6,Big,Red
20260527099987678,1,Small,Green
20260527099987677,7,Big,Green
20260527099987676,9,Big,Green
20260527099987675,7,Big,Green
20260527099987674,6,Big,Red
20260527099987673,0,Small,Red Violet
20260527099987672,6,Big,Red
20260527099987671,2,Small,Red
20260527099987670,5,Big,Green Violet
20260527099987669,0,Small,Red Violet
20260527099987668,1,Small,Green
20260527099987667,6,Big,Red
20260527099987666,0,Small,Red Violet
20260527099987665,8,Big,Red
20260527099987664,8,Big,Red
20260527099987663,8,Big,Red
20260527099987662,5,Big,Green Violet
20260527099987661,1,Small,Green
20260527099987660,5,Big,Green Violet
20260527099987659,1,Small,Green
20260527099987658,0,Small,Red Violet
20260527099987657,0,Small,Red Violet
20260527099987656,9,Big,Green
20260527099987655,2,Small,Red
20260527099987654,7,Big,Green
20260527099987653,2,Small,Red
20260527099987652,9,Big,Green
20260527099987651,4,Small,Red
20260527099987650,7,Big,Green
20260527099987649,5,Big,Green Violet
20260527099987648,8,Big,Red
20260527099987647,5,Big,Green Violet
20260527099987646,3,Small,Green
20260527099987645,6,Big,Red
20260527099987644,9,Big,Green
20260527099987643,7,Big,Green
20260527099987642,4,Small,Red
20260527099987641,6,Big,Red
20260527099987640,2,Small,Red
20260527099987639,9,Big,Green
20260527099987638,8,Big,Red
20260527099987637,7,Big,Green
20260527099987636,4,Small,Red
20260527099987635,1,Small,Green
20260527099987634,9,Big,Green
20260527099987633,1,Small,Green
20260527099987632,0,Small,Red Violet
20260527099987631,1,Small,Green
20260527099987630,8,Big,Red
20260527099987629,9,Big,Green
20260527099987628,7,Big,Green
20260527099987627,3,Small,Green
20260527099987626,0,Small,Red Violet
20260527099987625,3,Small,Green
20260527099987624,9,Big,Green
20260527099987623,9,Big,Green
20260527099987622,0,Small,Red Violet
20260527099987621,8,Big,Red
20260527099987620,0,Small,Red Violet
20260527099987619,8,Big,Red
20260527099987618,1,Small,Green
20260527099987617,7,Big,Green
20260527099987616,6,Big,Red
20260527099987615,7,Big,Green
20260527099987614,5,Big,Green Violet
20260527099987613,3,Small,Green
20260527099987612,7,Big,Green
20260527099987611,5,Big,Green Violet
20260527099987610,3,Small,Green
20260527099987609,6,Big,Red
20260527099987608,1,Small,Green
20260527099987607,7,Big,Green
20260527099987606,3,Small,Green
20260527099987605,4,Small,Red
20260527099987604,1,Small,Green
20260527099987603,4,Small,Red
20260527099987602,0,Small,Red Violet
20260527099987601,1,Small,Green
20260527099987600,5,Big,Green Violet
20260527099987599,9,Big,Green
20260527099987598,6,Big,Red
20260527099987597,0,Small,Red Violet
20260527099987596,1,Small,Green
20260527099987595,0,Small,Red Violet
20260527099987594,4,Small,Red
20260527099987593,3,Small,Green
20260527099987592,2,Small,Red
20260527099987591,0,Small,Red Violet
20260527099987590,5,Big,Green Violet
20260527099987589,7,Big,Green
20260527099987588,9,Big,Green
20260527099987587,7,Big,Green
20260527099987586,8,Big,Red
20260527099987585,2,Small,Red
20260527099987584,0,Small,Red Violet
20260527099987583,8,Big,Red
20260527099987582,2,Small,Red
20260527099987581,0,Small,Red Violet
20260527099987580,5,Big,Green Violet
20260527099987579,6,Big,Red
20260527099987578,9,Big,Green
20260527099987577,3,Small,Green
20260527099987576,3,Small,Green
20260527099987575,6,Big,Red
20260527099987574,7,Big,Green
20260527099987573,5,Big,Green Violet
20260527099987572,3,Small,Green
20260527099987571,4,Small,Red
20260527099987570,3,Small,Green
20260527099987569,8,Big,Red
20260527099987568,0,Small,Red Violet
20260527099987567,7,Big,Green
20260527099987566,6,Big,Red
20260527099987565,8,Big,Red
20260527099987564,8,Big,Red
20260527099987563,3,Small,Green
20260527099987562,7,Big,Green
20260527099987561,2,Small,Red
20260527099987560,2,Small,Red
20260527099987559,5,Big,Green Violet
20260527099987558,9,Big,Green
20260527099987557,1,Small,Green
20260527099987556,0,Small,Red Violet
20260527099987555,9,Big,Green
20260527099987554,6,Big,Red
20260527099987553,8,Big,Red
20260527099987552,0,Small,Red Violet
20260527099987551,3,Small,Green
20260527099987550,2,Small,Red
20260527099987549,4,Small,Red
20260527099987548,8,Big,Red
20260527099987547,7,Big,Green
20260527099987546,5,Big,Green Violet
20260527099987545,9,Big,Green
20260527099987544,1,Small,Green
20260527099987543,7,Big,Green
20260527099987542,2,Small,Red
20260527099987541,6,Big,Red
20260527099987540,7,Big,Green
20260527099987539,7,Big,Green
20260527099987538,9,Big,Green
20260527099987537,2,Small,Red
20260527099987536,6,Big,Red
20260527099987535,8,Big,Red
20260527099987534,0,Small,Red Violet
20260527099987533,6,Big,Red
20260527099987532,8,Big,Red
20260527099987531,5,Big,Green Violet
20260527099987530,4,Small,Red
20260527099987529,0,Small,Red Violet
20260527099987528,4,Small,Red
20260527099987527,1,Small,Green
20260527099987526,6,Big,Red
20260527099987525,8,Big,Red
20260527099987524,1,Small,Green
20260527099987523,1,Small,Green
20260527099987522,2,Small,Red
20260527099987521,4,Small,Red
20260527099987520,6,Big,Red
20260527099987519,7,Big,Green
20260527099987518,5,Big,Green Violet
20260527099987517,5,Big,Green Violet
20260527099987516,7,Big,Green
20260527099987515,4,Small,Red
20260527099987514,4,Small,Red
20260527099987513,6,Big,Red
20260527099987512,3,Small,Green
20260527099987511,0,Small,Red Violet
20260527099987510,3,Small,Green
20260527099987509,9,Big,Green
20260527099987508,3,Small,Green
20260527099987507,4,Small,Red
20260527099987506,4,Small,Red
20260527099987505,1,Small,Green
20260527099987504,1,Small,Green
20260527099987503,9,Big,Green
20260527099987502,4,Small,Red
20260527099987501,1,Small,Green
20260527099987500,5,Big,Green Violet
20260527099987499,9,Big,Green
20260527099987498,2,Small,Red
20260527099987497,7,Big,Green
20260527099987496,2,Small,Red
20260527099987495,3,Small,Green
20260527099987494,3,Small,Green
20260527099987493,5,Big,Green Violet
20260527099987492,2,Small,Red
20260527099987491,3,Small,Green
20260527099987490,4,Small,Red
20260527099987489,2,Small,Red
20260527099987488,9,Big,Green
20260527099987487,7,Big,Green
20260527099987486,0,Small,Red Violet
20260527099987485,8,Big,Red
20260527099987484,7,Big,Green
20260527099987483,4,Small,Red
20260527099987482,6,Big,Red
20260527099987481,1,Small,Green
20260527099987480,3,Small,Green
20260527099987479,3,Small,Green
20260527099987478,1,Small,Green
20260527099987477,3,Small,Green
20260527099987476,1,Small,Green
20260527099987475,2,Small,Red
20260527099987474,3,Small,Green
20260527099987473,4,Small,Red
20260527099987472,0,Small,Red Violet
20260527099987471,6,Big,Red
20260527099987470,2,Small,Red
20260527099987469,7,Big,Green
20260527099987468,8,Big,Red
20260527099987467,4,Small,Red
20260527099987466,9,Big,Green
20260527099987465,5,Big,Green Violet
20260527099987464,5,Big,Green Violet
20260527099987463,8,Big,Red
20260527099987462,0,Small,Red Violet
20260527099987461,2,Small,Red
20260527099987460,2,Small,Red
20260527099987459,6,Big,Red
20260527099987458,3,Small,Green
20260527099987457,8,Big,Red
20260527099987456,1,Small,Green
20260527099987455,7,Big,Green
20260527099987454,3,Small,Green
20260527099987453,3,Small,Green
20260527099987452,4,Small,Red
20260527099987451,1,Small,Green
20260527099987450,0,Small,Red Violet
20260527099987449,8,Big,Red
20260527099987448,1,Small,Green
20260527099987447,0,Small,Red Violet
20260527099987446,5,Big,Green Violet
20260527099987445,4,Small,Red
20260527099987444,7,Big,Green
20260527099987443,4,Small,Red
20260527099987442,4,Small,Red
20260527099987441,4,Small,Red
20260527099987440,9,Big,Green
20260527099987439,1,Small,Green
20260527099987438,2,Small,Red
20260527099987437,9,Big,Green
20260527099987436,9,Big,Green
20260527099987435,2,Small,Red
20260527099987434,2,Small,Red
20260527099987433,7,Big,Green
20260527099987432,6,Big,Red
20260527099987431,6,Big,Red
20260527099987430,9,Big,Green
20260527099987429,7,Big,Green
20260527099987428,1,Small,Green
20260527099987427,1,Small,Green
20260527099987426,7,Big,Green
20260527099987425,8,Big,Red
20260527099987424,3,Small,Green
20260527099987423,0,Small,Red Violet
20260527099987422,2,Small,Red
20260527099987421,1,Small,Green
20260527099987420,3,Small,Green
20260527099987419,0,Small,Red Violet
20260527099987418,7,Big,Green
20260527099987417,7,Big,Green
20260527099987416,4,Small,Red
20260527099987415,4,Small,Red
20260527099987414,6,Big,Red
20260527099987413,3,Small,Green
20260527099987412,7,Big,Green
20260527099987411,8,Big,Red
20260527099987410,0,Small,Red Violet
20260527099987409,1,Small,Green
20260527099987408,5,Big,Green Violet
20260527099987407,5,Big,Green Violet
20260527099987406,7,Big,Green
20260527099987405,4,Small,Red
20260527099987404,7,Big,Green
20260527099987403,7,Big,Green
20260527099987402,4,Small,Red
20260527099987401,2,Small,Red
20260527099987400,4,Small,Red
20260527099987399,9,Big,Green
20260527099987398,3,Small,Green
20260527099987397,7,Big,Green
20260527099987396,5,Big,Green Violet
20260527099987395,4,Small,Red
20260527099987394,9,Big,Green
20260527099987393,7,Big,Green
20260527099987392,1,Small,Green
20260527099987391,7,Big,Green
20260527099987390,9,Big,Green
20260527099987389,2,Small,Red
20260527099987388,1,Small,Green
20260527099987387,1,Small,Green
20260527099987386,6,Big,Red
20260527099987385,8,Big,Red
20260527099987384,2,Small,Red
20260527099987383,0,Small,Red Violet
20260527099987382,8,Big,Red
20260527099987381,8,Big,Red
20260527099987380,1,Small,Green
20260527099987379,2,Small,Red
20260527099987378,6,Big,Red
20260527099987377,6,Big,Red
20260527099987376,9,Big,Green
20260527099987375,4,Small,Red
20260527099987374,2,Small,Red
20260527099987373,2,Small,Red
20260527099987372,2,Small,Red
20260527099987371,3,Small,Green
20260527099987370,4,Small,Red
20260527099987369,6,Big,Red
20260527099987368,9,Big,Green
20260527099987367,5,Big,Green Violet
20260527099987366,3,Small,Green
20260527099987365,3,Small,Green
20260527099987364,3,Small,Green
20260527099987363,4,Small,Red
20260527099987362,6,Big,Red
20260527099987361,5,Big,Green Violet
20260527099987360,6,Big,Red
20260527099987359,2,Small,Red
20260527099987358,8,Big,Red
20260527099987357,1,Small,Green
20260527099987356,3,Small,Green
20260527099987355,6,Big,Red
20260527099987354,6,Big,Red
20260527099987353,4,Small,Red
20260527099987352,9,Big,Green
20260527099987351,3,Small,Green
20260527099987350,3,Small,Green
20260527099987349,0,Small,Red Violet
20260527099987348,4,Small,Red
20260527099987347,9,Big,Green
20260527099987346,9,Big,Green
20260527099987345,0,Small,Red Violet
20260527099987344,9,Big,Green
20260527099987343,3,Small,Green
20260527099987342,1,Small,Green
20260527099987341,2,Small,Red
20260527099987340,6,Big,Red
20260527099987339,2,Small,Red
20260527099987338,4,Small,Red
20260527099987337,6,Big,Red
20260527099987336,4,Small,Red
20260527099987335,8,Big,Red
20260527099987334,6,Big,Red
20260527099987333,0,Small,Red Violet
20260527099987332,4,Small,Red
20260527099987331,3,Small,Green
20260527099987330,4,Small,Red
20260527099987329,9,Big,Green
20260527099987328,7,Big,Green
20260527099987327,2,Small,Red
20260527099987326,1,Small,Green
20260527099987325,9,Big,Green
20260527099987324,1,Small,Green
20260527099987323,8,Big,Red
20260527099987322,1,Small,Green
20260527099987321,2,Small,Red
20260527099987320,5,Big,Green Violet
20260527099987319,9,Big,Green
20260527099987318,3,Small,Green
20260527099987317,7,Big,Green
20260527099987316,0,Small,Red Violet
20260527099987315,7,Big,Green
20260527099987314,2,Small,Red
20260527099987313,6,Big,Red
20260527099987312,2,Small,Red
20260527099987311,0,Small,Red Violet
20260527099987310,2,Small,Red
20260527099987309,0,Small,Red Violet
20260527099987308,0,Small,Red Violet
20260527099987307,8,Big,Red
20260527099987306,0,Small,Red Violet
20260527099987305,1,Small,Green
20260527099987304,1,Small,Green
20260527099987303,8,Big,Red
20260527099987302,1,Small,Green
20260527099987301,9,Big,Green
20260527099987300,8,Big,Red
20260527099987299,2,Small,Red
20260527099987298,0,Small,Red Violet
20260527099987297,5,Big,Green Violet
20260527099987296,7,Big,Green
20260527099987295,4,Small,Red
20260527099987294,7,Big,Green
20260527099987293,0,Small,Red Violet
20260527099987292,6,Big,Red
20260527099987291,7,Big,Green
20260527099987290,8,Big,Red
20260527099987289,0,Small,Red Violet
20260527099987288,0,Small,Red Violet
20260527099987287,9,Big,Green
20260527099987286,9,Big,Green
20260527099987285,7,Big,Green
20260527099987284,7,Big,Green
20260527099987283,4,Small,Red
20260527099987282,6,Big,Red
20260527099987281,0,Small,Red Violet
20260527099987280,4,Small,Red
20260527099987279,3,Small,Green
20260527099987278,1,Small,Green
20260527099987277,6,Big,Red
20260527099987276,9,Big,Green
20260527099987275,1,Small,Green
20260527099987274,7,Big,Green
20260527099987273,6,Big,Red
20260527099987272,7,Big,Green
20260527099987271,0,Small,Red Violet
20260527099987270,9,Big,Green
20260527099987269,5,Big,Green Violet
20260527099987268,9,Big,Green
20260527099987267,1,Small,Green
20260527099987266,0,Small,Red Violet
20260527099987265,1,Small,Green
20260527099987264,8,Big,Red
20260527099987263,7,Big,Green
20260527099987262,5,Big,Green Violet
20260527099987261,3,Small,Green
20260527099987260,3,Small,Green
20260527099987259,1,Small,Green
20260527099987258,7,Big,Green
20260527099987257,4,Small,Red
20260527099987256,4,Small,Red
20260527099987255,4,Small,Red
20260527099987254,5,Big,Green Violet
20260527099987253,2,Small,Red
20260527099987252,6,Big,Red
20260527099987251,0,Small,Red Violet
20260527099987250,1,Small,Green
20260527099987249,1,Small,Green
20260527099987248,9,Big,Green
20260527099987247,1,Small,Green
20260527099987246,8,Big,Red
20260527099987245,9,Big,Green
20260527099987244,5,Big,Green Violet
20260527099987243,9,Big,Green
20260527099987242,7,Big,Green
20260527099987241,4,Small,Red
20260527099987240,5,Big,Green Violet
20260527099987239,4,Small,Red
20260527099987238,5,Big,Green Violet
20260527099987237,5,Big,Green Violet
20260527099987236,9,Big,Green
20260527099987235,5,Big,Green Violet
20260527099987234,5,Big,Green Violet
20260527099987233,8,Big,Red
20260527099987232,1,Small,Green
20260527099987231,3,Small,Green
20260527099987230,4,Small,Red
20260527099987229,0,Small,Red Violet
20260527099987228,9,Big,Green
20260527099987227,1,Small,Green
20260527099987226,6,Big,Red
20260527099987225,8,Big,Red
20260527099987224,9,Big,Green
20260527099987223,8,Big,Red
20260527099987222,1,Small,Green
20260527099987221,2,Small,Red
20260527099987220,4,Small,Red
20260527099987219,2,Small,Red
20260527099987218,5,Big,Green Violet
20260527099987217,1,Small,Green
20260527099987216,5,Big,Green Violet
20260527099987215,5,Big,Green Violet
20260527099987214,4,Small,Red
20260527099987213,3,Small,Green
20260527099987212,4,Small,Red
20260527099987211,4,Small,Red
20260527099987210,3,Small,Green
20260527099987209,2,Small,Red
20260527099987208,4,Small,Red
20260527099987207,5,Big,Green Violet
20260527099987206,9,Big,Green
20260527099987205,0,Small,Red Violet
20260527099987204,5,Big,Green Violet
20260527099987203,4,Small,Red
20260527099987202,3,Small,Green
20260527099987201,9,Big,Green
20260527099987200,4,Small,Red
20260527099987199,0,Small,Red Violet
20260527099987198,0,Small,Red Violet
20260527099987197,5,Big,Green Violet
20260527099987196,3,Small,Green
20260527099987195,2,Small,Red
20260527099987194,7,Big,Green
20260527099987193,9,Big,Green
20260527099987192,5,Big,Green Violet
20260527099987191,2,Small,Red
20260527099987190,1,Small,Green
20260527099987189,4,Small,Red
20260527099987188,9,Big,Green
20260527099987187,3,Small,Green
20260527099987186,5,Big,Green Violet
20260527099987185,2,Small,Red
20260527099987184,0,Small,Red Violet
20260527099987183,4,Small,Red
20260527099987182,9,Big,Green
20260527099987181,6,Big,Red
20260527099987180,2,Small,Red
20260527099987179,6,Big,Red
20260527099987178,0,Small,Red Violet
20260527099987177,2,Small,Red
20260527099987176,6,Big,Red
20260527099987175,8,Big,Red
20260527099987174,1,Small,Green
20260527099987173,3,Small,Green
20260527099987172,7,Big,Green
20260527099987171,9,Big,Green
20260527099987170,2,Small,Red
20260527099987169,0,Small,Red Violet
20260527099987168,8,Big,Red
20260527099987167,7,Big,Green
20260527099987166,2,Small,Red
20260527099987165,9,Big,Green
20260527099987164,2,Small,Red
20260527099987163,3,Small,Green
20260527099987162,6,Big,Red
20260527099987161,4,Small,Red
20260527099987160,6,Big,Red
20260527099987159,6,Big,Red
20260527099987158,7,Big,Green
20260527099987157,4,Small,Red
20260527099987156,8,Big,Red
20260527099987155,9,Big,Green
20260527099987154,3,Small,Green
20260527099987153,8,Big,Red
20260527099987152,1,Small,Green
20260527099987151,6,Big,Red
20260527099987150,2,Small,Red
20260527099987149,4,Small,Red
20260527099987148,2,Small,Red
20260527099987147,2,Small,Red
20260527099987146,1,Small,Green
20260527099987145,9,Big,Green
20260527099987144,3,Small,Green
20260527099987143,3,Small,Green
20260527099987142,8,Big,Red
20260527099987141,4,Small,Red
20260527099987140,0,Small,Red Violet
20260527099987139,2,Small,Red
20260527099987138,0,Small,Red Violet
20260527099987137,7,Big,Green
20260527099987136,3,Small,Green
20260527099987135,1,Small,Green
20260527099987134,3,Small,Green
20260527099987133,1,Small,Green
20260527099987132,4,Small,Red
20260527099987131,8,Big,Red
20260527099987130,7,Big,Green
20260527099987129,1,Small,Green
20260527099987128,4,Small,Red
20260527099987127,2,Small,Red
20260527099987126,0,Small,Red Violet
20260527099987125,3,Small,Green
20260527099987124,1,Small,Green
20260527099987123,4,Small,Red
20260527099987122,7,Big,Green
20260527099987121,3,Small,Green
20260527099987120,5,Big,Green Violet
20260527099987119,8,Big,Red
20260527099987118,5,Big,Green Violet
20260527099987117,5,Big,Green Violet
20260527099987116,1,Small,Green
20260527099987115,8,Big,Red
20260527099987114,2,Small,Red
20260527099987113,7,Big,Green
20260527099987112,0,Small,Red Violet
20260527099987111,1,Small,Green
20260527099987110,7,Big,Green
20260527099987109,8,Big,Red
20260527099987108,6,Big,Red
20260527099987107,4,Small,Red
20260527099987106,9,Big,Green
20260527099987105,8,Big,Red
20260527099987104,2,Small,Red
20260527099987103,2,Small,Red
20260527099987102,2,Small,Red
20260527099987101,7,Big,Green
20260527099987100,3,Small,Green
20260527099987099,3,Small,Green
20260527099987098,0,Small,Red Violet
20260527099987097,7,Big,Green
20260527099987096,9,Big,Green
20260527099987095,5,Big,Green Violet
20260527099987094,6,Big,Red
20260527099987093,1,Small,Green
20260527099987092,7,Big,Green
20260527099987091,3,Small,Green
20260527099987090,5,Big,Green Violet
20260527099987089,9,Big,Green
20260527099987088,3,Small,Green
20260527099987087,1,Small,Green
20260527099987086,8,Big,Red
20260527099987085,3,Small,Green
20260527099987084,6,Big,Red
20260527099987083,3,Small,Green
20260527099987082,7,Big,Green
20260527099987081,7,Big,Green
20260527099987080,5,Big,Green Violet
20260527099987079,9,Big,Green
20260527099987078,3,Small,Green
20260527099987077,6,Big,Red
20260527099987076,6,Big,Red
20260527099987075,2,Small,Red
20260527099987074,1,Small,Green
20260527099987073,3,Small,Green
20260527099987072,2,Small,Red
20260527099987071,2,Small,Red
20260527099987070,9,Big,Green
20260527099987069,8,Big,Red
20260527099987068,8,Big,Red
20260527099987067,7,Big,Green
20260527099987066,3,Small,Green
20260527099987065,4,Small,Red
20260527099987064,4,Small,Red
20260527099987063,6,Big,Red
20260527099987062,4,Small,Red
20260527099987061,0,Small,Red Violet
20260527099987060,5,Big,Green Violet
20260527099987059,6,Big,Red
20260527099987058,8,Big,Red
20260527099987057,7,Big,Green
20260527099987056,7,Big,Green
20260527099987055,3,Small,Green
20260527099987054,6,Big,Red
20260527099987053,9,Big,Green
20260527099987052,5,Big,Green Violet
20260527099987051,7,Big,Green
20260527099987050,8,Big,Red
20260527099987049,3,Small,Green
20260527099987048,1,Small,Green
20260527099987047,2,Small,Red
20260527099987046,5,Big,Green Violet
20260527099987045,8,Big,Red
20260527099987044,5,Big,Green Violet
20260527099987043,0,Small,Red Violet
20260527099987042,4,Small,Red
20260527099987041,4,Small,Red
20260527099987040,3,Small,Green
20260527099987039,6,Big,Red
20260527099987038,4,Small,Red
20260527099987037,3,Small,Green
20260527099987036,6,Big,Red
20260527099987035,9,Big,Green
20260527099987034,2,Small,Red
20260527099987033,0,Small,Red Violet
20260527099987032,8,Big,Red
20260527099987031,4,Small,Red
20260527099987030,2,Small,Red
20260527099987029,7,Big,Green
20260527099987028,5,Big,Green Violet
20260527099987027,4,Small,Red
20260527099987026,1,Small,Green
20260527099987025,4,Small,Red
20260527099987024,3,Small,Green
20260527099987023,8,Big,Red
20260527099987022,6,Big,Red
20260527099987021,9,Big,Green
20260527099987020,2,Small,Red
20260527099987019,4,Small,Red
20260527099987018,1,Small,Green
20260527099987017,7,Big,Green
20260527099987016,6,Big,Red
20260527099987015,0,Small,Red Violet
20260527099987014,9,Big,Green
20260527099987013,6,Big,Red
20260527099987012,6,Big,Red
20260527099987011,5,Big,Green Violet
20260527099987010,6,Big,Red
20260527099987009,5,Big,Green Violet
20260527099987008,1,Small,Green
20260527099987007,2,Small,Red
20260527099987006,7,Big,Green
20260527099987005,6,Big,Red
20260527099987004,6,Big,Red
20260527099987003,0,Small,Red Violet
20260527099987002,3,Small,Green
20260527099987001,4,Small,Red
20260527099987000,1,Small,Green
20260527099986999,8,Big,Red
20260527099986998,9,Big,Green
20260527099986997,3,Small,Green
20260527099986996,6,Big,Red
20260527099986995,9,Big,Green
20260527099986994,1,Small,Green
20260527099986993,2,Small,Red
20260527099986992,9,Big,Green
20260527099986991,3,Small,Green
20260527099986990,3,Small,Green
20260527099986989,7,Big,Green
20260527099986988,2,Small,Red
20260527099986987,6,Big,Red
20260527099986986,3,Small,Green
20260527099986985,2,Small,Red
20260527099986984,9,Big,Green
20260527099986983,5,Big,Green Violet
20260527099986982,5,Big,Green Violet
20260527099986981,0,Small,Red Violet
20260527099986980,9,Big,Green
20260527099986979,0,Small,Red Violet
20260527099986978,5,Big,Green Violet
20260527099986977,6,Big,Red
20260527099986976,6,Big,Red
20260527099986975,0,Small,Red Violet
20260527099986974,6,Big,Red
20260527099986973,4,Small,Red
20260527099986972,7,Big,Green
20260527099986971,8,Big,Red
20260527099986970,2,Small,Red
20260527099986969,7,Big,Green
20260527099986968,8,Big,Red
20260527099986967,0,Small,Red Violet
20260527099986966,2,Small,Red
20260527099986965,0,Small,Red Violet
20260527099986964,8,Big,Red
20260527099986963,8,Big,Red
20260527099986962,4,Small,Red
20260527099986961,6,Big,Red
20260527099986960,5,Big,Green Violet
20260527099986959,3,Small,Green
20260527099986958,9,Big,Green
20260527099986957,0,Small,Red Violet
20260527099986956,9,Big,Green
20260527099986955,4,Small,Red
20260527099986954,7,Big,Green
20260527099986953,6,Big,Red
20260527099986952,0,Small,Red Violet
20260527099986951,0,Small,Red Violet
20260527099986950,6,Big,Red
20260527099986949,9,Big,Green
20260527099986948,1,Small,Green
20260527099986947,4,Small,Red
20260527099986946,6,Big,Red
20260527099986945,9,Big,Green
20260527099986944,8,Big,Red
20260527099986943,3,Small,Green
20260527099986942,5,Big,Green Violet
20260527099986941,1,Small,Green
20260527099986940,2,Small,Red
20260527099986939,0,Small,Red Violet
20260527099986938,4,Small,Red
20260527099986937,4,Small,Red
20260527099986936,0,Small,Red Violet
20260527099986935,6,Big,Red
20260527099986934,4,Small,Red
20260527099986933,9,Big,Green
20260527099986932,3,Small,Green
20260527099986931,2,Small,Red
20260527099986930,6,Big,Red
20260527099986929,1,Small,Green
20260527099986928,1,Small,Green
20260527099986927,7,Big,Green
20260527099986926,9,Big,Green
20260527099986925,9,Big,Green
20260527099986924,9,Big,Green
20260527099986923,8,Big,Red
20260527099986922,7,Big,Green
20260527099986921,2,Small,Red
20260527099986920,5,Big,Green Violet
20260527099986919,3,Small,Green
20260527099986918,8,Big,Red
20260527099986917,5,Big,Green Violet
20260527099986916,2,Small,Red
20260527099986915,4,Small,Red
20260527099986914,6,Big,Red
20260527099986913,2,Small,Red
20260527099986912,5,Big,Green Violet
20260527099986911,7,Big,Green
20260527099986910,6,Big,Red
20260527099986909,4,Small,Red
20260527099986908,5,Big,Green Violet
20260527099986907,2,Small,Red
20260527099986906,8,Big,Red
20260527099986905,6,Big,Red
20260527099986904,2,Small,Red
20260527099986903,2,Small,Red
20260527099986902,3,Small,Green
20260527099986901,6,Big,Red
20260527099986900,3,Small,Green
20260527099986899,4,Small,Red
20260527099986898,5,Big,Green Violet
20260527099986897,8,Big,Red
20260527099986896,3,Small,Green
20260527099986895,3,Small,Green
20260527099986894,9,Big,Green
20260527099986893,9,Big,Green
20260527099986892,5,Big,Green Violet
20260527099986891,2,Small,Red
20260527099986890,8,Big,Red
20260527099986889,8,Big,Red
20260527099986888,1,Small,Green
20260527099986887,7,Big,Green
20260527099986886,6,Big,Red
20260527099986885,3,Small,Green
20260527099986884,0,Small,Red Violet
20260527099986883,2,Small,Red
20260527099986882,2,Small,Red
20260527099986881,1,Small,Green
20260527099986880,0,Small,Red Violet
20260527099986879,0,Small,Red Violet
20260527099986878,7,Big,Green
20260527099986877,0,Small,Red Violet
20260527099986876,3,Small,Green
20260527099986875,7,Big,Green
20260527099986874,6,Big,Red
20260527099986873,4,Small,Red
20260527099986872,4,Small,Red
20260527099986871,1,Small,Green
20260527099986870,5,Big,Green Violet
20260527099986869,6,Big,Red
20260527099986868,5,Big,Green Violet
20260527099986867,9,Big,Green
20260527099986866,5,Big,Green Violet
20260527099986865,7,Big,Green
20260527099986864,8,Big,Red
20260527099986863,5,Big,Green Violet
20260527099986862,9,Big,Green
20260527099986861,3,Small,Green
20260527099986860,5,Big,Green Violet
20260527099986859,8,Big,Red
20260527099986858,5,Big,Green Violet
20260527099986857,4,Small,Red
20260527099986856,6,Big,Red
20260527099986855,1,Small,Green
20260527099986854,2,Small,Red
20260527099986853,2,Small,Red
20260527099986852,1,Small,Green
20260527099986851,2,Small,Red
20260527099986850,3,Small,Green
20260527099986849,0,Small,Red Violet
20260527099986848,4,Small,Red
20260527099986847,3,Small,Green
20260527099986846,6,Big,Red
20260527099986845,3,Small,Green
20260527099986844,5,Big,Green Violet
20260527099986843,1,Small,Green
20260527099986842,7,Big,Green
20260527099986841,2,Small,Red
20260527099986840,0,Small,Red Violet
20260527099986839,4,Small,Red
20260527099986838,3,Small,Green
20260527099986837,2,Small,Red
20260527099986836,8,Big,Red
20260527099986835,3,Small,Green
20260527099986834,1,Small,Green
20260527099986833,5,Big,Green Violet
20260527099986832,5,Big,Green Violet
20260527099986831,8,Big,Red
20260527099986830,9,Big,Green
20260527099986829,3,Small,Green
20260527099986828,3,Small,Green
20260527099986827,6,Big,Red
20260527099986826,9,Big,Green
20260527099986825,6,Big,Red
20260527099986824,0,Small,Red Violet
20260527099986823,7,Big,Green
20260527099986822,6,Big,Red
20260527099986821,3,Small,Green
20260527099986820,5,Big,Green Violet
20260527099986819,0,Small,Red Violet
20260527099986818,4,Small,Red
20260527099986817,3,Small,Green
20260527099986816,3,Small,Green
20260527099986815,8,Big,Red
20260527099986814,3,Small,Green
20260527099986813,2,Small,Red
20260527099986812,5,Big,Green Violet
20260527099986811,1,Small,Green
20260527099986810,3,Small,Green
20260527099986809,7,Big,Green
20260527099986808,8,Big,Red
20260527099986807,7,Big,Green
20260527099986806,1,Small,Green
20260527099986805,0,Small,Red Violet
20260527099986804,5,Big,Green Violet
20260527099986803,9,Big,Green
20260527099986802,1,Small,Green
20260527099986801,5,Big,Green Violet
20260527099986800,5,Big,Green Violet
20260527099986799,8,Big,Red
20260527099986798,3,Small,Green
20260527099986797,1,Small,Green
20260527099986796,5,Big,Green Violet
20260527099986795,1,Small,Green
20260527099986794,6,Big,Red
20260527099986793,2,Small,Red
20260527099986792,7,Big,Green
20260527099986791,5,Big,Green Violet
20260527099986790,9,Big,Green
20260527099986789,6,Big,Red
20260527099986788,9,Big,Green
20260527099986787,3,Small,Green
20260527099986786,0,Small,Red Violet
20260527099986785,5,Big,Green Violet
20260527099986784,3,Small,Green
20260527099986783,9,Big,Green
20260527099986782,4,Small,Red
20260527099986781,9,Big,Green
20260527099986780,5,Big,Green Violet
20260527099986779,9,Big,Green
20260527099986778,9,Big,Green
20260527099986777,4,Small,Red
20260527099986776,5,Big,Green Violet
20260527099986775,9,Big,Green
20260527099986774,0,Small,Red Violet
20260527099986773,2,Small,Red
20260527099986772,4,Small,Red
20260527099986771,4,Small,Red
20260527099986770,0,Small,Red Violet
20260527099986769,6,Big,Red
20260527099986768,7,Big,Green
20260527099986767,7,Big,Green
20260527099986766,8,Big,Red
20260527099986765,1,Small,Green
20260527099986764,0,Small,Red Violet
20260527099986763,6,Big,Red
20260527099986762,8,Big,Red
20260527099986761,1,Small,Green
20260527099986760,5,Big,Green Violet
20260527099986759,7,Big,Green
20260527099986758,2,Small,Red
20260527099986757,4,Small,Red
20260527099986756,5,Big,Green Violet
20260527099986755,5,Big,Green Violet
20260527099986754,4,Small,Red
20260527099986753,1,Small,Green
20260527099986752,4,Small,Red
20260527099986751,9,Big,Green
20260527099986750,8,Big,Red
20260527099986749,7,Big,Green
20260527099986748,6,Big,Red
20260527099986747,7,Big,Green
20260527099986746,4,Small,Red
20260527099986745,3,Small,Green
20260527099986744,8,Big,Red
20260527099986743,7,Big,Green
20260527099986742,2,Small,Red
20260527099986741,4,Small,Red
20260527099986740,4,Small,Red
20260527099986739,2,Small,Red
20260527099986738,6,Big,Red
20260527099986737,3,Small,Green
20260527099986736,0,Small,Red Violet
20260527099986735,0,Small,Red Violet
20260527099986734,8,Big,Red
20260527099986733,3,Small,Green
20260527099986732,0,Small,Red Violet
20260527099986731,8,Big,Red
20260527099986730,8,Big,Red
20260527099986729,6,Big,Red
20260527099986728,4,Small,Red
20260527099986727,6,Big,Red
20260527099986726,4,Small,Red
20260527099986725,1,Small,Green
20260527099986724,8,Big,Red
20260527099986723,1,Small,Green
20260527099986722,3,Small,Green
20260527099986721,3,Small,Green
20260527099986720,6,Big,Red
20260527099986719,6,Big,Red
20260527099986718,0,Small,Red Violet
20260527099986717,1,Small,Green
20260527099986716,5,Big,Green Violet
20260527099986715,8,Big,Red
20260527099986714,3,Small,Green
20260527099986713,1,Small,Green
20260527099986712,4,Small,Red
20260527099986711,5,Big,Green Violet
20260527099986710,2,Small,Red
20260527099986709,9,Big,Green
20260527099986708,3,Small,Green
20260527099986707,6,Big,Red
20260527099986706,3,Small,Green
20260527099986705,9,Big,Green
20260527099986704,6,Big,Red
20260527099986703,4,Small,Red
20260527099986702,0,Small,Red Violet
20260527099986701,2,Small,Red
20260527099986700,5,Big,Green Violet
20260527099986699,2,Small,Red
20260527099986698,7,Big,Green
20260527099986697,2,Small,Red
20260527099986696,8,Big,Red
20260527099986695,3,Small,Green
20260527099986694,9,Big,Green
20260527099986693,1,Small,Green
20260527099986692,2,Small,Red
20260527099986691,1,Small,Green
20260527099986690,9,Big,Green
20260527099986689,7,Big,Green
20260527099986688,9,Big,Green
20260527099986687,6,Big,Red
20260527099986686,9,Big,Green
20260527099986685,4,Small,Red
20260527099986684,2,Small,Red
20260527099986683,2,Small,Red
20260527099986682,8,Big,Red
20260527099986681,5,Big,Green Violet
20260527099986680,0,Small,Red Violet
20260527099986679,6,Big,Red
20260527099986678,5,Big,Green Violet
20260527099986677,0,Small,Red Violet
20260527099986676,7,Big,Green
20260527099986675,8,Big,Red
20260527099986674,0,Small,Red Violet
20260527099986673,7,Big,Green
20260527099986672,3,Small,Green
20260527099986671,0,Small,Red Violet
20260527099986670,8,Big,Red
20260527099986669,7,Big,Green
20260527099986668,7,Big,Green
20260527099986667,9,Big,Green
20260527099986666,1,Small,Green
20260527099986665,1,Small,Green
20260527099986664,6,Big,Red
20260527099986663,7,Big,Green
20260527099986662,1,Small,Green
20260527099986661,6,Big,Red
20260527099986660,5,Big,Green Violet
20260527099986659,5,Big,Green Violet
20260527099986658,7,Big,Green
20260527099986657,0,Small,Red Violet
20260527099986656,2,Small,Red
20260527099986655,0,Small,Red Violet
20260527099986654,1,Small,Green
20260527099986653,3,Small,Green
20260527099986652,5,Big,Green Violet
20260527099986651,2,Small,Red
20260527099986650,2,Small,Red
20260527099986649,8,Big,Red
20260527099986648,9,Big,Green
20260527099986647,7,Big,Green
20260527099986646,4,Small,Red
20260527099986645,4,Small,Red
20260527099986644,1,Small,Green
20260527099986643,0,Small,Red Violet
20260527099986642,9,Big,Green
20260527099986641,2,Small,Red
20260527099986640,6,Big,Red
20260527099986639,0,Small,Red Violet
20260527099986638,5,Big,Green Violet
20260527099986637,0,Small,Red Violet
20260527099986636,5,Big,Green Violet
20260527099986635,9,Big,Green
20260527099986634,0,Small,Red Violet
20260527099986633,1,Small,Green
20260527099986632,1,Small,Green
20260527099986631,8,Big,Red
20260527099986630,8,Big,Red
20260527099986629,9,Big,Green
20260527099986628,6,Big,Red
20260527099986627,5,Big,Green Violet
20260527099986626,5,Big,Green Violet
20260527099986625,4,Small,Red
20260527099986624,3,Small,Green
20260527099986623,3,Small,Green
20260527099986622,7,Big,Green
20260527099986621,1,Small,Green
20260527099986620,3,Small,Green
20260527099986619,3,Small,Green
20260527099986618,3,Small,Green
20260527099986617,3,Small,Green
20260527099986616,8,Big,Red
20260527099986615,8,Big,Red
20260527099986614,6,Big,Red
20260527099986613,1,Small,Green
20260527099986612,1,Small,Green
20260527099986611,1,Small,Green
20260527099986610,9,Big,Green
20260527099986609,5,Big,Green Violet
20260527099986608,1,Small,Green
20260527099986607,2,Small,Red
20260527099986606,8,Big,Red
20260527099986605,6,Big,Red
20260527099986604,6,Big,Red
20260527099986603,0,Small,Red Violet
20260527099986602,6,Big,Red
20260527099986601,1,Small,Green
20260527099986600,6,Big,Red
20260527099986599,9,Big,Green
20260527099986598,5,Big,Green Violet
20260527099986597,8,Big,Red
20260527099986596,9,Big,Green
20260527099986595,9,Big,Green
20260527099986594,3,Small,Green
20260527099986593,3,Small,Green
20260527099986592,0,Small,Red Violet
20260527099986591,3,Small,Green
20260527099986590,4,Small,Red
20260527099986589,4,Small,Red
20260527099986588,0,Small,Red Violet
20260527099986587,8,Big,Red
20260527099986586,2,Small,Red
20260527099986585,2,Small,Red
20260527099986584,2,Small,Red
20260527099986583,6,Big,Red
20260527099986582,0,Small,Red Violet
20260527099986581,8,Big,Red
20260527099986580,6,Big,Red
20260527099986579,6,Big,Red
20260527099986578,6,Big,Red
20260527099986577,1,Small,Green
20260527099986576,7,Big,Green
20260527099986575,3,Small,Green
20260527099986574,4,Small,Red
20260527099986573,9,Big,Green
20260527099986572,6,Big,Red
20260527099986571,4,Small,Red
20260527099986570,8,Big,Red
20260527099986569,8,Big,Red
20260527099986568,6,Big,Red
20260527099986567,1,Small,Green
20260527099986566,0,Small,Red Violet
20260527099986565,5,Big,Green Violet
20260527099986564,0,Small,Red Violet
20260527099986563,4,Small,Red
20260527099986562,5,Big,Green Violet
20260527099986561,2,Small,Red
20260527099986560,2,Small,Red
20260527099986559,8,Big,Red
20260527099986558,9,Big,Green
20260527099986557,9,Big,Green
20260527099986556,7,Big,Green
20260527099986555,5,Big,Green Violet
20260527099986554,4,Small,Red
20260527099986553,1,Small,Green
20260527099986552,5,Big,Green Violet
20260527099986551,2,Small,Red
20260527099986550,2,Small,Red
20260527099986549,0,Small,Red Violet
20260527099986548,9,Big,Green
20260527099986547,0,Small,Red Violet
20260527099986546,1,Small,Green
20260527099986545,0,Small,Red Violet
20260527099986544,7,Big,Green
20260527099986543,7,Big,Green
20260527099986542,3,Small,Green
20260527099986541,3,Small,Green
20260527099986540,6,Big,Red
20260527099986539,3,Small,Green
20260527099986538,7,Big,Green
20260527099986537,6,Big,Red
20260527099986536,5,Big,Green Violet
20260527099986535,8,Big,Red
20260527099986534,3,Small,Green
20260527099986533,8,Big,Red
20260527099986532,2,Small,Red
20260527099986531,1,Small,Green
20260527099986530,3,Small,Green
20260527099986529,0,Small,Red Violet
20260527099986528,1,Small,Green
20260527099986527,0,Small,Red Violet
20260527099986526,1,Small,Green
20260527099986525,7,Big,Green
20260527099986524,8,Big,Red
20260527099986523,3,Small,Green
20260527099986522,3,Small,Green
20260527099986521,1,Small,Green
20260527099986520,8,Big,Red
20260527099986519,7,Big,Green
20260527099986518,7,Big,Green
20260527099986517,0,Small,Red Violet
20260527099986516,7,Big,Green
20260527099986515,3,Small,Green
20260527099986514,2,Small,Red
20260527099986513,6,Big,Red
20260527099986512,7,Big,Green
20260527099986511,0,Small,Red Violet
20260527099986510,1,Small,Green
20260527099986509,0,Small,Red Violet
20260527099986508,1,Small,Green
20260527099986507,2,Small,Red
20260527099986506,1,Small,Green
20260527099986505,4,Small,Red
20260527099986504,2,Small,Red
20260527099986503,2,Small,Red
20260527099986502,2,Small,Red
20260527099986501,4,Small,Red
20260527099986500,3,Small,Green
20260527099986499,4,Small,Red
20260527099986498,0,Small,Red Violet
20260527099986497,9,Big,Green
20260527099986496,8,Big,Red
20260527099986495,0,Small,Red Violet
20260527099986494,4,Small,Red
20260527099986493,7,Big,Green
20260527099986492,3,Small,Green
20260527099986491,6,Big,Red
20260527099986490,0,Small,Red Violet
20260527099986489,8,Big,Red
20260527099986488,9,Big,Green
20260527099986487,6,Big,Red
20260527099986486,4,Small,Red
20260527099986485,1,Small,Green
20260527099986484,4,Small,Red
20260527099986483,7,Big,Green
20260527099986482,9,Big,Green
20260527099986481,2,Small,Red
20260527099986480,9,Big,Green
20260527099986479,0,Small,Red Violet
20260527099986478,8,Big,Red
20260527099986477,0,Small,Red Violet
20260527099986476,1,Small,Green
20260527099986475,5,Big,Green Violet
20260527099986474,4,Small,Red
20260527099986473,1,Small,Green
20260527099986472,7,Big,Green
20260527099986471,8,Big,Red
20260527099986470,1,Small,Green
20260527099986469,2,Small,Red
20260527099986468,7,Big,Green
20260527099986467,4,Small,Red
20260527099986466,4,Small,Red
20260527099986465,5,Big,Green Violet
20260527099986464,9,Big,Green
20260527099986463,0,Small,Red Violet
20260527099986462,5,Big,Green Violet
20260527099986461,4,Small,Red
20260527099986460,2,Small,Red
20260527099986459,4,Small,Red
20260527099986458,9,Big,Green
20260527099986457,3,Small,Green
20260527099986456,8,Big,Red
20260527099986455,8,Big,Red
20260527099986454,7,Big,Green
20260527099986453,2,Small,Red
20260527099986452,0,Small,Red Violet
20260527099986451,2,Small,Red
20260527099986450,4,Small,Red
20260527099986449,0,Small,Red Violet
20260527099986448,7,Big,Green
20260527099986447,0,Small,Red Violet
20260527099986446,4,Small,Red
20260527099986445,0,Small,Red Violet
20260527099986444,2,Small,Red
20260527099986443,6,Big,Red
20260527099986442,3,Small,Green
20260527099986441,5,Big,Green Violet
20260527099986440,8,Big,Red
20260527099986439,6,Big,Red
20260527099986438,3,Small,Green
20260527099986437,0,Small,Red Violet
20260527099986436,6,Big,Red
20260527099986435,0,Small,Red Violet
20260527099986434,4,Small,Red
20260527099986433,3,Small,Green
20260527099986432,4,Small,Red
20260527099986431,4,Small,Red
20260527099986430,6,Big,Red
20260527099986429,0,Small,Red Violet
20260527099986428,1,Small,Green
20260527099986427,0,Small,Red Violet
20260527099986426,7,Big,Green
20260527099986425,0,Small,Red Violet
20260527099986424,2,Small,Red
20260527099986423,7,Big,Green
20260527099986422,4,Small,Red
20260527099986421,7,Big,Green
20260527099986420,8,Big,Red
20260527099986419,1,Small,Green
20260527099986418,4,Small,Red
20260527099986417,5,Big,Green Violet
20260527099986416,6,Big,Red
20260527099986415,0,Small,Red Violet
20260527099986414,3,Small,Green
20260527099986413,7,Big,Green
20260527099986412,0,Small,Red Violet
20260527099986411,4,Small,Red
20260527099986410,6,Big,Red
20260527099986409,3,Small,Green
20260527099986408,8,Big,Red
20260527099986407,0,Small,Red Violet
20260527099986406,2,Small,Red
20260527099986405,2,Small,Red
20260527099986404,3,Small,Green
20260527099986403,8,Big,Red
20260527099986402,0,Small,Red Violet
20260527099986401,6,Big,Red
20260527099986400,5,Big,Green Violet
20260527099986399,3,Small,Green
20260527099986398,2,Small,Red
20260527099986397,3,Small,Green
20260527099986396,6,Big,Red
20260527099986395,2,Small,Red
20260527099986394,0,Small,Red Violet
20260527099986393,0,Small,Red Violet
20260527099986392,3,Small,Green
20260527099986391,6,Big,Red
20260527099986390,4,Small,Red
20260527099986389,8,Big,Red
20260527099986388,6,Big,Red
20260527099986387,8,Big,Red
20260527099986386,8,Big,Red
20260527099986385,0,Small,Red Violet
20260527099986384,2,Small,Red
20260527099986383,2,Small,Red
20260527099986382,2,Small,Red
20260527099986381,0,Small,Red Violet
20260527099986380,2,Small,Red
20260527099986379,4,Small,Red
20260527099986378,2,Small,Red
20260527099986377,9,Big,Green
20260527099986376,7,Big,Green
20260527099986375,2,Small,Red
20260527099986374,0,Small,Red Violet
20260527099986373,7,Big,Green
20260527099986372,3,Small,Green
20260527099986371,2,Small,Red
20260527099986370,4,Small,Red
20260527099986369,3,Small,Green
20260527099986368,9,Big,Green
20260527099986367,7,Big,Green
20260527099986366,1,Small,Green
20260527099986365,6,Big,Red
20260527099986364,4,Small,Red
20260527099986363,3,Small,Green
20260527099986362,6,Big,Red
20260527099986361,4,Small,Red
20260527099986360,4,Small,Red
20260527099986359,2,Small,Red
20260527099986358,6,Big,Red
20260527099986357,0,Small,Red Violet
20260527099986356,3,Small,Green
20260527099986355,7,Big,Green
20260527099986354,0,Small,Red Violet
20260527099986353,7,Big,Green
20260527099986352,9,Big,Green
20260527099986351,2,Small,Red
20260527099986350,9,Big,Green
20260527099986349,8,Big,Red
20260527099986348,5,Big,Green Violet
20260527099986347,7,Big,Green
20260527099986346,8,Big,Red
20260527099986345,8,Big,Red
20260527099986344,1,Small,Green
20260527099986343,3,Small,Green
20260527099986342,3,Small,Green
20260527099986341,2,Small,Red
20260527099986340,8,Big,Red
20260527099986339,6,Big,Red
20260527099986338,5,Big,Green Violet
20260527099986337,6,Big,Red
20260527099986336,5,Big,Green Violet
20260527099986335,1,Small,Green
20260527099986334,1,Small,Green
20260527099986333,4,Small,Red
20260527099986332,3,Small,Green
20260527099986331,8,Big,Red
20260527099986330,4,Small,Red
20260527099986329,0,Small,Red Violet
20260527099986328,6,Big,Red
20260527099986327,3,Small,Green
20260527099986326,6,Big,Red
20260527099986325,9,Big,Green
20260527099986324,7,Big,Green
20260527099986323,0,Small,Red Violet
20260527099986322,1,Small,Green
20260527099986321,1,Small,Green
20260527099986320,6,Big,Red
20260527099986319,9,Big,Green
20260527099986318,1,Small,Green
20260527099986317,8,Big,Red
20260527099986316,3,Small,Green
20260527099986315,6,Big,Red
20260527099986314,9,Big,Green
20260527099986313,0,Small,Red Violet
20260527099986312,2,Small,Red
20260527099986311,1,Small,Green
20260527099986310,0,Small,Red Violet
20260527099986309,7,Big,Green
20260527099986308,5,Big,Green Violet
20260527099986307,5,Big,Green Violet
20260527099986306,7,Big,Green
20260527099986305,1,Small,Green
20260527099986304,0,Small,Red Violet
20260527099986303,9,Big,Green
20260527099986302,4,Small,Red
20260527099986301,5,Big,Green Violet
20260527099986300,6,Big,Red
20260527099986299,1,Small,Green
20260527099986298,4,Small,Red
20260527099986297,5,Big,Green Violet
20260527099986296,4,Small,Red
20260527099986295,4,Small,Red
20260527099986294,4,Small,Red
20260527099986293,7,Big,Green
20260527099986292,0,Small,Red Violet
20260527099986291,6,Big,Red
20260527099986290,6,Big,Red
20260527099986289,3,Small,Green
20260527099986288,7,Big,Green
20260527099986287,1,Small,Green
20260527099986286,5,Big,Green Violet
20260527099986285,7,Big,Green
20260527099986284,5,Big,Green Violet
20260527099986283,2,Small,Red
20260527099986282,1,Small,Green
20260527099986281,1,Small,Green
20260527099986280,6,Big,Red
20260527099986279,5,Big,Green Violet
20260527099986278,0,Small,Red Violet
20260527099986277,6,Big,Red
20260527099986276,1,Small,Green
20260527099986275,3,Small,Green
20260527099986274,9,Big,Green
20260527099986273,4,Small,Red
20260527099986272,9,Big,Green
20260527099986271,6,Big,Red
20260527099986270,8,Big,Red
20260527099986269,5,Big,Green Violet
20260527099986268,2,Small,Red
20260527099986267,0,Small,Red Violet
20260527099986266,2,Small,Red
20260527099986265,1,Small,Green
20260527099986264,3,Small,Green
20260527099986263,7,Big,Green
20260527099986262,2,Small,Red
20260527099986261,4,Small,Red
20260527099986260,6,Big,Red
20260527099986259,5,Big,Green Violet
20260527099986258,1,Small,Green
20260527099986257,2,Small,Red
20260527099986256,9,Big,Green
20260527099986255,8,Big,Red
20260527099986254,7,Big,Green
20260527099986253,9,Big,Green
20260527099986252,7,Big,Green
20260527099986251,2,Small,Red
20260527099986250,8,Big,Red
20260527099986249,8,Big,Red
20260527099986248,8,Big,Red
20260527099986247,2,Small,Red
20260527099986246,9,Big,Green
20260527099986245,0,Small,Red Violet
20260527099986244,4,Small,Red
20260527099986243,0,Small,Red Violet
20260527099986242,0,Small,Red Violet
20260527099986241,6,Big,Red
20260527099986240,8,Big,Red
20260527099986239,2,Small,Red
20260527099986238,0,Small,Red Violet
20260527099986237,3,Small,Green
20260527099986236,0,Small,Red Violet
20260527099986235,6,Big,Red
20260527099986234,7,Big,Green
20260527099986233,9,Big,Green
20260527099986232,7,Big,Green
20260527099986231,6,Big,Red
20260527099986230,9,Big,Green
20260527099986229,0,Small,Red Violet
20260527099986228,4,Small,Red
20260527099986227,5,Big,Green Violet
20260527099986226,5,Big,Green Violet
20260527099986225,5,Big,Green Violet
20260527099986224,8,Big,Red
20260527099986223,3,Small,Green
20260527099986222,4,Small,Red
20260527099986221,2,Small,Red
20260527099986220,7,Big,Green
20260527099986219,1,Small,Green
20260527099986218,2,Small,Red
20260527099986217,0,Small,Red Violet
20260527099986216,5,Big,Green Violet
20260527099986215,3,Small,Green
20260527099986214,7,Big,Green
20260527099986213,6,Big,Red
20260527099986212,6,Big,Red
20260527099986211,7,Big,Green
20260527099986210,6,Big,Red
20260527099986209,3,Small,Green
20260527099986208,8,Big,Red
20260527099986207,1,Small,Green
20260527099986206,3,Small,Green
20260527099986205,8,Big,Red
20260527099986204,0,Small,Red Violet
20260527099986203,6,Big,Red
20260527099986202,3,Small,Green
20260527099986201,2,Small,Red
20260527099986200,0,Small,Red Violet
20260527099986199,5,Big,Green Violet
20260527099986198,4,Small,Red
20260527099986197,2,Small,Red
20260527099986196,8,Big,Red
20260527099986195,3,Small,Green
20260527099986194,7,Big,Green
20260527099986193,0,Small,Red Violet
20260527099986192,5,Big,Green Violet
20260527099986191,5,Big,Green Violet
20260527099986190,2,Small,Red
20260527099986189,1,Small,Green
20260527099986188,3,Small,Green
20260527099986187,8,Big,Red
20260527099986186,4,Small,Red
20260527099986185,8,Big,Red
20260527099986184,4,Small,Red
20260527099986183,2,Small,Red
20260527099986182,9,Big,Green
20260527099986181,5,Big,Green Violet
20260527099986180,6,Big,Red
20260527099986179,0,Small,Red Violet
20260527099986178,4,Small,Red
20260527099986177,6,Big,Red
20260527099986176,7,Big,Green
20260527099986175,4,Small,Red
20260527099986174,4,Small,Red
20260527099986173,9,Big,Green
20260527099986172,5,Big,Green Violet
20260527099986171,4,Small,Red
20260527099986170,6,Big,Red
20260527099986169,6,Big,Red
20260527099986168,8,Big,Red
20260527099986167,6,Big,Red
20260527099986166,8,Big,Red
20260527099986165,5,Big,Green Violet
20260527099986164,1,Small,Green
20260527099986163,1,Small,Green
20260527099986162,5,Big,Green Violet
20260527099986161,1,Small,Green
20260527099986160,7,Big,Green
20260527099986159,0,Small,Red Violet
20260527099986158,8,Big,Red
20260527099986157,4,Small,Red
20260527099986156,9,Big,Green
20260527099986155,3,Small,Green
20260527099986154,1,Small,Green
20260527099986153,7,Big,Green
20260527099986152,0,Small,Red Violet
20260527099986151,4,Small,Red
20260527099986150,8,Big,Red
20260527099986149,4,Small,Red
20260527099986148,8,Big,Red
20260527099986147,1,Small,Green
20260527099986146,4,Small,Red
20260527099986145,9,Big,Green
20260527099986144,6,Big,Red
20260527099986143,2,Small,Red
20260527099986142,3,Small,Green
20260527099986141,1,Small,Green
20260527099986140,6,Big,Red
20260527099986139,4,Small,Red
20260527099986138,3,Small,Green
20260527099986137,7,Big,Green
20260527099986136,9,Big,Green
20260527099986135,7,Big,Green
20260527099986134,2,Small,Red
20260527099986133,8,Big,Red
20260527099986132,8,Big,Red
20260527099986131,1,Small,Green
20260527099986130,3,Small,Green
20260527099986129,0,Small,Red Violet
20260527099986128,1,Small,Green
20260527099986127,4,Small,Red
20260527099986126,2,Small,Red
20260527099986125,4,Small,Red
20260527099986124,9,Big,Green
20260527099986123,4,Small,Red
20260527099986122,6,Big,Red
20260527099986121,8,Big,Red
20260527099986120,8,Big,Red
20260527099986119,6,Big,Red
20260527099986118,1,Small,Green
20260527099986117,8,Big,Red
20260527099986116,7,Big,Green
20260527099986115,2,Small,Red
20260527099986114,0,Small,Red Violet
20260527099986113,1,Small,Green
20260527099986112,2,Small,Red
20260527099986111,4,Small,Red
20260527099986110,3,Small,Green
20260527099986109,0,Small,Red Violet
20260527099986108,6,Big,Red
20260527099986107,7,Big,Green
20260527099986106,0,Small,Red Violet
20260527099986105,6,Big,Red
20260527099986104,9,Big,Green
20260527099986103,3,Small,Green
20260527099986102,1,Small,Green
20260527099986101,1,Small,Green
20260527099986100,3,Small,Green
20260527099986099,8,Big,Red
20260527099986098,2,Small,Red
20260527099986097,1,Small,Green
20260527099986096,9,Big,Green
20260527099986095,1,Small,Green
20260527099986094,8,Big,Red
20260527099986093,2,Small,Red
20260527099986092,0,Small,Red Violet
20260527099986091,9,Big,Green
20260527099986090,3,Small,Green
20260527099986089,4,Small,Red
20260527099986088,4,Small,Red
20260527099986087,2,Small,Red
20260527099986086,2,Small,Red
20260527099986085,2,Small,Red
20260527099986084,9,Big,Green
20260527099986083,7,Big,Green
20260527099986082,5,Big,Green Violet
20260527099986081,9,Big,Green
20260527099986080,2,Small,Red
20260527099986079,7,Big,Green
20260527099986078,4,Small,Red
20260527099986077,4,Small,Red
20260527099986076,9,Big,Green
20260527099986075,1,Small,Green
20260527099986074,6,Big,Red
20260527099986073,9,Big,Green
20260527099986072,4,Small,Red
20260527099986071,0,Small,Red Violet
20260527099986070,8,Big,Red
20260527099986069,2,Small,Red
20260527099986068,1,Small,Green
20260527099986067,3,Small,Green
20260527099986066,7,Big,Green
20260527099986065,9,Big,Green
20260527099986064,0,Small,Red Violet
20260527099986063,5,Big,Green Violet
20260527099986062,4,Small,Red
20260527099986061,0,Small,Red Violet
20260527099986060,9,Big,Green
20260527099986059,1,Small,Green
20260527099986058,3,Small,Green
20260527099986057,1,Small,Green
20260527099986056,8,Big,Red
20260527099986055,2,Small,Red
20260527099986054,2,Small,Red
20260527099986053,6,Big,Red
20260527099986052,0,Small,Red Violet
20260527099986051,7,Big,Green
20260527099986050,4,Small,Red
20260527099986049,9,Big,Green
20260527099986048,9,Big,Green
20260527099986047,7,Big,Green
20260527099986046,6,Big,Red
20260527099986045,3,Small,Green
20260527099986044,3,Small,Green
20260527099986043,6,Big,Red
20260527099986042,6,Big,Red
20260527099986041,8,Big,Red
20260527099986040,2,Small,Red
20260527099986039,7,Big,Green
20260527099986038,3,Small,Green
20260527099986037,3,Small,Green
20260527099986036,4,Small,Red
20260527099986035,3,Small,Green
20260527099986034,5,Big,Green Violet
20260527099986033,9,Big,Green
20260527099986032,1,Small,Green
20260527099986031,5,Big,Green Violet
20260527099986030,2,Small,Red
20260527099986029,6,Big,Red
20260527099986028,1,Small,Green
20260527099986027,6,Big,Red
20260527099986026,0,Small,Red Violet
20260527099986025,4,Small,Red
20260527099986024,0,Small,Red Violet
20260527099986023,8,Big,Red
20260527099986022,4,Small,Red
20260527099986021,6,Big,Red
20260527099986020,4,Small,Red
20260527099986019,9,Big,Green
20260527099986018,7,Big,Green
20260527099986017,2,Small,Red
20260527099986016,8,Big,Red
20260527099986015,8,Big,Red
20260527099986014,6,Big,Red
20260527099986013,1,Small,Green
20260527099986012,7,Big,Green
20260527099986011,3,Small,Green
20260527099986010,5,Big,Green Violet
20260527099986009,7,Big,Green
20260527099986008,9,Big,Green
20260527099986007,2,Small,Red
20260527099986006,8,Big,Red
20260527099986005,8,Big,Red
20260527099986004,1,Small,Green
20260527099986003,2,Small,Red
20260527099986002,2,Small,Red
20260527099986001,8,Big,Red
20260527099986000,5,Big,Green Violet
20260527099985999,8,Big,Red
20260527099985998,5,Big,Green Violet
20260527099985997,7,Big,Green
20260527099985996,3,Small,Green
20260527099985995,1,Small,Green
20260527099985994,3,Small,Green
20260527099985993,9,Big,Green
20260527099985992,4,Small,Red
20260527099985991,3,Small,Green
20260527099985990,4,Small,Red
20260527099985989,3,Small,Green
20260527099985988,7,Big,Green
20260527099985987,2,Small,Red
20260527099985986,0,Small,Red Violet
20260527099985985,3,Small,Green
20260527099985984,5,Big,Green Violet
20260527099985983,7,Big,Green
20260527099985982,9,Big,Green
20260527099985981,4,Small,Red
20260527099985980,2,Small,Red
20260527099985979,8,Big,Red
20260527099985978,8,Big,Red
20260527099985977,6,Big,Red
20260527099985976,4,Small,Red
20260527099985975,7,Big,Green
20260527099985974,3,Small,Green
20260527099985973,6,Big,Red
20260527099985972,9,Big,Green
20260527099985971,4,Small,Red
20260527099985970,0,Small,Red Violet
20260527099985969,9,Big,Green
20260527099985968,8,Big,Red
20260527099985967,2,Small,Red
20260527099985966,1,Small,Green
20260527099985965,4,Small,Red
20260527099985964,4,Small,Red
20260527099985963,6,Big,Red
20260527099985962,8,Big,Red
20260527099985961,3,Small,Green
20260527099985960,3,Small,Green
20260527099985959,3,Small,Green
20260527099985958,4,Small,Red
20260527099985957,9,Big,Green
20260527099985956,8,Big,Red
20260527099985955,2,Small,Red
20260527099985954,3,Small,Green
20260527099985953,2,Small,Red
20260527099985952,8,Big,Red
20260527099985951,3,Small,Green
20260527099985950,0,Small,Red Violet
20260527099985949,0,Small,Red Violet
20260527099985948,7,Big,Green
20260527099985947,2,Small,Red
20260527099985946,9,Big,Green
20260527099985945,7,Big,Green
20260527099985944,9,Big,Green
20260527099985943,1,Small,Green
20260527099985942,8,Big,Red
20260527099985941,7,Big,Green
20260527099985940,1,Small,Green
20260527099985939,3,Small,Green
20260527099985938,6,Big,Red
20260527099985937,9,Big,Green
20260527099985936,9,Big,Green
20260527099985935,4,Small,Red
20260527099985934,6,Big,Red
20260527099985933,4,Small,Red
20260527099985932,9,Big,Green
20260527099985931,7,Big,Green
20260527099985930,5,Big,Green Violet
20260527099985929,2,Small,Red
20260527099985928,9,Big,Green
20260527099985927,8,Big,Red
20260527099985926,4,Small,Red
20260527099985925,0,Small,Red Violet
20260527099985924,6,Big,Red
20260527099985923,6,Big,Red
20260527099985922,3,Small,Green
20260527099985921,5,Big,Green Violet
20260527099985920,3,Small,Green
20260527099985919,1,Small,Green
20260527099985918,9,Big,Green
20260527099985917,3,Small,Green
20260527099985916,3,Small,Green
20260527099985915,8,Big,Red
20260527099985914,5,Big,Green Violet
20260527099985913,5,Big,Green Violet
20260527099985912,2,Small,Red
20260527099985911,5,Big,Green Violet
20260527099985910,3,Small,Green
20260527099985909,7,Big,Green
20260527099985908,6,Big,Red
20260527099985907,1,Small,Green
20260527099985906,5,Big,Green Violet
20260527099985905,1,Small,Green
20260527099985904,3,Small,Green
20260527099985903,9,Big,Green
20260527099985902,6,Big,Red
20260527099985901,2,Small,Red
20260527099985900,2,Small,Red
20260527099985899,9,Big,Green
20260527099985898,7,Big,Green
20260527099985897,4,Small,Red
20260527099985896,5,Big,Green Violet
20260527099985895,6,Big,Red
20260527099985894,8,Big,Red
20260527099985893,3,Small,Green
20260527099985892,1,Small,Green
20260527099985891,3,Small,Green
20260527099985890,7,Big,Green
20260527099985889,9,Big,Green
20260527099985888,5,Big,Green Violet
20260527099985887,9,Big,Green
20260527099985886,7,Big,Green
20260527099985885,1,Small,Green
20260527099985884,1,Small,Green
20260527099985883,1,Small,Green
20260527099985882,5,Big,Green Violet
20260527099985881,3,Small,Green
20260527099985880,7,Big,Green
20260527099985879,6,Big,Red
20260527099985878,1,Small,Green
20260527099985877,6,Big,Red
20260527099985876,7,Big,Green
20260527099985875,6,Big,Red
20260527099985874,3,Small,Green
20260527099985873,7,Big,Green
20260527099985872,4,Small,Red
20260527099985871,9,Big,Green
20260527099985870,2,Small,Red
20260527099985869,6,Big,Red
20260527099985868,4,Small,Red
20260527099985867,5,Big,Green Violet
20260527099985866,4,Small,Red
20260527099985865,5,Big,Green Violet
20260527099985864,1,Small,Green
20260527099985863,6,Big,Red
20260527099985862,6,Big,Red
20260527099985861,8,Big,Red
20260527099985860,6,Big,Red
20260527099985859,5,Big,Green Violet
20260527099985858,9,Big,Green
20260527099985857,2,Small,Red
20260527099985856,9,Big,Green
20260527099985855,0,Small,Red Violet
20260527099985854,9,Big,Green
20260527099985853,3,Small,Green
20260527099985852,7,Big,Green
20260527099985851,8,Big,Red
20260527099985850,2,Small,Red
20260527099985849,0,Small,Red Violet
20260527099985848,2,Small,Red
20260527099985847,5,Big,Green Violet
20260527099985846,8,Big,Red
20260527099985845,3,Small,Green
20260527099985844,1,Small,Green
20260527099985843,8,Big,Red
20260527099985842,2,Small,Red
20260527099985841,0,Small,Red Violet
20260527099985840,1,Small,Green
20260527099985839,9,Big,Green
20260527099985838,4,Small,Red
20260527099985837,0,Small,Red Violet
20260527099985836,5,Big,Green Violet
20260527099985835,5,Big,Green Violet
20260527099985834,8,Big,Red
20260527099985833,3,Small,Green
20260527099985832,1,Small,Green
20260527099985831,2,Small,Red
20260527099985830,1,Small,Green
20260527099985829,0,Small,Red Violet
20260527099985828,6,Big,Red
20260527099985827,9,Big,Green
20260527099985826,5,Big,Green Violet
20260527099985825,4,Small,Red
20260527099985824,9,Big,Green
20260527099985823,3,Small,Green
20260527099985822,0,Small,Red Violet
20260527099985821,6,Big,Red
20260527099985820,5,Big,Green Violet
20260527099985819,5,Big,Green Violet
20260527099985818,5,Big,Green Violet
20260527099985817,2,Small,Red
20260527099985816,2,Small,Red
20260527099985815,5,Big,Green Violet
20260527099985814,7,Big,Green
20260527099985813,4,Small,Red
20260527099985812,8,Big,Red
20260527099985811,2,Small,Red
20260527099985810,2,Small,Red
20260527099985809,6,Big,Red
20260527099985808,8,Big,Red
20260527099985807,8,Big,Red
20260527099985806,6,Big,Red
20260527099985805,1,Small,Green
20260527099985804,7,Big,Green
20260527099985803,9,Big,Green
20260527099985802,9,Big,Green
20260527099985801,9,Big,Green
20260527099985800,3,Small,Green
20260527099985799,3,Small,Green
20260527099985798,8,Big,Red
20260527099985797,5,Big,Green Violet
20260527099985796,3,Small,Green
20260527099985795,9,Big,Green
20260527099985794,5,Big,Green Violet
20260527099985793,7,Big,Green
20260527099985792,5,Big,Green Violet
20260527099985791,3,Small,Green
20260527099985790,2,Small,Red
20260527099985789,7,Big,Green
20260527099985788,9,Big,Green
20260527099985787,6,Big,Red
20260527099985786,0,Small,Red Violet
20260527099985785,7,Big,Green
20260527099985784,3,Small,Green
20260527099985783,8,Big,Red
20260527099985782,6,Big,Red
20260527099985781,6,Big,Red
20260527099985780,6,Big,Red
20260527099985779,9,Big,Green
20260527099985778,3,Small,Green
20260527099985777,4,Small,Red
20260527099985776,6,Big,Red
20260527099985775,8,Big,Red
20260527099985774,5,Big,Green Violet
20260527099985773,9,Big,Green
20260527099985772,6,Big,Red
20260527099985771,4,Small,Red
20260527099985770,8,Big,Red
20260527099985769,9,Big,Green
20260527099985768,7,Big,Green
20260527099985767,1,Small,Green
20260527099985766,8,Big,Red
20260527099985765,9,Big,Green
20260527099985764,2,Small,Red
20260527099985763,5,Big,Green Violet
20260527099985762,4,Small,Red
20260527099985761,2,Small,Red
20260527099985760,2,Small,Red
20260527099985759,3,Small,Green
20260527099985758,8,Big,Red
20260527099985757,4,Small,Red
20260527099985756,4,Small,Red
20260527099985755,4,Small,Red
20260527099985754,5,Big,Green Violet
20260527099985753,3,Small,Green
20260527099985752,5,Big,Green Violet
20260527099985751,9,Big,Green
20260527099985750,2,Small,Red
20260527099985749,5,Big,Green Violet
20260527099985748,4,Small,Red
20260527099985747,4,Small,Red
20260527099985746,8,Big,Red
20260527099985745,6,Big,Red
20260527099985744,8,Big,Red
20260527099985743,7,Big,Green
20260527099985742,3,Small,Green
20260527099985741,3,Small,Green
20260527099985740,5,Big,Green Violet
20260527099985739,1,Small,Green
20260527099985738,0,Small,Red Violet
20260527099985737,2,Small,Red
20260527099985736,2,Small,Red
20260527099985735,5,Big,Green Violet
20260527099985734,9,Big,Green
20260527099985733,4,Small,Red
20260527099985732,6,Big,Red
20260527099985731,5,Big,Green Violet
20260527099985730,1,Small,Green
20260527099985729,6,Big,Red
20260527099985728,2,Small,Red
20260527099985727,5,Big,Green Violet
20260527099985726,4,Small,Red
20260527099985725,4,Small,Red
20260527099985724,7,Big,Green
20260527099985723,3,Small,Green
20260527099985722,7,Big,Green
20260527099985721,4,Small,Red
20260527099985720,4,Small,Red
20260527099985719,4,Small,Red
20260527099985718,6,Big,Red
20260527099985717,9,Big,Green
20260527099985716,5,Big,Green Violet
20260527099985715,0,Small,Red Violet
20260527099985714,9,Big,Green
20260527099985713,6,Big,Red
20260527099985712,5,Big,Green Violet
20260527099985711,5,Big,Green Violet
20260527099985710,6,Big,Red
20260527099985709,6,Big,Red
20260527099985708,7,Big,Green
20260527099985707,3,Small,Green
20260527099985706,6,Big,Red
20260527099985705,2,Small,Red
20260527099985704,5,Big,Green Violet
20260527099985703,6,Big,Red
20260527099985702,8,Big,Red
20260527099985701,3,Small,Green
20260527099985700,6,Big,Red
20260527099985699,3,Small,Green
20260527099985698,1,Small,Green
20260527099985697,9,Big,Green
20260527099985696,3,Small,Green
20260527099985695,2,Small,Red
20260527099985694,0,Small,Red Violet
20260527099985693,0,Small,Red Violet
20260527099985692,2,Small,Red
20260527099985691,2,Small,Red
20260527099985690,2,Small,Red
20260527099985689,2,Small,Red
20260527099985688,4,Small,Red
20260527099985687,6,Big,Red
20260527099985686,2,Small,Red
20260527099985685,5,Big,Green Violet
20260527099985684,7,Big,Green
20260527099985683,2,Small,Red
20260527099985682,6,Big,Red
20260527099985681,4,Small,Red
20260527099985680,5,Big,Green Violet
20260527099985679,9,Big,Green
20260527099985678,7,Big,Green
20260527099985677,7,Big,Green
20260527099985676,6,Big,Red
20260527099985675,8,Big,Red
20260527099985674,0,Small,Red Violet
20260527099985673,5,Big,Green Violet
20260527099985672,3,Small,Green
20260527099985671,4,Small,Red
20260527099985670,3,Small,Green
20260527099985669,3,Small,Green
20260527099985668,2,Small,Red
20260527099985667,5,Big,Green Violet
20260527099985666,5,Big,Green Violet
20260527099985665,0,Small,Red Violet
20260527099985664,7,Big,Green
20260527099985663,7,Big,Green
20260527099985662,7,Big,Green
20260527099985661,6,Big,Red
20260527099985660,8,Big,Red
20260527099985659,3,Small,Green
20260527099985658,0,Small,Red Violet
20260527099985657,5,Big,Green Violet
20260527099985656,8,Big,Red
20260527099985655,2,Small,Red
20260527099985654,2,Small,Red
20260527099985653,0,Small,Red Violet
20260527099985652,9,Big,Green
20260527099985651,3,Small,Green
20260527099985650,7,Big,Green
20260527099985649,2,Small,Red
20260527099985648,3,Small,Green
20260527099985647,6,Big,Red
20260527099985646,5,Big,Green Violet
20260527099985645,3,Small,Green
20260527099985644,3,Small,Green
20260527099985643,6,Big,Red
20260527099985642,0,Small,Red Violet
20260527099985641,1,Small,Green
20260527099985640,5,Big,Green Violet
20260527099985639,2,Small,Red
20260527099985638,1,Small,Green
20260527099985637,5,Big,Green Violet
20260527099985636,9,Big,Green
20260527099985635,3,Small,Green
20260527099985634,9,Big,Green
20260527099985633,9,Big,Green
20260527099985632,6,Big,Red
20260527099985631,5,Big,Green Violet
20260527099985630,6,Big,Red
20260527099985629,4,Small,Red
20260527099985628,3,Small,Green
20260527099985627,1,Small,Green
20260527099985626,5,Big,Green Violet
20260527099985625,1,Small,Green
20260527099985624,4,Small,Red
20260527099985623,6,Big,Red
20260527099985622,2,Small,Red
20260527099985621,4,Small,Red
20260527099985620,5,Big,Green Violet
20260527099985619,0,Small,Red Violet
20260527099985618,7,Big,Green
20260527099985617,7,Big,Green
20260527099985616,1,Small,Green
20260527099985615,9,Big,Green
20260527099985614,8,Big,Red
20260527099985613,2,Small,Red
20260527099985612,4,Small,Red
20260527099985611,6,Big,Red
20260527099985610,9,Big,Green
20260527099985609,0,Small,Red Violet
20260527099985608,8,Big,Red
20260527099985607,5,Big,Green Violet
20260527099985606,6,Big,Red
20260527099985605,6,Big,Red
20260527099985604,6,Big,Red
20260527099985603,5,Big,Green Violet
20260527099985602,1,Small,Green
20260527099985601,6,Big,Red
20260527099985600,3,Small,Green
20260527099985599,4,Small,Red
20260527099985598,5,Big,Green Violet
20260527099985597,2,Small,Red
20260527099985596,7,Big,Green
20260527099985595,3,Small,Green
20260527099985594,9,Big,Green
20260527099985593,9,Big,Green
20260527099985592,7,Big,Green
20260527099985591,9,Big,Green
20260527099985590,4,Small,Red
20260527099985589,5,Big,Green Violet
20260527099985588,3,Small,Green
20260527099985587,4,Small,Red
20260527099985586,7,Big,Green
20260527099985585,9,Big,Green
20260527099985584,2,Small,Red
20260527099985583,0,Small,Red Violet
20260527099985582,5,Big,Green Violet
20260527099985581,6,Big,Red
20260527099985580,4,Small,Red
20260527099985579,8,Big,Red
20260527099985578,4,Small,Red
20260527099985577,4,Small,Red
20260527099985576,6,Big,Red
20260527099985575,8,Big,Red
20260527099985574,9,Big,Green
20260527099985573,0,Small,Red Violet
20260527099985572,5,Big,Green Violet
20260527099985571,5,Big,Green Violet
20260527099985570,3,Small,Green
20260527099985569,5,Big,Green Violet
20260527099985568,8,Big,Red
20260527099985567,9,Big,Green
20260527099985566,1,Small,Green
20260527099985565,5,Big,Green Violet
20260527099985564,1,Small,Green
20260527099985563,2,Small,Red
20260527099985562,7,Big,Green
20260527099985561,5,Big,Green Violet
20260527099985560,2,Small,Red
20260527099985559,4,Small,Red
20260527099985558,8,Big,Red
20260527099985557,1,Small,Green
20260527099985556,2,Small,Red
20260527099985555,8,Big,Red
20260527099985554,3,Small,Green
20260527099985553,4,Small,Red
20260527099985552,7,Big,Green
20260527099985551,7,Big,Green
20260527099985550,8,Big,Red
20260527099985549,6,Big,Red
20260527099985548,9,Big,Green
20260527099985547,5,Big,Green Violet
20260527099985546,1,Small,Green
20260527099985545,4,Small,Red
20260527099985544,6,Big,Red
20260527099985543,1,Small,Green
20260527099985542,0,Small,Red Violet
20260527099985541,3,Small,Green
20260527099985540,6,Big,Red
20260527099985539,7,Big,Green
20260527099985538,0,Small,Red Violet
20260527099985537,9,Big,Green
20260527099985536,7,Big,Green
20260527099985535,0,Small,Red Violet
20260527099985534,5,Big,Green Violet
20260527099985533,4,Small,Red
20260527099985532,6,Big,Red
20260527099985531,5,Big,Green Violet
20260527099985530,9,Big,Green
20260527099985529,2,Small,Red
20260527099985528,0,Small,Red Violet
20260527099985527,6,Big,Red
20260527099985526,0,Small,Red Violet
20260527099985525,0,Small,Red Violet
20260527099985524,1,Small,Green
20260527099985523,1,Small,Green
20260527099985522,9,Big,Green
20260527099985521,3,Small,Green
20260527099985520,7,Big,Green
20260527099985519,7,Big,Green
20260527099985518,2,Small,Red
20260527099985517,6,Big,Red
20260527099985516,4,Small,Red
20260527099985515,8,Big,Red
20260527099985514,1,Small,Green
20260527099985513,5,Big,Green Violet
20260527099985512,1,Small,Green
20260527099985511,9,Big,Green
20260527099985510,6,Big,Red
20260527099985509,7,Big,Green
20260527099985508,1,Small,Green
20260527099985507,0,Small,Red Violet
20260527099985506,4,Small,Red
20260527099985505,8,Big,Red
20260527099985504,6,Big,Red
20260527099985503,1,Small,Green
20260527099985502,4,Small,Red
20260527099985501,5,Big,Green Violet
20260527099985500,2,Small,Red
20260527099985499,0,Small,Red Violet
20260527099985498,5,Big,Green Violet
20260527099985497,8,Big,Red
20260527099985496,4,Small,Red
20260527099985495,3,Small,Green
20260527099985494,9,Big,Green
20260527099985493,9,Big,Green
20260527099985492,9,Big,Green
20260527099985491,5,Big,Green Violet
20260527099985490,6,Big,Red
20260527099985489,9,Big,Green
20260527099985488,1,Small,Green
20260527099985487,3,Small,Green
20260527099985486,5,Big,Green Violet
20260527099985485,1,Small,Green
20260527099985484,3,Small,Green
20260527099985483,7,Big,Green
20260527099985482,0,Small,Red Violet
20260527099985481,4,Small,Red
20260527099985480,9,Big,Green
20260527099985479,8,Big,Red
20260527099985478,8,Big,Red
20260527099985477,6,Big,Red
20260527099985476,2,Small,Red
20260527099985475,9,Big,Green
20260527099985474,1,Small,Green
20260527099985473,5,Big,Green Violet
20260527099985472,0,Small,Red Violet
20260527099985471,4,Small,Red
20260527099985470,2,Small,Red
20260527099985469,3,Small,Green
20260527099985468,7,Big,Green
20260527099985467,5,Big,Green Violet
20260527099985466,8,Big,Red
20260527099985465,9,Big,Green
20260527099985464,0,Small,Red Violet
20260527099985463,7,Big,Green
20260527099985462,8,Big,Red
20260527099985461,4,Small,Red
20260527099985460,4,Small,Red
20260527099985459,8,Big,Red
20260527099985458,4,Small,Red
20260527099985457,2,Small,Red
20260527099985456,6,Big,Red
20260527099985455,9,Big,Green
20260527099985454,4,Small,Red
20260527099985453,0,Small,Red Violet
20260527099985452,3,Small,Green
20260527099985451,7,Big,Green
20260527099985450,4,Small,Red
20260527099985449,4,Small,Red
20260527099985448,5,Big,Green Violet
20260527099985447,7,Big,Green
20260527099985446,2,Small,Red
20260527099985445,9,Big,Green
20260527099985444,8,Big,Red
20260527099985443,1,Small,Green
20260527099985442,3,Small,Green
20260527099985441,9,Big,Green
20260527099985440,6,Big,Red
20260527099985439,4,Small,Red
20260527099985438,5,Big,Green Violet
20260527099985437,7,Big,Green
20260527099985436,1,Small,Green
20260527099985435,9,Big,Green
20260527099985434,2,Small,Red
20260527099985433,6,Big,Red
20260527099985432,1,Small,Green
20260527099985431,9,Big,Green
20260527099985430,2,Small,Red
20260527099985429,4,Small,Red
20260527099985428,5,Big,Green Violet
20260527099985427,5,Big,Green Violet
20260527099985426,9,Big,Green
20260527099985425,3,Small,Green
20260527099985424,1,Small,Green
20260527099985423,4,Small,Red
20260527099985422,4,Small,Red
20260527099985421,6,Big,Red
20260527099985420,2,Small,Red
20260527099985419,2,Small,Red
20260527099985418,0,Small,Red Violet
20260527099985417,9,Big,Green
20260527099985416,4,Small,Red
20260527099985415,3,Small,Green
20260527099985414,5,Big,Green Violet
20260527099985413,7,Big,Green
20260527099985412,0,Small,Red Violet
20260527099985411,6,Big,Red
20260527099985410,7,Big,Green
20260527099985409,0,Small,Red Violet
20260527099985408,2,Small,Red
20260527099985407,3,Small,Green
20260527099985406,5,Big,Green Violet
20260527099985405,3,Small,Green
20260527099985404,7,Big,Green
20260527099985403,5,Big,Green Violet
20260527099985402,5,Big,Green Violet
20260527099985401,5,Big,Green Violet
20260527099985400,0,Small,Red Violet
20260527099985399,6,Big,Red
20260527099985398,5,Big,Green Violet
20260527099985397,3,Small,Green
20260527099985396,9,Big,Green
20260527099985395,3,Small,Green
20260527099985394,8,Big,Red
20260527099985393,0,Small,Red Violet
20260527099985392,5,Big,Green Violet
20260527099985391,8,Big,Red
20260527099985390,7,Big,Green
20260527099985389,3,Small,Green
20260527099985388,1,Small,Green
20260527099985387,7,Big,Green
20260527099985386,1,Small,Green
20260527099985385,8,Big,Red
20260527099985384,4,Small,Red
20260527099985383,6,Big,Red
20260527099985382,1,Small,Green
20260527099985381,5,Big,Green Violet
20260527099985380,0,Small,Red Violet
20260527099985379,5,Big,Green Violet
20260527099985378,3,Small,Green
20260527099985377,5,Big,Green Violet
20260527099985376,1,Small,Green
20260527099985375,5,Big,Green Violet
20260527099985374,7,Big,Green
20260527099985373,9,Big,Green
20260527099985372,6,Big,Red
20260527099985371,5,Big,Green Violet
20260527099985370,1,Small,Green
20260527099985369,9,Big,Green
20260527099985368,6,Big,Red
20260527099985367,5,Big,Green Violet
20260527099985366,4,Small,Red
20260527099985365,1,Small,Green
20260527099985364,3,Small,Green
20260527099985363,8,Big,Red
20260527099985362,5,Big,Green Violet
20260527099985361,8,Big,Red
20260527099985360,5,Big,Green Violet
20260527099985359,4,Small,Red
20260527099985358,8,Big,Red
20260527099985357,6,Big,Red
20260527099985356,7,Big,Green
20260527099985355,1,Small,Green
20260527099985354,9,Big,Green
20260527099985353,8,Big,Red
20260527099985352,3,Small,Green
20260527099985351,3,Small,Green
20260527099985350,6,Big,Red
20260527099985349,4,Small,Red
20260527099985348,7,Big,Green
20260527099985347,8,Big,Red
20260527099985346,7,Big,Green
20260527099985345,3,Small,Green
20260527099985344,4,Small,Red
20260527099985343,2,Small,Red
20260527099985342,6,Big,Red
20260527099985341,1,Small,Green
20260527099985340,1,Small,Green
20260527099985339,2,Small,Red
20260527099985338,9,Big,Green
20260527099985337,2,Small,Red
20260527099985336,9,Big,Green
20260527099985335,4,Small,Red
20260527099985334,2,Small,Red
20260527099985333,4,Small,Red
20260527099985332,1,Small,Green
20260527099985331,4,Small,Red
20260527099985330,3,Small,Green
20260527099985329,4,Small,Red
20260527099985328,0,Small,Red Violet
20260527099985327,1,Small,Green
20260527099985326,5,Big,Green Violet
20260527099985325,7,Big,Green
20260527099985324,5,Big,Green Violet
20260527099985323,6,Big,Red
20260527099985322,0,Small,Red Violet
20260527099985321,4,Small,Red
20260527099985320,1,Small,Green
20260527099985319,9,Big,Green
20260527099985318,6,Big,Red
20260527099985317,2,Small,Red
20260527099985316,0,Small,Red Violet
20260527099985315,8,Big,Red
20260527099985314,6,Big,Red
20260527099985313,6,Big,Red
20260527099985312,5,Big,Green Violet
20260527099985311,2,Small,Red
20260527099985310,7,Big,Green
20260527099985309,9,Big,Green
20260527099985308,5,Big,Green Violet
20260527099985307,9,Big,Green
20260527099985306,8,Big,Red
20260527099985305,4,Small,Red
20260527099985304,7,Big,Green
20260527099985303,9,Big,Green
20260527099985302,1,Small,Green
20260527099985301,5,Big,Green Violet
20260527099985300,6,Big,Red
20260527099985299,9,Big,Green
20260527099985298,4,Small,Red
20260527099985297,2,Small,Red
20260527099985296,2,Small,Red
20260527099985295,6,Big,Red
20260527099985294,6,Big,Red
20260527099985293,9,Big,Green
20260527099985292,6,Big,Red
20260527099985291,7,Big,Green
20260527099985290,3,Small,Green
20260527099985289,8,Big,Red
20260527099985288,9,Big,Green
20260527099985287,6,Big,Red
20260527099985286,0,Small,Red Violet
20260527099985285,9,Big,Green
20260527099985284,7,Big,Green
20260527099985283,2,Small,Red
20260527099985282,2,Small,Red
20260527099985281,6,Big,Red
20260527099985280,1,Small,Green
20260527099985279,0,Small,Red Violet
20260527099985278,3,Small,Green
20260527099985277,1,Small,Green
20260527099985276,7,Big,Green
20260527099985275,4,Small,Red
20260527099985274,7,Big,Green
20260527099985273,3,Small,Green
20260527099985272,0,Small,Red Violet
20260527099985271,8,Big,Red
20260527099985270,8,Big,Red
20260527099985269,3,Small,Green
20260527099985268,9,Big,Green
20260527099985267,4,Small,Red
20260527099985266,3,Small,Green
20260527099985265,1,Small,Green
20260527099985264,3,Small,Green
20260527099985263,8,Big,Red
20260527099985262,1,Small,Green
20260527099985261,2,Small,Red
20260527099985260,2,Small,Red
20260527099985259,7,Big,Green
20260527099985258,9,Big,Green
20260527099985257,6,Big,Red
20260527099985256,1,Small,Green
20260527099985255,7,Big,Green
20260527099985254,8,Big,Red
20260527099985253,3,Small,Green
20260527099985252,7,Big,Green
20260527099985251,6,Big,Red
20260527099985250,0,Small,Red Violet
20260527099985249,5,Big,Green Violet
20260527099985248,3,Small,Green
20260527099985247,6,Big,Red
20260527099985246,1,Small,Green
20260527099985245,7,Big,Green
20260527099985244,1,Small,Green
20260527099985243,8,Big,Red
20260527099985242,4,Small,Red
20260527099985241,4,Small,Red
20260527099985240,9,Big,Green
20260527099985239,3,Small,Green
20260527099985238,2,Small,Red
20260527099985237,5,Big,Green Violet
20260527099985236,8,Big,Red
20260527099985235,2,Small,Red
20260527099985234,4,Small,Red
20260527099985233,4,Small,Red
20260527099985232,0,Small,Red Violet
20260527099985231,8,Big,Red
20260527099985230,3,Small,Green
20260527099985229,7,Big,Green
20260527099985228,0,Small,Red Violet
20260527099985227,4,Small,Red
20260527099985226,7,Big,Green
20260527099985225,2,Small,Red
20260527099985224,4,Small,Red
20260527099985223,3,Small,Green
20260527099985222,1,Small,Green
20260527099985221,4,Small,Red
20260527099985220,9,Big,Green
20260527099985219,1,Small,Green
20260527099985218,7,Big,Green
20260527099985217,6,Big,Red
20260527099985216,4,Small,Red
20260527099985215,1,Small,Green
20260527099985214,4,Small,Red
20260527099985213,5,Big,Green Violet
20260527099985212,5,Big,Green Violet
20260527099985211,7,Big,Green
20260527099985210,0,Small,Red Violet
20260527099985209,8,Big,Red
20260527099985208,2,Small,Red
20260527099985207,2,Small,Red
20260527099985206,0,Small,Red Violet
20260527099985205,7,Big,Green
20260527099985204,1,Small,Green
20260527099985203,5,Big,Green Violet
20260527099985202,4,Small,Red
20260527099985201,1,Small,Green
20260527099985200,6,Big,Red
20260527099985199,1,Small,Green
20260527099985198,1,Small,Green
20260527099985197,5,Big,Green Violet
20260527099985196,3,Small,Green
20260527099985195,9,Big,Green
20260527099985194,6,Big,Red
20260527099985193,9,Big,Green
20260527099985192,6,Big,Red
20260527099985191,6,Big,Red
20260527099985190,4,Small,Red
20260527099985189,7,Big,Green
20260527099985188,7,Big,Green
20260527099985187,2,Small,Red
20260527099985186,3,Small,Green
20260527099985185,3,Small,Green
20260527099985184,6,Big,Red
20260527099985183,1,Small,Green
20260527099985182,4,Small,Red
20260527099985181,0,Small,Red Violet
20260527099985180,8,Big,Red
20260527099985179,6,Big,Red
20260527099985178,5,Big,Green Violet
20260527099985177,3,Small,Green
20260527099985176,6,Big,Red
20260527099985175,4,Small,Red
20260527099985174,4,Small,Red
20260527099985173,5,Big,Green Violet
20260527099985172,2,Small,Red
20260527099985171,7,Big,Green
20260527099985170,6,Big,Red
20260527099985169,9,Big,Green
20260527099985168,6,Big,Red
20260527099985167,0,Small,Red Violet
20260527099985166,6,Big,Red
20260527099985165,0,Small,Red Violet
20260527099985164,1,Small,Green
20260527099985163,8,Big,Red
20260527099985162,7,Big,Green
20260527099985161,5,Big,Green Violet
20260527099985160,4,Small,Red
20260527099985159,4,Small,Red
20260527099985158,5,Big,Green Violet
20260527099985157,0,Small,Red Violet
20260527099985156,0,Small,Red Violet
20260527099985155,2,Small,Red
20260527099985154,3,Small,Green
20260527099985153,6,Big,Red
20260527099985152,3,Small,Green
20260527099985151,9,Big,Green
20260527099985150,8,Big,Red
20260527099985149,9,Big,Green
20260527099985148,8,Big,Red
20260527099985147,6,Big,Red
20260527099985146,8,Big,Red
20260527099985145,6,Big,Red
20260527099985144,8,Big,Red
20260527099985143,6,Big,Red
20260527099985142,4,Small,Red
20260527099985141,1,Small,Green
20260527099985140,7,Big,Green
20260527099985139,9,Big,Green
20260527099985138,6,Big,Red
20260527099985137,8,Big,Red
20260527099985136,3,Small,Green
20260527099985135,4,Small,Red
20260527099985134,6,Big,Red
20260527099985133,5,Big,Green Violet
20260527099985132,2,Small,Red
20260527099985131,2,Small,Red
20260527099985130,0,Small,Red Violet
20260527099985129,7,Big,Green
20260527099985128,8,Big,Red
20260527099985127,9,Big,Green
20260527099985126,9,Big,Green
20260527099985125,2,Small,Red
20260527099985124,2,Small,Red
20260527099985123,0,Small,Red Violet
20260527099985122,0,Small,Red Violet
20260527099985121,4,Small,Red
20260527099985120,7,Big,Green
20260527099985119,9,Big,Green
20260527099985118,3,Small,Green
20260527099985117,4,Small,Red
20260527099985116,3,Small,Green
20260527099985115,4,Small,Red
20260527099985114,6,Big,Red
20260527099985113,3,Small,Green
20260527099985112,8,Big,Red
20260527099985111,3,Small,Green
20260527099985110,3,Small,Green
20260527099985109,0,Small,Red Violet
20260527099985108,3,Small,Green
20260527099985107,6,Big,Red
20260527099985106,9,Big,Green
20260527099985105,3,Small,Green
20260527099985104,2,Small,Red
20260527099985103,7,Big,Green
20260527099985102,5,Big,Green Violet
20260527099985101,5,Big,Green Violet
20260527099985100,1,Small,Green
20260527099985099,0,Small,Red Violet
20260527099985098,0,Small,Red Violet
20260527099985097,8,Big,Red
20260527099985096,0,Small,Red Violet
20260527099985095,9,Big,Green
20260527099985094,7,Big,Green
20260527099985093,3,Small,Green
20260527099985092,6,Big,Red
20260527099985091,0,Small,Red Violet
20260527099985090,9,Big,Green
20260527099985089,7,Big,Green
20260527099985088,1,Small,Green
20260527099985087,5,Big,Green Violet
20260527099985086,0,Small,Red Violet
20260527099985085,5,Big,Green Violet
20260527099985084,1,Small,Green
20260527099985083,8,Big,Red
20260527099985082,6,Big,Red
20260527099985081,5,Big,Green Violet
20260527099985080,3,Small,Green
20260527099985079,4,Small,Red
20260527099985078,2,Small,Red
20260527099985077,6,Big,Red
20260527099985076,1,Small,Green
20260527099985075,6,Big,Red
20260527099985074,0,Small,Red Violet
20260527099985073,6,Big,Red
20260527099985072,6,Big,Red
20260527099985071,7,Big,Green
20260527099985070,8,Big,Red
20260527099985069,5,Big,Green Violet
20260527099985068,6,Big,Red
20260527099985067,4,Small,Red
20260527099985066,4,Small,Red
20260527099985065,2,Small,Red
20260527099985064,0,Small,Red Violet
20260527099985063,8,Big,Red
20260527099985062,7,Big,Green
20260527099985061,1,Small,Green
20260527099985060,9,Big,Green
20260527099985059,7,Big,Green
20260527099985058,6,Big,Red
20260527099985057,6,Big,Red
20260527099985056,3,Small,Green
20260527099985055,2,Small,Red
20260527099985054,5,Big,Green Violet
20260527099985053,6,Big,Red
20260527099985052,1,Small,Green
20260527099985051,2,Small,Red
20260527099985050,5,Big,Green Violet
20260527099985049,5,Big,Green Violet
20260527099985048,3,Small,Green
20260527099985047,5,Big,Green Violet
20260527099985046,7,Big,Green
20260527099985045,9,Big,Green
20260527099985044,5,Big,Green Violet
20260527099985043,2,Small,Red
20260527099985042,9,Big,Green
20260527099985041,0,Small,Red Violet
20260527099985040,1,Small,Green
20260527099985039,2,Small,Red
20260527099985038,5,Big,Green Violet
20260527099985037,9,Big,Green
20260527099985036,2,Small,Red
20260527099985035,2,Small,Red
20260527099985034,6,Big,Red
20260527099985033,8,Big,Red
20260527099985032,9,Big,Green
20260527099985031,2,Small,Red
20260527099985030,4,Small,Red
20260527099985029,5,Big,Green Violet
20260527099985028,9,Big,Green
20260527099985027,7,Big,Green
20260527099985026,1,Small,Green
20260527099985025,2,Small,Red
20260527099985024,4,Small,Red
20260527099985023,1,Small,Green
20260527099985022,3,Small,Green
20260527099985021,4,Small,Red
20260527099985020,0,Small,Red Violet
20260527099985019,7,Big,Green
20260527099985018,3,Small,Green
20260527099985017,4,Small,Red
20260527099985016,4,Small,Red
20260527099985015,5,Big,Green Violet
20260527099985014,0,Small,Red Violet
20260527099985013,2,Small,Red
20260527099985012,7,Big,Green
20260527099985011,4,Small,Red
20260527099985010,8,Big,Red
20260527099985009,1,Small,Green
20260527099985008,5,Big,Green Violet
20260527099985007,9,Big,Green
20260527099985006,7,Big,Green
20260527099985005,6,Big,Red
20260527099985004,6,Big,Red
20260527099985003,2,Small,Red
20260527099985002,1,Small,Green
20260527099985001,8,Big,Red
20260527099985000,1,Small,Green
20260527099984999,3,Small,Green
20260527099984998,7,Big,Green
20260527099984997,2,Small,Red
20260527099984996,0,Small,Red Violet
20260527099984995,9,Big,Green
20260527099984994,2,Small,Red
20260527099984993,4,Small,Red
20260527099984992,1,Small,Green
20260527099984991,3,Small,Green
20260527099984990,5,Big,Green Violet
20260527099984989,7,Big,Green
20260527099984988,7,Big,Green
20260527099984987,6,Big,Red
20260527099984986,9,Big,Green
20260527099984985,5,Big,Green Violet
20260527099984984,6,Big,Red
20260527099984983,9,Big,Green
20260527099984982,7,Big,Green
20260527099984981,5,Big,Green Violet
20260527099984980,4,Small,Red
20260527099984979,0,Small,Red Violet
20260527099984978,9,Big,Green
20260527099984977,1,Small,Green
20260527099984976,2,Small,Red
20260527099984975,0,Small,Red Violet
20260527099984974,1,Small,Green
20260527099984973,2,Small,Red
20260527099984972,5,Big,Green Violet
20260527099984971,5,Big,Green Violet
20260527099984970,5,Big,Green Violet
20260527099984969,5,Big,Green Violet
20260527099984968,5,Big,Green Violet
20260527099984967,5,Big,Green Violet
20260527099984966,2,Small,Red
20260527099984965,4,Small,Red
20260527099984964,1,Small,Green
20260527099984963,1,Small,Green
20260527099984962,1,Small,Green
20260527099984961,9,Big,Green
20260527099984960,2,Small,Red
20260527099984959,5,Big,Green Violet
20260527099984958,2,Small,Red
20260527099984957,8,Big,Red
20260527099984956,7,Big,Green
20260527099984955,7,Big,Green
20260527099984954,6,Big,Red
20260527099984953,8,Big,Red
20260527099984952,1,Small,Green
20260527099984951,6,Big,Red
20260527099984950,8,Big,Red
20260527099984949,8,Big,Red
20260527099984948,9,Big,Green
20260527099984947,9,Big,Green
20260527099984946,6,Big,Red
20260527099984945,7,Big,Green
20260527099984944,5,Big,Green Violet
20260527099984943,0,Small,Red Violet
20260527099984942,7,Big,Green
20260527099984941,1,Small,Green
20260527099984940,0,Small,Red Violet
20260527099984939,7,Big,Green
20260527099984938,4,Small,Red
20260527099984937,7,Big,Green
20260527099984936,2,Small,Red
20260527099984935,7,Big,Green
20260527099984934,2,Small,Red
20260527099984933,8,Big,Red
20260527099984932,8,Big,Red
20260527099984931,4,Small,Red
20260527099984930,0,Small,Red Violet
20260527099984929,0,Small,Red Violet
20260527099984928,1,Small,Green
20260527099984927,7,Big,Green
20260527099984926,1,Small,Green
20260527099984925,0,Small,Red Violet
20260527099984924,3,Small,Green
20260527099984923,2,Small,Red
20260527099984922,7,Big,Green
20260527099984921,5,Big,Green Violet
20260527099984920,8,Big,Red
20260527099984919,6,Big,Red
20260527099984918,3,Small,Green
20260527099984917,1,Small,Green
20260527099984916,5,Big,Green Violet
20260527099984915,7,Big,Green
20260527099984914,6,Big,Red
20260527099984913,0,Small,Red Violet
20260527099984912,4,Small,Red
20260527099984911,3,Small,Green
20260527099984910,2,Small,Red
20260527099984909,0,Small,Red Violet
20260527099984908,1,Small,Green
20260527099984907,0,Small,Red Violet
20260527099984906,6,Big,Red
20260527099984905,9,Big,Green
20260527099984904,0,Small,Red Violet
20260527099984903,4,Small,Red
20260527099984902,6,Big,Red
20260527099984901,7,Big,Green
20260527099984900,2,Small,Red
20260527099984899,3,Small,Green
20260527099984898,1,Small,Green
20260527099984897,6,Big,Red
20260527099984896,3,Small,Green
20260527099984895,9,Big,Green
20260527099984894,1,Small,Green
20260527099984893,0,Small,Red Violet
20260527099984892,4,Small,Red
20260527099984891,2,Small,Red
20260527099984890,1,Small,Green
20260527099984889,4,Small,Red
20260527099984888,5,Big,Green Violet
20260527099984887,7,Big,Green
20260527099984886,2,Small,Red
20260527099984885,1,Small,Green
20260527099984884,6,Big,Red
20260527099984883,8,Big,Red
20260527099984882,4,Small,Red
20260527099984881,2,Small,Red
20260527099984880,2,Small,Red
20260527099984879,0,Small,Red Violet
20260527099984878,4,Small,Red
20260527099984877,8,Big,Red
20260527099984876,5,Big,Green Violet
20260527099984875,7,Big,Green
20260527099984874,6,Big,Red
20260527099984873,6,Big,Red
20260527099984872,1,Small,Green
20260527099984871,0,Small,Red Violet
20260527099984870,6,Big,Red
20260527099984869,3,Small,Green
20260527099984868,4,Small,Red
20260527099984867,1,Small,Green
20260527099984866,4,Small,Red
20260527099984865,3,Small,Green
20260527099984864,7,Big,Green
20260527099984863,7,Big,Green
20260527099984862,2,Small,Red
20260527099984861,6,Big,Red
20260527099984860,8,Big,Red
20260527099984859,4,Small,Red
20260527099984858,1,Small,Green
20260527099984857,7,Big,Green
20260527099984856,0,Small,Red Violet
20260527099984855,0,Small,Red Violet
20260527099984854,6,Big,Red
20260527099984853,3,Small,Green
20260527099984852,0,Small,Red Violet
20260527099984851,2,Small,Red
20260527099984850,5,Big,Green Violet
20260527099984849,7,Big,Green
20260527099984848,0,Small,Red Violet
20260527099984847,8,Big,Red
20260527099984846,1,Small,Green
20260527099984845,3,Small,Green
20260527099984844,1,Small,Green
20260527099984843,2,Small,Red
20260527099984842,2,Small,Red
20260527099984841,0,Small,Red Violet
20260527099984840,7,Big,Green
20260527099984839,0,Small,Red Violet
20260527099984838,7,Big,Green
20260527099984837,5,Big,Green Violet
20260527099984836,5,Big,Green Violet
20260527099984835,6,Big,Red
20260527099984834,1,Small,Green
20260527099984833,3,Small,Green
20260527099984832,0,Small,Red Violet
20260527099984831,6,Big,Red
20260527099984830,3,Small,Green
20260527099984829,7,Big,Green
20260527099984828,8,Big,Red
20260527099984827,4,Small,Red
20260527099984826,2,Small,Red
20260527099984825,8,Big,Red
20260527099984824,4,Small,Red
20260527099984823,0,Small,Red Violet
20260527099984822,0,Small,Red Violet
20260527099984821,7,Big,Green
20260527099984820,6,Big,Red
20260527099984819,6,Big,Red
20260527099984818,8,Big,Red
20260527099984817,2,Small,Red
20260527099984816,3,Small,Green
20260527099984815,7,Big,Green
20260527099984814,0,Small,Red Violet
20260527099984813,0,Small,Red Violet
20260527099984812,3,Small,Green
20260527099984811,7,Big,Green
20260527099984810,4,Small,Red
20260527099984809,9,Big,Green
20260527099984808,4,Small,Red
20260527099984807,4,Small,Red
20260527099984806,6,Big,Red
20260527099984805,0,Small,Red Violet
20260527099984804,2,Small,Red
20260527099984803,8,Big,Red
20260527099984802,1,Small,Green
20260527099984801,0,Small,Red Violet
20260527099984800,7,Big,Green
20260527099984799,7,Big,Green
20260527099984798,9,Big,Green
20260527099984797,3,Small,Green
20260527099984796,7,Big,Green
20260527099984795,5,Big,Green Violet
20260527099984794,0,Small,Red Violet
20260527099984793,6,Big,Red
20260527099984792,7,Big,Green
20260527099984791,7,Big,Green
20260527099984790,0,Small,Red Violet
20260527099984789,3,Small,Green
20260527099984788,1,Small,Green
20260527099984787,2,Small,Red
20260527099984786,3,Small,Green
20260527099984785,5,Big,Green Violet
20260527099984784,6,Big,Red
20260527099984783,0,Small,Red Violet
20260527099984782,1,Small,Green
20260527099984781,7,Big,Green
20260527099984780,4,Small,Red
20260527099984779,1,Small,Green
20260527099984778,3,Small,Green
20260527099984777,4,Small,Red
20260527099984776,1,Small,Green
20260527099984775,9,Big,Green
20260527099984774,9,Big,Green
20260527099984773,4,Small,Red
20260527099984772,5,Big,Green Violet
20260527099984771,5,Big,Green Violet
20260527099984770,0,Small,Red Violet
20260527099984769,2,Small,Red
20260527099984768,2,Small,Red
20260527099984767,2,Small,Red
20260527099984766,9,Big,Green
20260527099984765,6,Big,Red
20260527099984764,4,Small,Red
20260527099984763,5,Big,Green Violet
20260527099984762,0,Small,Red Violet
20260527099984761,1,Small,Green
20260527099984760,0,Small,Red Violet
20260527099984759,1,Small,Green
20260527099984758,1,Small,Green
20260527099984757,5,Big,Green Violet
20260527099984756,8,Big,Red
20260527099984755,2,Small,Red
20260527099984754,3,Small,Green
20260527099984753,6,Big,Red
20260527099984752,7,Big,Green
20260527099984751,6,Big,Red
20260527099984750,7,Big,Green
20260527099984749,8,Big,Red
20260527099984748,1,Small,Green
20260527099984747,7,Big,Green
20260527099984746,5,Big,Green Violet
20260527099984745,1,Small,Green
20260527099984744,6,Big,Red
20260527099984743,2,Small,Red
20260527099984742,7,Big,Green
20260527099984741,0,Small,Red Violet
20260527099984740,6,Big,Red
20260527099984739,1,Small,Green
20260527099984738,8,Big,Red
20260527099984737,1,Small,Green
20260527099984736,4,Small,Red
20260527099984735,4,Small,Red
20260527099984734,4,Small,Red
20260527099984733,1,Small,Green
20260527099984732,0,Small,Red Violet
20260527099984731,5,Big,Green Violet
20260527099984730,0,Small,Red Violet
20260527099984729,7,Big,Green
20260527099984728,7,Big,Green
20260527099984727,3,Small,Green
20260527099984726,7,Big,Green
20260527099984725,2,Small,Red
20260527099984724,9,Big,Green
20260527099984723,4,Small,Red
20260527099984722,4,Small,Red
20260527099984721,1,Small,Green
20260527099984720,6,Big,Red
20260527099984719,7,Big,Green
20260527099984718,9,Big,Green
20260527099984717,4,Small,Red
20260527099984716,7,Big,Green
20260527099984715,1,Small,Green
20260527099984714,0,Small,Red Violet
20260527099984713,4,Small,Red
20260527099984712,2,Small,Red
20260527099984711,8,Big,Red
20260527099984710,3,Small,Green
20260527099984709,0,Small,Red Violet
20260527099984708,3,Small,Green
20260527099984707,2,Small,Red
20260527099984706,5,Big,Green Violet
20260527099984705,2,Small,Red
20260527099984704,3,Small,Green
20260527099984703,3,Small,Green
20260527099984702,8,Big,Red
20260527099984701,6,Big,Red
20260527099984700,8,Big,Red
20260527099984699,0,Small,Red Violet
20260527099984698,4,Small,Red
20260527099984697,6,Big,Red
20260527099984696,0,Small,Red Violet
20260527099984695,5,Big,Green Violet
20260527099984694,3,Small,Green
20260527099984693,5,Big,Green Violet
20260527099984692,6,Big,Red
20260527099984691,0,Small,Red Violet
20260527099984690,3,Small,Green
20260527099984689,7,Big,Green
20260527099984688,9,Big,Green
20260527099984687,9,Big,Green
20260527099984686,1,Small,Green
20260527099984685,3,Small,Green
20260527099984684,2,Small,Red
20260527099984683,6,Big,Red
20260527099984682,3,Small,Green
20260527099984681,7,Big,Green
20260527099984680,6,Big,Red
20260527099984679,3,Small,Green
20260527099984678,0,Small,Red Violet
20260527099984677,5,Big,Green Violet
20260527099984676,8,Big,Red
20260527099984675,6,Big,Red
20260527099984674,5,Big,Green Violet
20260527099984673,4,Small,Red
20260527099984672,7,Big,Green
20260527099984671,7,Big,Green
20260527099984670,0,Small,Red Violet
20260527099984669,2,Small,Red
20260527099984668,2,Small,Red
20260527099984667,2,Small,Red
20260527099984666,9,Big,Green
20260527099984665,0,Small,Red Violet
20260527099984664,5,Big,Green Violet
20260527099984663,5,Big,Green Violet
20260527099984662,1,Small,Green
20260527099984661,7,Big,Green
20260527099984660,1,Small,Green
20260527099984659,3,Small,Green
20260527099984658,6,Big,Red
20260527099984657,6,Big,Red
20260527099984656,9,Big,Green
20260527099984655,3,Small,Green
20260527099984654,0,Small,Red Violet
20260527099984653,7,Big,Green
20260527099984652,3,Small,Green
20260527099984651,2,Small,Red
20260527099984650,1,Small,Green
20260527099984649,1,Small,Green
20260527099984648,0,Small,Red Violet
20260527099984647,8,Big,Red
20260527099984646,8,Big,Red
20260527099984645,6,Big,Red
20260527099984644,1,Small,Green
20260527099984643,9,Big,Green
20260527099984642,1,Small,Green
20260527099984641,6,Big,Red
20260527099984640,7,Big,Green
20260527099984639,6,Big,Red
20260527099984638,2,Small,Red
20260527099984637,9,Big,Green
20260527099984636,0,Small,Red Violet
20260527099984635,2,Small,Red
20260527099984634,9,Big,Green
20260527099984633,3,Small,Green
20260527099984632,8,Big,Red
20260527099984631,3,Small,Green
20260527099984630,3,Small,Green
20260527099984629,2,Small,Red
20260527099984628,4,Small,Red
20260527099984627,0,Small,Red Violet
20260527099984626,5,Big,Green Violet
20260527099984625,7,Big,Green
20260527099984624,0,Small,Red Violet
20260527099984623,3,Small,Green
20260527099984622,9,Big,Green
20260527099984621,1,Small,Green
20260527099984620,4,Small,Red
20260527099984619,5,Big,Green Violet
20260527099984618,1,Small,Green
20260527099984617,7,Big,Green
20260527099984616,5,Big,Green Violet
20260527099984615,4,Small,Red
20260527099984614,6,Big,Red
20260527099984613,2,Small,Red
20260527099984612,4,Small,Red
20260527099984611,5,Big,Green Violet
20260527099984610,0,Small,Red Violet
20260527099984609,2,Small,Red
20260527099984608,0,Small,Red Violet
20260527099984607,4,Small,Red
20260527099984606,5,Big,Green Violet
20260527099984605,2,Small,Red
20260527099984604,3,Small,Green
20260527099984603,5,Big,Green Violet
20260527099984602,3,Small,Green
20260527099984601,3,Small,Green
20260527099984600,3,Small,Green
20260527099984599,5,Big,Green Violet
20260527099984598,3,Small,Green
20260527099984597,7,Big,Green
20260527099984596,2,Small,Red
20260527099984595,7,Big,Green
20260527099984594,5,Big,Green Violet
20260527099984593,9,Big,Green
20260527099984592,4,Small,Red
20260527099984591,3,Small,Green
20260527099984590,3,Small,Green
20260527099984589,6,Big,Red
20260527099984588,2,Small,Red
20260527099984587,1,Small,Green
20260527099984586,6,Big,Red
20260527099984585,2,Small,Red
20260527099984584,2,Small,Red
20260527099984583,7,Big,Green
20260527099984582,2,Small,Red
20260527099984581,3,Small,Green
20260527099984580,2,Small,Red
20260527099984579,1,Small,Green
20260527099984578,1,Small,Green
20260527099984577,2,Small,Red
20260527099984576,4,Small,Red
20260527099984575,1,Small,Green
20260527099984574,6,Big,Red
20260527099984573,7,Big,Green
20260527099984572,0,Small,Red Violet
20260527099984571,2,Small,Red
20260527099984570,7,Big,Green
20260527099984569,7,Big,Green
20260527099984568,1,Small,Green
20260527099984567,9,Big,Green
20260527099984566,2,Small,Red
20260527099984565,7,Big,Green
20260527099984564,6,Big,Red
20260527099984563,1,Small,Green
20260527099984562,7,Big,Green
20260527099984561,6,Big,Red
20260527099984560,5,Big,Green Violet
20260527099984559,9,Big,Green
20260527099984558,5,Big,Green Violet
20260527099984557,0,Small,Red Violet
20260527099984556,7,Big,Green
20260527099984555,9,Big,Green
20260527099984554,5,Big,Green Violet
20260527099984553,0,Small,Red Violet
20260527099984552,3,Small,Green
20260527099984551,7,Big,Green
20260527099984550,1,Small,Green
20260527099984549,2,Small,Red
20260527099984548,7,Big,Green
20260527099984547,6,Big,Red
20260527099984546,5,Big,Green Violet
20260527099984545,1,Small,Green
20260527099984544,6,Big,Red
20260527099984543,9,Big,Green
20260527099984542,1,Small,Green
20260527099984541,0,Small,Red Violet
20260527099984540,0,Small,Red Violet
20260527099984539,3,Small,Green
20260527099984538,5,Big,Green Violet
20260527099984537,3,Small,Green
20260527099984536,7,Big,Green
20260527099984535,8,Big,Red
20260527099984534,1,Small,Green
20260527099984533,3,Small,Green
20260527099984532,7,Big,Green
20260527099984531,1,Small,Green
20260527099984530,7,Big,Green
20260527099984529,8,Big,Red
20260527099984528,2,Small,Red
20260527099984527,2,Small,Red
20260527099984526,1,Small,Green
20260527099984525,0,Small,Red Violet
20260527099984524,5,Big,Green Violet
20260527099984523,5,Big,Green Violet
20260527099984522,2,Small,Red
20260527099984521,3,Small,Green
20260527099984520,1,Small,Green
20260527099984519,5,Big,Green Violet
20260527099984518,6,Big,Red
20260527099984517,8,Big,Red
20260527099984516,1,Small,Green
20260527099984515,8,Big,Red
20260527099984514,6,Big,Red
20260527099984513,8,Big,Red
20260527099984512,1,Small,Green
20260527099984511,0,Small,Red Violet
20260527099984510,6,Big,Red
20260527099984509,3,Small,Green
20260527099984508,9,Big,Green
20260527099984507,8,Big,Red
20260527099984506,5,Big,Green Violet
20260527099984505,0,Small,Red Violet
20260527099984504,5,Big,Green Violet
20260527099984503,1,Small,Green
20260527099984502,5,Big,Green Violet
20260527099984501,8,Big,Red
20260527099984500,0,Small,Red Violet
20260527099984499,0,Small,Red Violet
20260527099984498,1,Small,Green
20260527099984497,5,Big,Green Violet
20260527099984496,9,Big,Green
20260527099984495,0,Small,Red Violet
20260527099984494,9,Big,Green
20260527099984493,9,Big,Green
20260527099984492,0,Small,Red Violet
20260527099984491,5,Big,Green Violet
20260527099984490,1,Small,Green
20260527099984489,5,Big,Green Violet
20260527099984488,5,Big,Green Violet
20260527099984487,7,Big,Green
20260527099984486,8,Big,Red
20260527099984485,3,Small,Green
20260527099984484,0,Small,Red Violet
20260527099984483,8,Big,Red
20260527099984482,2,Small,Red
20260527099984481,6,Big,Red
20260527099984480,7,Big,Green
20260527099984479,0,Small,Red Violet
20260527099984478,3,Small,Green
20260527099984477,2,Small,Red
20260527099984476,5,Big,Green Violet
20260527099984475,7,Big,Green
20260527099984474,6,Big,Red
20260527099984473,0,Small,Red Violet
20260527099984472,0,Small,Red Violet
20260527099984471,6,Big,Red
20260527099984470,3,Small,Green
20260527099984469,6,Big,Red
20260527099984468,3,Small,Green
20260527099984467,4,Small,Red
20260527099984466,8,Big,Red
20260527099984465,7,Big,Green
20260527099984464,9,Big,Green
20260527099984463,7,Big,Green
20260527099984462,1,Small,Green
20260527099984461,1,Small,Green
20260527099984460,9,Big,Green
20260527099984459,9,Big,Green
20260527099984458,4,Small,Red
20260527099984457,5,Big,Green Violet
20260527099984456,4,Small,Red
20260527099984455,6,Big,Red
20260527099984454,7,Big,Green
20260527099984453,1,Small,Green
20260527099984452,4,Small,Red
20260527099984451,1,Small,Green
20260527099984450,2,Small,Red
20260527099984449,7,Big,Green
20260527099984448,2,Small,Red
20260527099984447,9,Big,Green
20260527099984446,9,Big,Green
20260527099984445,6,Big,Red
20260527099984444,8,Big,Red
20260527099984443,1,Small,Green
20260527099984442,2,Small,Red
20260527099984441,8,Big,Red
20260527099984440,0,Small,Red Violet
20260527099984439,0,Small,Red Violet
20260527099984438,8,Big,Red
20260527099984437,8,Big,Red
20260527099984436,8,Big,Red
20260527099984435,9,Big,Green
20260527099984434,8,Big,Red
20260527099984433,7,Big,Green
20260527099984432,8,Big,Red
20260527099984431,2,Small,Red
20260527099984430,2,Small,Red
20260527099984429,6,Big,Red
20260527099984428,7,Big,Green
20260527099984427,9,Big,Green
20260527099984426,6,Big,Red
20260527099984425,7,Big,Green
20260527099984424,4,Small,Red
20260527099984423,2,Small,Red
20260527099984422,9,Big,Green
20260527099984421,2,Small,Red
20260527099984420,6,Big,Red
20260527099984419,4,Small,Red
20260527099984418,3,Small,Green
20260527099984417,9,Big,Green
20260527099984416,4,Small,Red
20260527099984415,8,Big,Red
20260527099984414,7,Big,Green
20260527099984413,8,Big,Red
20260527099984412,3,Small,Green
20260527099984411,4,Small,Red
20260527099984410,1,Small,Green
20260527099984409,7,Big,Green
20260527099984408,9,Big,Green
20260527099984407,7,Big,Green
20260527099984406,3,Small,Green
20260527099984405,8,Big,Red
20260527099984404,7,Big,Green
20260527099984403,2,Small,Red
20260527099984402,9,Big,Green
20260527099984401,7,Big,Green
20260527099984400,1,Small,Green
20260527099984399,7,Big,Green
20260527099984398,1,Small,Green
20260527099984397,1,Small,Green
20260527099984396,7,Big,Green
20260527099984395,6,Big,Red
20260527099984394,5,Big,Green Violet
20260527099984393,5,Big,Green Violet
20260527099984392,0,Small,Red Violet
20260527099984391,4,Small,Red
20260527099984390,5,Big,Green Violet
20260527099984389,4,Small,Red
20260527099984388,2,Small,Red
20260527099984387,5,Big,Green Violet
20260527099984386,4,Small,Red
20260527099984385,3,Small,Green
20260527099984384,2,Small,Red
20260527099984383,4,Small,Red
20260527099984382,4,Small,Red
20260527099984381,3,Small,Green
20260527099984380,3,Small,Green
20260527099984379,3,Small,Green
20260527099984378,5,Big,Green Violet
20260527099984377,6,Big,Red
20260527099984376,4,Small,Red
20260527099984375,1,Small,Green
20260527099984374,9,Big,Green
20260527099984373,8,Big,Red
20260527099984372,4,Small,Red
20260527099984371,5,Big,Green Violet
20260527099984370,4,Small,Red
20260527099984369,4,Small,Red
20260527099984368,4,Small,Red
20260527099984367,8,Big,Red
20260527099984366,0,Small,Red Violet
20260527099984365,3,Small,Green
20260527099984364,5,Big,Green Violet
20260527099984363,8,Big,Red
20260527099984362,1,Small,Green
20260527099984361,4,Small,Red
20260527099984360,9,Big,Green
20260527099984359,8,Big,Red
20260527099984358,4,Small,Red
20260527099984357,2,Small,Red
20260527099984356,4,Small,Red
20260527099984355,3,Small,Green
20260527099984354,2,Small,Red
20260527099984353,9,Big,Green
20260527099984352,8,Big,Red
20260527099984351,2,Small,Red
20260527099984350,5,Big,Green Violet
20260527099984349,1,Small,Green
20260527099984348,7,Big,Green
20260527099984347,1,Small,Green
20260527099984346,5,Big,Green Violet
20260527099984345,7,Big,Green
20260527099984344,5,Big,Green Violet
20260527099984343,5,Big,Green Violet
20260527099984342,3,Small,Green
20260527099984341,6,Big,Red
20260527099984340,3,Small,Green
20260527099984339,2,Small,Red
20260527099984338,7,Big,Green
20260527099984337,0,Small,Red Violet
20260527099984336,4,Small,Red
20260527099984335,7,Big,Green
20260527099984334,2,Small,Red
20260527099984333,4,Small,Red
20260527099984332,3,Small,Green
20260527099984331,8,Big,Red
20260527099984330,7,Big,Green
20260527099984329,3,Small,Green
20260527099984328,1,Small,Green
20260527099984327,2,Small,Red
20260527099984326,4,Small,Red
20260527099984325,6,Big,Red
20260527099984324,6,Big,Red
20260527099984323,0,Small,Red Violet
20260527099984322,6,Big,Red
20260527099984321,7,Big,Green
20260527099984320,1,Small,Green
20260527099984319,4,Small,Red
20260527099984318,9,Big,Green
20260527099984317,8,Big,Red
20260527099984316,3,Small,Green
20260527099984315,7,Big,Green
20260527099984314,4,Small,Red
20260527099984313,9,Big,Green
20260527099984312,7,Big,Green
20260527099984311,2,Small,Red
20260527099984310,0,Small,Red Violet
20260527099984309,8,Big,Red
20260527099984308,3,Small,Green
20260527099984307,9,Big,Green
20260527099984306,9,Big,Green
20260527099984305,1,Small,Green
20260527099984304,1,Small,Green
20260527099984303,9,Big,Green
20260527099984302,2,Small,Red
20260527099984301,5,Big,Green Violet
20260527099984300,5,Big,Green Violet
20260527099984299,9,Big,Green
20260527099984298,4,Small,Red
20260527099984297,3,Small,Green
20260527099984296,8,Big,Red
20260527099984295,5,Big,Green Violet
20260527099984294,4,Small,Red
20260527099984293,4,Small,Red
20260527099984292,7,Big,Green
20260527099984291,1,Small,Green
20260527099984290,2,Small,Red
20260527099984289,4,Small,Red
20260527099984288,0,Small,Red Violet
20260527099984287,6,Big,Red
20260527099984286,3,Small,Green
20260527099984285,5,Big,Green Violet
20260527099984284,5,Big,Green Violet
20260527099984283,3,Small,Green
20260527099984282,8,Big,Red
20260527099984281,3,Small,Green
20260527099984280,5,Big,Green Violet
20260527099984279,9,Big,Green
20260527099984278,6,Big,Red
20260527099984277,0,Small,Red Violet
20260527099984276,0,Small,Red Violet
20260527099984275,1,Small,Green
20260527099984274,7,Big,Green
20260527099984273,0,Small,Red Violet
20260527099984272,8,Big,Red
20260527099984271,2,Small,Red
20260527099984270,3,Small,Green
20260527099984269,1,Small,Green
20260527099984268,4,Small,Red
20260527099984267,7,Big,Green
20260527099984266,8,Big,Red
20260527099984265,7,Big,Green
20260527099984264,3,Small,Green
20260527099984263,4,Small,Red
20260527099984262,0,Small,Red Violet
20260527099984261,0,Small,Red Violet
20260527099984260,0,Small,Red Violet
20260527099984259,8,Big,Red
20260527099984258,7,Big,Green
20260527099984257,3,Small,Green
20260527099984256,5,Big,Green Violet
20260527099984255,3,Small,Green
20260527099984254,0,Small,Red Violet
20260527099984253,4,Small,Red
20260527099984252,0,Small,Red Violet
20260527099984251,4,Small,Red
20260527099984250,9,Big,Green
20260527099984249,3,Small,Green
20260527099984248,6,Big,Red
20260527099984247,7,Big,Green
20260527099984246,9,Big,Green
20260527099984245,7,Big,Green
20260527099984244,4,Small,Red
20260527099984243,3,Small,Green
20260527099984242,3,Small,Green
20260527099984241,5,Big,Green Violet
20260527099984240,3,Small,Green
20260527099984239,2,Small,Red
20260527099984238,5,Big,Green Violet
20260527099984237,4,Small,Red
20260527099984236,5,Big,Green Violet
20260527099984235,7,Big,Green
20260527099984234,7,Big,Green
20260527099984233,8,Big,Red
20260527099984232,7,Big,Green
20260527099984231,4,Small,Red
20260527099984230,5,Big,Green Violet
20260527099984229,6,Big,Red
20260527099984228,8,Big,Red
20260527099984227,2,Small,Red
20260527099984226,8,Big,Red
20260527099984225,0,Small,Red Violet
20260527099984224,0,Small,Red Violet
20260527099984223,5,Big,Green Violet
20260527099984222,1,Small,Green
20260527099984221,9,Big,Green
20260527099984220,2,Small,Red
20260527099984219,3,Small,Green
20260527099984218,8,Big,Red
20260527099984217,7,Big,Green
20260527099984216,6,Big,Red
20260527099984215,6,Big,Red
20260527099984214,9,Big,Green
20260527099984213,6,Big,Red
20260527099984212,7,Big,Green
20260527099984211,1,Small,Green
20260527099984210,3,Small,Green
20260527099984209,8,Big,Red
20260527099984208,6,Big,Red
20260527099984207,0,Small,Red Violet
20260527099984206,7,Big,Green
20260527099984205,5,Big,Green Violet
20260527099984204,4,Small,Red
20260527099984203,3,Small,Green
20260527099984202,7,Big,Green
20260527099984201,1,Small,Green
20260527099984200,3,Small,Green
20260527099984199,6,Big,Red
20260527099984198,0,Small,Red Violet
20260527099984197,8,Big,Red
20260527099984196,5,Big,Green Violet
20260527099984195,4,Small,Red
20260527099984194,7,Big,Green
20260527099984193,6,Big,Red
20260527099984192,5,Big,Green Violet
20260527099984191,5,Big,Green Violet
20260527099984190,6,Big,Red
20260527099984189,3,Small,Green
20260527099984188,3,Small,Green
20260527099984187,8,Big,Red
20260527099984186,6,Big,Red
20260527099984185,1,Small,Green
20260527099984184,8,Big,Red
20260527099984183,3,Small,Green
20260527099984182,8,Big,Red
20260527099984181,2,Small,Red
20260527099984180,2,Small,Red
20260527099984179,6,Big,Red
20260527099984178,5,Big,Green Violet
20260527099984177,8,Big,Red
20260527099984176,7,Big,Green
20260527099984175,1,Small,Green
20260527099984174,1,Small,Green
20260527099984173,1,Small,Green
20260527099984172,7,Big,Green
20260527099984171,9,Big,Green
20260527099984170,1,Small,Green
20260527099984169,4,Small,Red
20260527099984168,1,Small,Green
20260527099984167,3,Small,Green
20260527099984166,4,Small,Red
20260527099984165,4,Small,Red
20260527099984164,0,Small,Red Violet
20260527099984163,9,Big,Green
20260527099984162,6,Big,Red
20260527099984161,9,Big,Green
20260527099984160,3,Small,Green
20260527099984159,6,Big,Red
20260527099984158,0,Small,Red Violet
20260527099984157,0,Small,Red Violet
20260527099984156,9,Big,Green
20260527099984155,1,Small,Green
20260527099984154,2,Small,Red
20260527099984153,3,Small,Green
20260527099984152,0,Small,Red Violet
20260527099984151,0,Small,Red Violet
20260527099984150,0,Small,Red Violet
20260527099984149,7,Big,Green
20260527099984148,8,Big,Red
20260527099984147,6,Big,Red
20260527099984146,4,Small,Red
20260527099984145,1,Small,Green
20260527099984144,8,Big,Red
20260527099984143,2,Small,Red
20260527099984142,7,Big,Green
20260527099984141,7,Big,Green
20260527099984140,4,Small,Red
20260527099984139,1,Small,Green
20260527099984138,8,Big,Red
20260527099984137,9,Big,Green
20260527099984136,9,Big,Green
20260527099984135,3,Small,Green
20260527099984134,8,Big,Red
20260527099984133,2,Small,Red
20260527099984132,9,Big,Green
20260527099984131,5,Big,Green Violet
20260527099984130,4,Small,Red
20260527099984129,6,Big,Red
20260527099984128,4,Small,Red
20260527099984127,8,Big,Red
20260527099984126,2,Small,Red
20260527099984125,2,Small,Red
20260527099984124,4,Small,Red
20260527099984123,1,Small,Green
20260527099984122,2,Small,Red
20260527099984121,7,Big,Green
20260527099984120,2,Small,Red
20260527099984119,8,Big,Red
20260527099984118,6,Big,Red
20260527099984117,2,Small,Red
20260527099984116,5,Big,Green Violet
20260527099984115,0,Small,Red Violet
20260527099984114,0,Small,Red Violet
20260527099984113,4,Small,Red
20260527099984112,4,Small,Red
20260527099984111,3,Small,Green
20260527099984110,6,Big,Red
20260527099984109,0,Small,Red Violet
20260527099984108,5,Big,Green Violet
20260527099984107,3,Small,Green
20260527099984106,9,Big,Green
20260527099984105,6,Big,Red
20260527099984104,2,Small,Red
20260527099984103,9,Big,Green
20260527099984102,9,Big,Green
20260527099984101,5,Big,Green Violet
20260527099984100,0,Small,Red Violet
20260527099984099,2,Small,Red
20260527099984098,9,Big,Green
20260527099984097,0,Small,Red Violet
20260527099984096,1,Small,Green
20260527099984095,9,Big,Green
20260527099984094,7,Big,Green
20260527099984093,0,Small,Red Violet
20260527099984092,7,Big,Green
20260527099984091,8,Big,Red
20260527099984090,3,Small,Green
20260527099984089,0,Small,Red Violet
20260527099984088,1,Small,Green
20260527099984087,9,Big,Green
20260527099984086,1,Small,Green
20260527099984085,3,Small,Green
20260527099984084,2,Small,Red
20260527099984083,3,Small,Green
20260527099984082,1,Small,Green
20260527099984081,1,Small,Green
20260527099984080,1,Small,Green
20260527099984079,1,Small,Green
20260527099984078,9,Big,Green
20260527099984077,3,Small,Green
20260527099984076,5,Big,Green Violet
20260527099984075,8,Big,Red
20260527099984074,2,Small,Red
20260527099984073,3,Small,Green
20260527099984072,9,Big,Green
20260527099984071,7,Big,Green
20260527099984070,8,Big,Red
20260527099984069,7,Big,Green
20260527099984068,8,Big,Red
20260527099984067,7,Big,Green
20260527099984066,2,Small,Red
20260527099984065,3,Small,Green
20260527099984064,5,Big,Green Violet
20260527099984063,4,Small,Red
20260527099984062,6,Big,Red
20260527099984061,7,Big,Green
20260527099984060,7,Big,Green
20260527099984059,6,Big,Red
20260527099984058,1,Small,Green
20260527099984057,7,Big,Green
20260527099984056,8,Big,Red
20260527099984055,2,Small,Red
20260527099984054,2,Small,Red
20260527099984053,3,Small,Green
20260527099984052,7,Big,Green
20260527099984051,4,Small,Red
20260527099984050,8,Big,Red
20260527099984049,0,Small,Red Violet
20260527099984048,5,Big,Green Violet
20260527099984047,4,Small,Red
20260527099984046,6,Big,Red
20260527099984045,5,Big,Green Violet
20260527099984044,7,Big,Green
20260527099984043,5,Big,Green Violet
20260527099984042,3,Small,Green
20260527099984041,0,Small,Red Violet
20260527099984040,6,Big,Red
20260527099984039,7,Big,Green
20260527099984038,4,Small,Red
20260527099984037,7,Big,Green
20260527099984036,0,Small,Red Violet
20260527099984035,5,Big,Green Violet
20260527099984034,6,Big,Red
20260527099984033,5,Big,Green Violet
20260527099984032,5,Big,Green Violet
20260527099984031,8,Big,Red
20260527099984030,4,Small,Red
20260527099984029,6,Big,Red
20260527099984028,3,Small,Green
20260527099984027,5,Big,Green Violet
20260527099984026,8,Big,Red
20260527099984025,4,Small,Red
20260527099984024,7,Big,Green
20260527099984023,3,Small,Green
20260527099984022,5,Big,Green Violet
20260527099984021,4,Small,Red
20260527099984020,7,Big,Green
20260527099984019,1,Small,Green
20260527099984018,1,Small,Green
20260527099984017,3,Small,Green
20260527099984016,5,Big,Green Violet
20260527099984015,0,Small,Red Violet
20260527099984014,5,Big,Green Violet
20260527099984013,0,Small,Red Violet
20260527099984012,5,Big,Green Violet
20260527099984011,5,Big,Green Violet
20260527099984010,8,Big,Red
20260527099984009,5,Big,Green Violet
20260527099984008,3,Small,Green
20260527099984007,3,Small,Green
20260527099984006,0,Small,Red Violet
20260527099984005,2,Small,Red
20260527099984004,7,Big,Green
20260527099984003,1,Small,Green
20260527099984002,1,Small,Green
20260527099984001,9,Big,Green
20260527099984000,0,Small,Red Violet
20260527099983999,1,Small,Green
20260527099983998,3,Small,Green
20260527099983997,0,Small,Red Violet
20260527099983996,3,Small,Green
20260527099983995,7,Big,Green
20260527099983994,1,Small,Green
20260527099983993,4,Small,Red
20260527099983992,6,Big,Red
20260527099983991,7,Big,Green
20260527099983990,0,Small,Red Violet
20260527099983989,7,Big,Green
20260527099983988,3,Small,Green
20260527099983987,4,Small,Red
20260527099983986,5,Big,Green Violet
20260527099983985,1,Small,Green
20260527099983984,9,Big,Green
20260527099983983,9,Big,Green
20260527099983982,9,Big,Green
20260527099983981,2,Small,Red
20260527099983980,5,Big,Green Violet
20260527099983979,4,Small,Red
20260527099983978,2,Small,Red
20260527099983977,5,Big,Green Violet
20260527099983976,3,Small,Green
20260527099983975,7,Big,Green
20260527099983974,2,Small,Red
20260527099983973,0,Small,Red Violet
20260527099983972,5,Big,Green Violet
20260527099983971,2,Small,Red
20260527099983970,3,Small,Green
20260527099983969,7,Big,Green
20260527099983968,2,Small,Red
20260527099983967,5,Big,Green Violet
20260527099983966,5,Big,Green Violet
20260527099983965,5,Big,Green Violet
20260527099983964,9,Big,Green
20260527099983963,1,Small,Green
20260527099983962,9,Big,Green
20260527099983961,7,Big,Green
20260527099983960,0,Small,Red Violet
20260527099983959,0,Small,Red Violet
20260527099983958,3,Small,Green
20260527099983957,0,Small,Red Violet
20260527099983956,2,Small,Red
20260527099983955,0,Small,Red Violet
20260527099983954,9,Big,Green
20260527099983953,2,Small,Red
20260527099983952,5,Big,Green Violet
20260527099983951,1,Small,Green
20260527099983950,0,Small,Red Violet
20260527099983949,7,Big,Green
20260527099983948,1,Small,Green
20260527099983947,4,Small,Red
20260527099983946,7,Big,Green
20260527099983945,8,Big,Red
20260527099983944,8,Big,Red
20260527099983943,5,Big,Green Violet
20260527099983942,2,Small,Red
20260527099983941,6,Big,Red
20260527099983940,6,Big,Red
20260527099983939,3,Small,Green
20260527099983938,8,Big,Red
20260527099983937,7,Big,Green
20260527099983936,1,Small,Green
20260527099983935,2,Small,Red
20260527099983934,7,Big,Green
20260527099983933,1,Small,Green
20260527099983932,9,Big,Green
20260527099983931,9,Big,Green
20260527099983930,5,Big,Green Violet
20260527099983929,5,Big,Green Violet
20260527099983928,3,Small,Green
20260527099983927,5,Big,Green Violet
20260527099983926,4,Small,Red
20260527099983925,9,Big,Green
20260527099983924,6,Big,Red
20260527099983923,0,Small,Red Violet
20260527099983922,6,Big,Red
20260527099983921,2,Small,Red
20260527099983920,6,Big,Red
20260527099983919,1,Small,Green
20260527099983918,9,Big,Green
20260527099983917,6,Big,Red
20260527099983916,3,Small,Green
20260527099983915,7,Big,Green
20260527099983914,0,Small,Red Violet
20260527099983913,7,Big,Green
20260527099983912,6,Big,Red
20260527099983911,7,Big,Green
20260527099983910,5,Big,Green Violet
20260527099983909,6,Big,Red
20260527099983908,6,Big,Red
20260527099983907,7,Big,Green
20260527099983906,3,Small,Green
20260527099983905,9,Big,Green
20260527099983904,6,Big,Red
20260527099983903,8,Big,Red
20260527099983902,0,Small,Red Violet
20260527099983901,6,Big,Red
20260527099983900,6,Big,Red
20260527099983899,2,Small,Red
20260527099983898,8,Big,Red
20260527099983897,4,Small,Red
20260527099983896,4,Small,Red
20260527099983895,5,Big,Green Violet
20260527099983894,7,Big,Green
20260527099983893,3,Small,Green
20260527099983892,6,Big,Red
20260527099983891,2,Small,Red
20260527099983890,6,Big,Red
20260527099983889,1,Small,Green
20260527099983888,3,Small,Green
20260527099983887,0,Small,Red Violet
20260527099983886,6,Big,Red
20260527099983885,7,Big,Green
20260527099983884,9,Big,Green
20260527099983883,2,Small,Red
20260527099983882,5,Big,Green Violet
20260527099983881,4,Small,Red
20260527099983880,0,Small,Red Violet
20260527099983879,4,Small,Red
20260527099983878,1,Small,Green
20260527099983877,9,Big,Green
20260527099983876,0,Small,Red Violet
20260527099983875,9,Big,Green
20260527099983874,6,Big,Red
20260527099983873,3,Small,Green
20260527099983872,9,Big,Green
20260527099983871,6,Big,Red
20260527099983870,6,Big,Red
20260527099983869,2,Small,Red
20260527099983868,2,Small,Red
20260527099983867,6,Big,Red
20260527099983866,3,Small,Green
20260527099983865,6,Big,Red
20260527099983864,8,Big,Red
20260527099983863,8,Big,Red
20260527099983862,0,Small,Red Violet
20260527099983861,4,Small,Red
20260527099983860,4,Small,Red
20260527099983859,5,Big,Green Violet
20260527099983858,0,Small,Red Violet
20260527099983857,2,Small,Red
20260527099983856,4,Small,Red
20260527099983855,4,Small,Red
20260527099983854,4,Small,Red
20260527099983853,0,Small,Red Violet
20260527099983852,8,Big,Red
20260527099983851,1,Small,Green
20260527099983850,1,Small,Green
20260527099983849,6,Big,Red
20260527099983848,7,Big,Green
20260527099983847,3,Small,Green
20260527099983846,8,Big,Red
20260527099983845,7,Big,Green
20260527099983844,7,Big,Green
20260527099983843,1,Small,Green
20260527099983842,7,Big,Green
20260527099983841,7,Big,Green
20260527099983840,2,Small,Red
20260527099983839,3,Small,Green
20260527099983838,4,Small,Red
20260527099983837,3,Small,Green
20260527099983836,5,Big,Green Violet
20260527099983835,3,Small,Green
20260527099983834,6,Big,Red
20260527099983833,3,Small,Green
20260527099983832,3,Small,Green
20260527099983831,7,Big,Green
20260527099983830,9,Big,Green
20260527099983829,9,Big,Green
20260527099983828,9,Big,Green
20260527099983827,2,Small,Red
20260527099983826,2,Small,Red
20260527099983825,1,Small,Green
20260527099983824,5,Big,Green Violet
20260527099983823,1,Small,Green
20260527099983822,2,Small,Red
20260527099983821,4,Small,Red
20260527099983820,8,Big,Red
20260527099983819,4,Small,Red
20260527099983818,2,Small,Red
20260527099983817,9,Big,Green
20260527099983816,7,Big,Green
20260527099983815,6,Big,Red
20260527099983814,7,Big,Green
20260527099983813,2,Small,Red
20260527099983812,8,Big,Red
20260527099983811,4,Small,Red
20260527099983810,7,Big,Green
20260527099983809,2,Small,Red
20260527099983808,9,Big,Green
20260527099983807,8,Big,Red
20260527099983806,0,Small,Red Violet
20260527099983805,0,Small,Red Violet
20260527099983804,9,Big,Green
20260527099983803,5,Big,Green Violet
20260527099983802,2,Small,Red
20260527099983801,9,Big,Green
20260527099983800,6,Big,Red
20260527099983799,1,Small,Green
20260527099983798,4,Small,Red
20260527099983797,6,Big,Red
20260527099983796,3,Small,Green
20260527099983795,0,Small,Red Violet
20260527099983794,7,Big,Green
20260527099983793,3,Small,Green
20260527099983792,0,Small,Red Violet
20260527099983791,1,Small,Green
20260527099983790,9,Big,Green
20260527099983789,6,Big,Red
20260527099983788,3,Small,Green
20260527099983787,4,Small,Red
20260527099983786,4,Small,Red
20260527099983785,5,Big,Green Violet
20260527099983784,9,Big,Green
20260527099983783,2,Small,Red
20260527099983782,8,Big,Red
20260527099983781,9,Big,Green
20260527099983780,2,Small,Red
20260527099983779,4,Small,Red
20260527099983778,9,Big,Green
20260527099983777,6,Big,Red
20260527099983776,2,Small,Red
20260527099983775,9,Big,Green
20260527099983774,0,Small,Red Violet
20260527099983773,4,Small,Red
20260527099983772,6,Big,Red
20260527099983771,1,Small,Green
20260527099983770,5,Big,Green Violet
20260527099983769,7,Big,Green
20260527099983768,0,Small,Red Violet
20260527099983767,0,Small,Red Violet
20260527099983766,3,Small,Green
20260527099983765,7,Big,Green
20260527099983764,7,Big,Green
20260527099983763,4,Small,Red
20260527099983762,6,Big,Red
20260527099983761,6,Big,Red
20260527099983760,0,Small,Red Violet
20260527099983759,2,Small,Red
20260527099983758,5,Big,Green Violet
20260527099983757,7,Big,Green
20260527099983756,5,Big,Green Violet
20260527099983755,8,Big,Red
20260527099983754,2,Small,Red
20260527099983753,2,Small,Red
20260527099983752,2,Small,Red
20260527099983751,3,Small,Green
20260527099983750,7,Big,Green
20260527099983749,1,Small,Green
20260527099983748,8,Big,Red
20260527099983747,3,Small,Green
20260527099983746,0,Small,Red Violet
20260527099983745,7,Big,Green
20260527099983744,4,Small,Red
20260527099983743,8,Big,Red
20260527099983742,3,Small,Green
20260527099983741,4,Small,Red
20260527099983740,5,Big,Green Violet
20260527099983739,2,Small,Red
20260527099983738,8,Big,Red
20260527099983737,4,Small,Red
20260527099983736,1,Small,Green
20260527099983735,3,Small,Green
20260527099983734,7,Big,Green
20260527099983733,4,Small,Red
20260527099983732,5,Big,Green Violet
20260527099983731,5,Big,Green Violet
20260527099983730,5,Big,Green Violet
20260527099983729,3,Small,Green
20260527099983728,3,Small,Green
20260527099983727,2,Small,Red
20260527099983726,6,Big,Red
20260527099983725,2,Small,Red
20260527099983724,0,Small,Red Violet
20260527099983723,6,Big,Red
20260527099983722,2,Small,Red
20260527099983721,7,Big,Green
20260527099983720,7,Big,Green
20260527099983719,8,Big,Red
20260527099983718,8,Big,Red
20260527099983717,2,Small,Red
20260527099983716,5,Big,Green Violet
20260527099983715,8,Big,Red
20260527099983714,3,Small,Green
20260527099983713,9,Big,Green
20260527099983712,4,Small,Red
20260527099983711,0,Small,Red Violet
20260527099983710,3,Small,Green
20260527099983709,7,Big,Green
20260527099983708,7,Big,Green
20260527099983707,3,Small,Green
20260527099983706,1,Small,Green
20260527099983705,6,Big,Red
20260527099983704,5,Big,Green Violet
20260527099983703,5,Big,Green Violet
20260527099983702,3,Small,Green
20260527099983701,1,Small,Green
20260527099983700,5,Big,Green Violet
20260527099983699,5,Big,Green Violet
20260527099983698,5,Big,Green Violet
20260527099983697,1,Small,Green
20260527099983696,3,Small,Green
20260527099983695,3,Small,Green
20260527099983694,0,Small,Red Violet
20260527099983693,3,Small,Green
20260527099983692,9,Big,Green
20260527099983691,0,Small,Red Violet
20260527099983690,8,Big,Red
20260527099983689,7,Big,Green
20260527099983688,8,Big,Red
20260527099983687,4,Small,Red
20260527099983686,4,Small,Red
20260527099983685,8,Big,Red
20260527099983684,2,Small,Red
20260527099983683,6,Big,Red
20260527099983682,0,Small,Red Violet
20260527099983681,5,Big,Green Violet
20260527099983680,9,Big,Green
20260527099983679,6,Big,Red
20260527099983678,2,Small,Red
20260527099983677,8,Big,Red
20260527099983676,1,Small,Green
20260527099983675,2,Small,Red
20260527099983674,6,Big,Red
20260527099983673,3,Small,Green
20260527099983672,7,Big,Green
20260527099983671,7,Big,Green
20260527099983670,8,Big,Red
20260527099983669,1,Small,Green
20260527099983668,4,Small,Red
20260527099983667,3,Small,Green
20260527099983666,6,Big,Red
20260527099983665,2,Small,Red
20260527099983664,9,Big,Green
20260527099983663,4,Small,Red
20260527099983662,3,Small,Green
20260527099983661,2,Small,Red
20260527099983660,4,Small,Red
20260527099983659,6,Big,Red
20260527099983658,5,Big,Green Violet
20260527099983657,7,Big,Green
20260527099983656,0,Small,Red Violet
20260527099983655,5,Big,Green Violet
20260527099983654,4,Small,Red
20260527099983653,3,Small,Green
20260527099983652,8,Big,Red
20260527099983651,2,Small,Red
20260527099983650,2,Small,Red
20260527099983649,4,Small,Red
20260527099983648,0,Small,Red Violet
20260527099983647,0,Small,Red Violet
20260527099983646,7,Big,Green
20260527099983645,0,Small,Red Violet
20260527099983644,3,Small,Green
20260527099983643,4,Small,Red
20260527099983642,5,Big,Green Violet
20260527099983641,8,Big,Red
20260527099983640,7,Big,Green
20260527099983639,4,Small,Red
20260527099983638,0,Small,Red Violet
20260527099983637,2,Small,Red
20260527099983636,3,Small,Green
20260527099983635,8,Big,Red
20260527099983634,0,Small,Red Violet
20260527099983633,0,Small,Red Violet
20260527099983632,1,Small,Green
20260527099983631,9,Big,Green
20260527099983630,8,Big,Red
20260527099983629,1,Small,Green
20260527099983628,1,Small,Green
20260527099983627,5,Big,Green Violet
20260527099983626,7,Big,Green
20260527099983625,2,Small,Red
20260527099983624,6,Big,Red
20260527099983623,7,Big,Green
20260527099983622,3,Small,Green
20260527099983621,8,Big,Red
20260527099983620,9,Big,Green
20260527099983619,9,Big,Green
20260527099983618,1,Small,Green
20260527099983617,9,Big,Green
20260527099983616,2,Small,Red
20260527099983615,4,Small,Red
20260527099983614,5,Big,Green Violet
20260527099983613,4,Small,Red
20260527099983612,4,Small,Red
20260527099983611,3,Small,Green
20260527099983610,8,Big,Red
20260527099983609,9,Big,Green
20260527099983608,6,Big,Red
20260527099983607,8,Big,Red
20260527099983606,6,Big,Red
20260527099983605,4,Small,Red
20260527099983604,7,Big,Green
20260527099983603,4,Small,Red
20260527099983602,6,Big,Red
20260527099983601,3,Small,Green
20260527099983600,0,Small,Red Violet
20260527099983599,1,Small,Green
20260527099983598,7,Big,Green
20260527099983597,4,Small,Red
20260527099983596,6,Big,Red
20260527099983595,4,Small,Red
20260527099983594,2,Small,Red
20260527099983593,8,Big,Red
20260527099983592,8,Big,Red
20260527099983591,1,Small,Green
20260527099983590,6,Big,Red
20260527099983589,4,Small,Red
20260527099983588,1,Small,Green
20260527099983587,2,Small,Red
20260527099983586,8,Big,Red
20260527099983585,1,Small,Green
20260527099983584,1,Small,Green
20260527099983583,8,Big,Red
20260527099983582,8,Big,Red
20260527099983581,6,Big,Red
20260527099983580,7,Big,Green
20260527099983579,2,Small,Red
20260527099983578,4,Small,Red
20260527099983577,4,Small,Red
20260527099983576,6,Big,Red
20260527099983575,4,Small,Red
20260527099983574,8,Big,Red
20260527099983573,4,Small,Red
20260527099983572,0,Small,Red Violet
20260527099983571,6,Big,Red
20260527099983570,3,Small,Green
20260527099983569,4,Small,Red
20260527099983568,1,Small,Green
20260527099983567,6,Big,Red
20260527099983566,7,Big,Green
20260527099983565,2,Small,Red
20260527099983564,9,Big,Green
20260527099983563,7,Big,Green
20260527099983562,9,Big,Green
20260527099983561,3,Small,Green
20260527099983560,2,Small,Red
20260527099983559,3,Small,Green
20260527099983558,6,Big,Red
20260527099983557,6,Big,Red
20260527099983556,2,Small,Red
20260527099983555,2,Small,Red
20260527099983554,7,Big,Green
20260527099983553,6,Big,Red
20260527099983552,9,Big,Green
20260527099983551,9,Big,Green
20260527099983550,0,Small,Red Violet
20260527099983549,4,Small,Red
20260527099983548,1,Small,Green
20260527099983547,7,Big,Green
20260527099983546,1,Small,Green
20260527099983545,5,Big,Green Violet
20260527099983544,8,Big,Red
20260527099983543,0,Small,Red Violet
20260527099983542,9,Big,Green
20260527099983541,4,Small,Red
20260527099983540,5,Big,Green Violet
20260527099983539,0,Small,Red Violet
20260527099983538,9,Big,Green
20260527099983537,3,Small,Green
20260527099983536,8,Big,Red
20260527099983535,2,Small,Red
20260527099983534,6,Big,Red
20260527099983533,5,Big,Green Violet
20260527099983532,9,Big,Green
20260527099983531,6,Big,Red
20260527099983530,3,Small,Green
20260527099983529,9,Big,Green
20260527099983528,3,Small,Green
20260527099983527,5,Big,Green Violet
20260527099983526,0,Small,Red Violet
20260527099983525,3,Small,Green
20260527099983524,3,Small,Green
20260527099983523,3,Small,Green
20260527099983522,6,Big,Red
20260527099983521,2,Small,Red
20260527099983520,1,Small,Green
20260527099983519,2,Small,Red
20260527099983518,5,Big,Green Violet
20260527099983517,8,Big,Red
20260527099983516,1,Small,Green
20260527099983515,4,Small,Red
20260527099983514,5,Big,Green Violet
20260527099983513,6,Big,Red
20260527099983512,9,Big,Green
20260527099983511,9,Big,Green
20260527099983510,3,Small,Green
20260527099983509,5,Big,Green Violet
20260527099983508,6,Big,Red
20260527099983507,8,Big,Red
20260527099983506,7,Big,Green
20260527099983505,0,Small,Red Violet
20260527099983504,6,Big,Red
20260527099983503,1,Small,Green
20260527099983502,4,Small,Red
20260527099983501,1,Small,Green
20260527099983500,1,Small,Green
20260527099983499,6,Big,Red
20260527099983498,5,Big,Green Violet
20260527099983497,8,Big,Red
20260527099983496,4,Small,Red
20260527099983495,5,Big,Green Violet
20260527099983494,5,Big,Green Violet
20260527099983493,0,Small,Red Violet
20260527099983492,5,Big,Green Violet
20260527099983491,7,Big,Green
20260527099983490,8,Big,Red
20260527099983489,3,Small,Green
20260527099983488,0,Small,Red Violet
20260527099983487,5,Big,Green Violet
20260527099983486,5,Big,Green Violet
20260527099983485,0,Small,Red Violet
20260527099983484,1,Small,Green
20260527099983483,5,Big,Green Violet
20260527099983482,9,Big,Green
20260527099983481,2,Small,Red
20260527099983480,7,Big,Green
20260527099983479,7,Big,Green
20260527099983478,9,Big,Green
20260527099983477,8,Big,Red
20260527099983476,0,Small,Red Violet
20260527099983475,2,Small,Red
20260527099983474,6,Big,Red
20260527099983473,4,Small,Red
20260527099983472,2,Small,Red
20260527099983471,0,Small,Red Violet
20260527099983470,8,Big,Red
20260527099983469,7,Big,Green
20260527099983468,1,Small,Green
20260527099983467,5,Big,Green Violet
20260527099983466,7,Big,Green
20260527099983465,2,Small,Red
20260527099983464,4,Small,Red
20260527099983463,8,Big,Red
20260527099983462,4,Small,Red
20260527099983461,3,Small,Green
20260527099983460,8,Big,Red
20260527099983459,4,Small,Red
20260527099983458,1,Small,Green
20260527099983457,3,Small,Green
20260527099983456,4,Small,Red
20260527099983455,9,Big,Green
20260527099983454,7,Big,Green
20260527099983453,3,Small,Green
20260527099983452,4,Small,Red
20260527099983451,5,Big,Green Violet
20260527099983450,1,Small,Green
20260527099983449,9,Big,Green
20260527099983448,0,Small,Red Violet
20260527099983447,6,Big,Red
20260527099983446,7,Big,Green
20260527099983445,3,Small,Green
20260527099983444,9,Big,Green
20260527099983443,6,Big,Red
20260527099983442,6,Big,Red
20260527099983441,8,Big,Red
20260527099983440,5,Big,Green Violet
20260527099983439,9,Big,Green
20260527099983438,5,Big,Green Violet
20260527099983437,2,Small,Red
20260527099983436,7,Big,Green
20260527099983435,0,Small,Red Violet
20260527099983434,0,Small,Red Violet
20260527099983433,8,Big,Red
20260527099983432,6,Big,Red
20260527099983431,1,Small,Green
20260527099983430,5,Big,Green Violet
20260527099983429,1,Small,Green
20260527099983428,5,Big,Green Violet
20260527099983427,6,Big,Red
20260527099983426,7,Big,Green
20260527099983425,8,Big,Red
20260527099983424,2,Small,Red
20260527099983423,1,Small,Green
20260527099983422,2,Small,Red
20260527099983421,4,Small,Red
20260527099983420,6,Big,Red
20260527099983419,5,Big,Green Violet
20260527099983418,2,Small,Red
20260527099983417,1,Small,Green
20260527099983416,2,Small,Red
20260527099983415,0,Small,Red Violet
20260527099983414,7,Big,Green
20260527099983413,6,Big,Red
20260527099983412,5,Big,Green Violet
20260527099983411,4,Small,Red
20260527099983410,9,Big,Green
20260527099983409,9,Big,Green
20260527099983408,3,Small,Green
20260527099983407,0,Small,Red Violet
20260527099983406,3,Small,Green
20260527099983405,4,Small,Red
20260527099983404,3,Small,Green
20260527099983403,7,Big,Green
20260527099983402,9,Big,Green
20260527099983401,9,Big,Green
20260527099983400,9,Big,Green
20260527099983399,2,Small,Red
20260527099983398,8,Big,Red
20260527099983397,0,Small,Red Violet
20260527099983396,0,Small,Red Violet
20260527099983395,6,Big,Red
20260527099983394,3,Small,Green
20260527099983393,2,Small,Red
20260527099983392,6,Big,Red
20260527099983391,6,Big,Red
20260527099983390,6,Big,Red
20260527099983389,4,Small,Red
20260527099983388,6,Big,Red
20260527099983387,1,Small,Green
20260527099983386,6,Big,Red
20260527099983385,3,Small,Green
20260527099983384,7,Big,Green
20260527099983383,8,Big,Red
20260527099983382,5,Big,Green Violet
20260527099983381,4,Small,Red
20260527099983380,0,Small,Red Violet
20260527099983379,3,Small,Green
20260527099983378,6,Big,Red
20260527099983377,9,Big,Green
20260527099983376,6,Big,Red
20260527099983375,8,Big,Red
20260527099983374,2,Small,Red
20260527099983373,1,Small,Green
20260527099983372,2,Small,Red
20260527099983371,1,Small,Green
20260527099983370,8,Big,Red
20260527099983369,3,Small,Green
20260527099983368,1,Small,Green
20260527099983367,4,Small,Red
20260527099983366,2,Small,Red
20260527099983365,3,Small,Green
20260527099983364,9,Big,Green
20260527099983363,0,Small,Red Violet
20260527099983362,6,Big,Red
20260527099983361,6,Big,Red
20260527099983360,8,Big,Red
20260527099983359,1,Small,Green
20260527099983358,6,Big,Red
20260527099983357,4,Small,Red
20260527099983356,5,Big,Green Violet
20260527099983355,5,Big,Green Violet
20260527099983354,5,Big,Green Violet
20260527099983353,8,Big,Red
20260527099983352,2,Small,Red
20260527099983351,3,Small,Green
20260527099983350,4,Small,Red
20260527099983349,7,Big,Green
20260527099983348,5,Big,Green Violet
20260527099983347,0,Small,Red Violet
20260527099983346,8,Big,Red
20260527099983345,5,Big,Green Violet
20260527099983344,3,Small,Green
20260527099983343,4,Small,Red
20260527099983342,9,Big,Green
20260527099983341,9,Big,Green
20260527099983340,4,Small,Red
20260527099983339,9,Big,Green
20260527099983338,5,Big,Green Violet
20260527099983337,1,Small,Green
20260527099983336,5,Big,Green Violet
20260527099983335,4,Small,Red
20260527099983334,8,Big,Red
20260527099983333,6,Big,Red
20260527099983332,6,Big,Red
20260527099983331,9,Big,Green
20260527099983330,2,Small,Red
20260527099983329,8,Big,Red
20260527099983328,5,Big,Green Violet
20260527099983327,7,Big,Green
20260527099983326,0,Small,Red Violet
20260527099983325,9,Big,Green
20260527099983324,6,Big,Red
20260527099983323,9,Big,Green
20260527099983322,7,Big,Green
20260527099983321,1,Small,Green
20260527099983320,5,Big,Green Violet
20260527099983319,0,Small,Red Violet
20260527099983318,3,Small,Green
20260527099983317,1,Small,Green
20260527099983316,2,Small,Red
20260527099983315,5,Big,Green Violet
20260527099983314,1,Small,Green
20260527099983313,6,Big,Red
20260527099983312,0,Small,Red Violet
20260527099983311,4,Small,Red
20260527099983310,6,Big,Red
20260527099983309,9,Big,Green
20260527099983308,4,Small,Red
20260527099983307,0,Small,Red Violet
20260527099983306,1,Small,Green
20260527099983305,0,Small,Red Violet
20260527099983304,3,Small,Green
20260527099983303,6,Big,Red
20260527099983302,9,Big,Green
20260527099983301,8,Big,Red
20260527099983300,6,Big,Red
20260527099983299,1,Small,Green
20260527099983298,3,Small,Green
20260527099983297,8,Big,Red
20260527099983296,6,Big,Red
20260527099983295,6,Big,Red
20260527099983294,1,Small,Green
20260527099983293,2,Small,Red
20260527099983292,5,Big,Green Violet
20260527099983291,4,Small,Red
20260527099983290,2,Small,Red
20260527099983289,7,Big,Green
20260527099983288,9,Big,Green
20260527099983287,5,Big,Green Violet
20260527099983286,9,Big,Green
20260527099983285,5,Big,Green Violet
20260527099983284,1,Small,Green
20260527099983283,3,Small,Green
20260527099983282,3,Small,Green
20260527099983281,5,Big,Green Violet
20260527099983280,3,Small,Green
20260527099983279,3,Small,Green
20260527099983278,3,Small,Green
20260527099983277,7,Big,Green
20260527099983276,0,Small,Red Violet
20260527099983275,2,Small,Red
20260527099983274,6,Big,Red
20260527099983273,4,Small,Red
20260527099983272,2,Small,Red
20260527099983271,4,Small,Red
20260527099983270,6,Big,Red
20260527099983269,6,Big,Red
20260527099983268,2,Small,Red
20260527099983267,1,Small,Green
20260527099983266,6,Big,Red
20260527099983265,4,Small,Red
20260527099983264,7,Big,Green
20260527099983263,2,Small,Red
20260527099983262,9,Big,Green
20260527099983261,0,Small,Red Violet
20260527099983260,7,Big,Green
20260527099983259,2,Small,Red
20260527099983258,4,Small,Red
20260527099983257,4,Small,Red
20260527099983256,2,Small,Red
20260527099983255,4,Small,Red
20260527099983254,7,Big,Green
20260527099983253,1,Small,Green
20260527099983252,9,Big,Green
20260527099983251,2,Small,Red
20260527099983250,0,Small,Red Violet
20260527099983249,9,Big,Green
20260527099983248,0,Small,Red Violet
20260527099983247,3,Small,Green
20260527099983246,1,Small,Green
20260527099983245,6,Big,Red
20260527099983244,6,Big,Red
20260527099983243,2,Small,Red
20260527099983242,5,Big,Green Violet
20260527099983241,3,Small,Green
20260527099983240,5,Big,Green Violet
20260527099983239,8,Big,Red
20260527099983238,1,Small,Green
20260527099983237,6,Big,Red
20260527099983236,5,Big,Green Violet
20260527099983235,0,Small,Red Violet
20260527099983234,5,Big,Green Violet
20260527099983233,2,Small,Red
20260527099983232,1,Small,Green
20260527099983231,6,Big,Red
20260527099983230,8,Big,Red
20260527099983229,4,Small,Red
20260527099983228,6,Big,Red
20260527099983227,4,Small,Red
20260527099983226,1,Small,Green
20260527099983225,9,Big,Green
20260527099983224,1,Small,Green
20260527099983223,9,Big,Green
20260527099983222,6,Big,Red
20260527099983221,4,Small,Red
20260527099983220,3,Small,Green
20260527099983219,4,Small,Red
20260527099983218,7,Big,Green
20260527099983217,3,Small,Green
20260527099983216,2,Small,Red
20260527099983215,8,Big,Red
20260527099983214,9,Big,Green
20260527099983213,6,Big,Red
20260527099983212,0,Small,Red Violet
20260527099983211,5,Big,Green Violet
20260527099983210,2,Small,Red
20260527099983209,0,Small,Red Violet
20260527099983208,9,Big,Green
20260527099983207,6,Big,Red
20260527099983206,9,Big,Green
20260527099983205,9,Big,Green
20260527099983204,4,Small,Red
20260527099983203,1,Small,Green
20260527099983202,9,Big,Green
20260527099983201,1,Small,Green
20260527099983200,8,Big,Red
20260527099983199,8,Big,Red
20260527099983198,6,Big,Red
20260527099983197,8,Big,Red
20260527099983196,8,Big,Red
20260527099983195,3,Small,Green
20260527099983194,3,Small,Green
20260527099983193,1,Small,Green
20260527099983192,6,Big,Red
20260527099983191,7,Big,Green
20260527099983190,2,Small,Red
20260527099983189,4,Small,Red
20260527099983188,8,Big,Red
20260527099983187,6,Big,Red
20260527099983186,3,Small,Green
20260527099983185,0,Small,Red Violet
20260527099983184,6,Big,Red
20260527099983183,5,Big,Green Violet
20260527099983182,7,Big,Green
20260527099983181,2,Small,Red
20260527099983180,5,Big,Green Violet
20260527099983179,8,Big,Red
20260527099983178,9,Big,Green
20260527099983177,0,Small,Red Violet
20260527099983176,5,Big,Green Violet
20260527099983175,9,Big,Green
20260527099983174,8,Big,Red
20260527099983173,0,Small,Red Violet
20260527099983172,8,Big,Red
20260527099983171,1,Small,Green
20260527099983170,5,Big,Green Violet
20260527099983169,3,Small,Green
20260527099983168,0,Small,Red Violet
20260527099983167,5,Big,Green Violet
20260527099983166,1,Small,Green
20260527099983165,6,Big,Red
20260527099983164,0,Small,Red Violet
20260527099983163,4,Small,Red
20260527099983162,5,Big,Green Violet
20260527099983161,2,Small,Red
20260527099983160,4,Small,Red
20260527099983159,6,Big,Red
20260527099983158,7,Big,Green
20260527099983157,6,Big,Red
20260527099983156,3,Small,Green
20260527099983155,5,Big,Green Violet
20260527099983154,6,Big,Red
20260527099983153,5,Big,Green Violet
20260527099983152,0,Small,Red Violet
20260527099983151,9,Big,Green
20260527099983150,1,Small,Green
20260527099983149,0,Small,Red Violet
20260527099983148,6,Big,Red
20260527099983147,9,Big,Green
20260527099983146,3,Small,Green
20260527099983145,1,Small,Green
20260527099983144,3,Small,Green
20260527099983143,2,Small,Red
20260527099983142,8,Big,Red
20260527099983141,6,Big,Red
20260527099983140,0,Small,Red Violet
20260527099983139,5,Big,Green Violet
20260527099983138,1,Small,Green
20260527099983137,1,Small,Green
20260527099983136,6,Big,Red
20260527099983135,1,Small,Green
20260527099983134,1,Small,Green
20260527099983133,6,Big,Red
20260527099983132,2,Small,Red
20260527099983131,8,Big,Red
20260527099983130,8,Big,Red
20260527099983129,7,Big,Green
20260527099983128,7,Big,Green
20260527099983127,8,Big,Red
20260527099983126,5,Big,Green Violet
20260527099983125,0,Small,Red Violet
20260527099983124,9,Big,Green
20260527099983123,4,Small,Red
20260527099983122,4,Small,Red
20260527099983121,8,Big,Red
20260527099983120,6,Big,Red
20260527099983119,3,Small,Green
20260527099983118,1,Small,Green
20260527099983117,3,Small,Green
20260527099983116,7,Big,Green
20260527099983115,3,Small,Green
20260527099983114,1,Small,Green
20260527099983113,4,Small,Red
20260527099983112,9,Big,Green
20260527099983111,9,Big,Green
20260527099983110,4,Small,Red
20260527099983109,8,Big,Red
20260527099983108,9,Big,Green
20260527099983107,3,Small,Green
20260527099983106,8,Big,Red
20260527099983105,8,Big,Red
20260527099983104,6,Big,Red
20260527099983103,2,Small,Red
20260527099983102,9,Big,Green
20260527099983101,9,Big,Green
20260527099983100,9,Big,Green
20260527099983099,8,Big,Red
20260527099983098,1,Small,Green
20260527099983097,7,Big,Green
20260527099983096,0,Small,Red Violet
20260527099983095,2,Small,Red
20260527099983094,2,Small,Red
20260527099983093,8,Big,Red
20260527099983092,4,Small,Red
20260527099983091,6,Big,Red
20260527099983090,6,Big,Red
20260527099983089,6,Big,Red
20260527099983088,7,Big,Green
20260527099983087,6,Big,Red
20260527099983086,0,Small,Red Violet
20260527099983085,6,Big,Red
20260527099983084,5,Big,Green Violet
20260527099983083,0,Small,Red Violet
20260527099983082,6,Big,Red
20260527099983081,5,Big,Green Violet
20260527099983080,4,Small,Red
20260527099983079,2,Small,Red
20260527099983078,8,Big,Red
20260527099983077,8,Big,Red
20260527099983076,4,Small,Red
20260527099983075,4,Small,Red
20260527099983074,9,Big,Green
20260527099983073,6,Big,Red
20260527099983072,1,Small,Green
20260527099983071,2,Small,Red
20260527099983070,3,Small,Green
20260527099983069,3,Small,Green
20260527099983068,8,Big,Red
20260527099983067,0,Small,Red Violet
20260527099983066,5,Big,Green Violet
20260527099983065,2,Small,Red
20260527099983064,3,Small,Green
20260527099983063,7,Big,Green
20260527099983062,3,Small,Green
20260527099983061,2,Small,Red
20260527099983060,5,Big,Green Violet
20260527099983059,0,Small,Red Violet
20260527099983058,0,Small,Red Violet
20260527099983057,5,Big,Green Violet
20260527099983056,6,Big,Red
20260527099983055,1,Small,Green
20260527099983054,2,Small,Red
20260527099983053,0,Small,Red Violet
20260527099983052,3,Small,Green
20260527099983051,2,Small,Red
20260527099983050,4,Small,Red
20260527099983049,6,Big,Red
20260527099983048,9,Big,Green
20260527099983047,7,Big,Green
20260527099983046,8,Big,Red
20260527099983045,2,Small,Red
20260527099983044,2,Small,Red
20260527099983043,9,Big,Green
20260527099983042,0,Small,Red Violet
20260527099983041,8,Big,Red
20260527099983040,9,Big,Green
20260527099983039,9,Big,Green
20260527099983038,6,Big,Red
20260527099983037,1,Small,Green
20260527099983036,7,Big,Green
20260527099983035,7,Big,Green
20260527099983034,4,Small,Red
20260527099983033,9,Big,Green
20260527099983032,4,Small,Red
20260527099983031,4,Small,Red
20260527099983030,1,Small,Green
20260527099983029,9,Big,Green
20260527099983028,9,Big,Green
20260527099983027,7,Big,Green
20260527099983026,8,Big,Red
20260527099983025,8,Big,Red
20260527099983024,5,Big,Green Violet
20260527099983023,1,Small,Green
20260527099983022,2,Small,Red
20260527099983021,4,Small,Red
20260527099983020,1,Small,Green
20260527099983019,7,Big,Green
20260527099983018,9,Big,Green
20260527099983017,1,Small,Green
20260527099983016,5,Big,Green Violet
20260527099983015,3,Small,Green
20260527099983014,9,Big,Green
20260527099983013,7,Big,Green
20260527099983012,8,Big,Red
20260527099983011,7,Big,Green
20260527099983010,2,Small,Red
20260527099983009,1,Small,Green
20260527099983008,5,Big,Green Violet
20260527099983007,9,Big,Green
20260527099983006,0,Small,Red Violet
20260527099983005,9,Big,Green
20260527099983004,3,Small,Green
20260527099983003,4,Small,Red
20260527099983002,2,Small,Red
20260527099983001,7,Big,Green
20260527099983000,6,Big,Red
20260527099982999,5,Big,Green Violet
20260527099982998,7,Big,Green
20260527099982997,3,Small,Green
20260527099982996,0,Small,Red Violet
20260527099982995,9,Big,Green
20260527099982994,2,Small,Red
20260527099982993,6,Big,Red
20260527099982992,5,Big,Green Violet
20260527099982991,1,Small,Green
20260527099982990,1,Small,Green
20260527099982989,5,Big,Green Violet
20260527099982988,8,Big,Red
20260527099982987,6,Big,Red
20260527099982986,9,Big,Green
20260527099982985,5,Big,Green Violet
20260527099982984,9,Big,Green
20260527099982983,8,Big,Red
20260527099982982,8,Big,Red
20260527099982981,5,Big,Green Violet
20260527099982980,6,Big,Red
20260527099982979,6,Big,Red
20260527099982978,8,Big,Red
20260527099982977,4,Small,Red
20260527099982976,4,Small,Red
20260527099982975,4,Small,Red
20260527099982974,9,Big,Green
20260527099982973,7,Big,Green
20260527099982972,3,Small,Green
20260527099982971,0,Small,Red Violet
20260527099982970,6,Big,Red
20260527099982969,9,Big,Green
20260527099982968,7,Big,Green
20260527099982967,9,Big,Green
20260527099982966,0,Small,Red Violet
20260527099982965,7,Big,Green
20260527099982964,2,Small,Red
20260527099982963,5,Big,Green Violet
20260527099982962,6,Big,Red
20260527099982961,1,Small,Green
20260527099982960,1,Small,Green
20260527099982959,2,Small,Red
20260527099982958,7,Big,Green
20260527099982957,7,Big,Green
20260527099982956,3,Small,Green
20260527099982955,9,Big,Green
20260527099982954,0,Small,Red Violet
20260527099982953,8,Big,Red
20260527099982952,5,Big,Green Violet
20260527099982951,4,Small,Red
20260527099982950,0,Small,Red Violet
20260527099982949,8,Big,Red
20260527099982948,6,Big,Red
20260527099982947,9,Big,Green
20260527099982946,6,Big,Red
20260527099982945,4,Small,Red
20260527099982944,2,Small,Red
20260527099982943,6,Big,Red
20260527099982942,4,Small,Red
20260527099982941,2,Small,Red
20260527099982940,8,Big,Red
20260527099982939,1,Small,Green
20260527099982938,7,Big,Green
20260527099982937,3,Small,Green
20260527099982936,8,Big,Red
20260527099982935,2,Small,Red
20260527099982934,0,Small,Red Violet
20260527099982933,1,Small,Green
20260527099982932,8,Big,Red
20260527099982931,5,Big,Green Violet
20260527099982930,3,Small,Green
20260527099982929,7,Big,Green
20260527099982928,7,Big,Green
20260527099982927,3,Small,Green
20260527099982926,0,Small,Red Violet
20260527099982925,0,Small,Red Violet
20260527099982924,4,Small,Red
20260527099982923,3,Small,Green
20260527099982922,2,Small,Red
20260527099982921,3,Small,Green
20260527099982920,8,Big,Red
20260527099982919,0,Small,Red Violet
20260527099982918,7,Big,Green
20260527099982917,2,Small,Red
20260527099982916,7,Big,Green
20260527099982915,8,Big,Red
20260527099982914,2,Small,Red
20260527099982913,9,Big,Green
20260527099982912,9,Big,Green
20260527099982911,3,Small,Green
20260527099982910,9,Big,Green
20260527099982909,9,Big,Green
20260527099982908,4,Small,Red
20260527099982907,4,Small,Red
20260527099982906,3,Small,Green
20260527099982905,0,Small,Red Violet
20260527099982904,1,Small,Green
20260527099982903,6,Big,Red
20260527099982902,1,Small,Green
20260527099982901,7,Big,Green
20260527099982900,9,Big,Green
20260527099982899,1,Small,Green
20260527099982898,9,Big,Green
20260527099982897,9,Big,Green
20260527099982896,0,Small,Red Violet
20260527099982895,0,Small,Red Violet
20260527099982894,3,Small,Green
20260527099982893,5,Big,Green Violet
20260527099982892,5,Big,Green Violet
20260527099982891,0,Small,Red Violet
20260527099982890,4,Small,Red
20260527099982889,0,Small,Red Violet
20260527099982888,5,Big,Green Violet
20260527099982887,2,Small,Red
20260527099982886,9,Big,Green
20260527099982885,9,Big,Green
20260527099982884,4,Small,Red
20260527099982883,0,Small,Red Violet
20260527099982882,4,Small,Red
20260527099982881,6,Big,Red
20260527099982880,8,Big,Red
20260527099982879,4,Small,Red
20260527099982878,8,Big,Red
20260527099982877,2,Small,Red
20260527099982876,4,Small,Red
20260527099982875,4,Small,Red
20260527099982874,0,Small,Red Violet
20260527099982873,2,Small,Red
20260527099982872,3,Small,Green
20260527099982871,4,Small,Red
20260527099982870,7,Big,Green
20260527099982869,0,Small,Red Violet
20260527099982868,9,Big,Green
20260527099982867,9,Big,Green
20260527099982866,5,Big,Green Violet
20260527099982865,8,Big,Red
20260527099982864,9,Big,Green
20260527099982863,3,Small,Green
20260527099982862,3,Small,Green
20260527099982861,0,Small,Red Violet
20260527099982860,1,Small,Green
20260527099982859,5,Big,Green Violet
20260527099982858,1,Small,Green
20260527099982857,5,Big,Green Violet
20260527099982856,9,Big,Green
20260527099982855,6,Big,Red
20260527099982854,5,Big,Green Violet
20260527099982853,8,Big,Red
20260527099982852,0,Small,Red Violet
20260527099982851,0,Small,Red Violet
20260527099982850,3,Small,Green
20260527099982849,3,Small,Green
20260527099982848,1,Small,Green
20260527099982847,7,Big,Green
20260527099982846,0,Small,Red Violet
20260527099982845,2,Small,Red
20260527099982844,2,Small,Red
20260527099982843,8,Big,Red
20260527099982842,8,Big,Red
20260527099982841,6,Big,Red
20260527099982840,5,Big,Green Violet
20260527099982839,2,Small,Red
20260527099982838,3,Small,Green
20260527099982837,8,Big,Red
20260527099982836,2,Small,Red
20260527099982835,8,Big,Red
20260527099982834,9,Big,Green
20260527099982833,1,Small,Green
20260527099982832,3,Small,Green
20260527099982831,4,Small,Red
20260527099982830,1,Small,Green
20260527099982829,4,Small,Red
20260527099982828,2,Small,Red
20260527099982827,9,Big,Green
20260527099982826,0,Small,Red Violet
20260527099982825,8,Big,Red
20260527099982824,9,Big,Green
20260527099982823,8,Big,Red
20260527099982822,4,Small,Red
20260527099982821,1,Small,Green
20260527099982820,3,Small,Green
20260527099982819,5,Big,Green Violet
20260527099982818,2,Small,Red
20260527099982817,8,Big,Red
20260527099982816,9,Big,Green
20260527099982815,5,Big,Green Violet
20260527099982814,7,Big,Green
20260527099982813,6,Big,Red
20260527099982812,0,Small,Red Violet
20260527099982811,1,Small,Green
20260527099982810,3,Small,Green
20260527099982809,6,Big,Red
20260527099982808,7,Big,Green
20260527099982807,7,Big,Green
20260527099982806,9,Big,Green
20260527099982805,1,Small,Green
20260527099982804,0,Small,Red Violet
20260527099982803,1,Small,Green
20260527099982802,4,Small,Red
20260527099982801,3,Small,Green
20260527099982800,1,Small,Green
20260527099982799,3,Small,Green
20260527099982798,1,Small,Green
20260527099982797,3,Small,Green
20260527099982796,5,Big,Green Violet
20260527099982795,2,Small,Red
20260527099982794,6,Big,Red
20260527099982793,4,Small,Red
20260527099982792,4,Small,Red
20260527099982791,1,Small,Green
20260527099982790,9,Big,Green
20260527099982789,7,Big,Green
20260527099982788,3,Small,Green
20260527099982787,8,Big,Red
20260527099982786,4,Small,Red
20260527099982785,1,Small,Green
20260527099982784,8,Big,Red
20260527099982783,5,Big,Green Violet
20260527099982782,4,Small,Red
20260527099982781,2,Small,Red
20260527099982780,7,Big,Green
20260527099982779,6,Big,Red
20260527099982778,9,Big,Green
20260527099982777,3,Small,Green
20260527099982776,8,Big,Red
20260527099982775,9,Big,Green
20260527099982774,5,Big,Green Violet
20260527099982773,6,Big,Red
20260527099982772,5,Big,Green Violet
20260527099982771,8,Big,Red
20260527099982770,8,Big,Red
20260527099982769,0,Small,Red Violet
20260527099982768,2,Small,Red
20260527099982767,7,Big,Green
20260527099982766,9,Big,Green
20260527099982765,4,Small,Red
20260527099982764,2,Small,Red
20260527099982763,5,Big,Green Violet
20260527099982762,2,Small,Red
20260527099982761,5,Big,Green Violet
20260527099982760,5,Big,Green Violet
20260527099982759,6,Big,Red
20260527099982758,7,Big,Green
20260527099982757,4,Small,Red
20260527099982756,5,Big,Green Violet
20260527099982755,8,Big,Red
20260527099982754,4,Small,Red
20260527099982753,6,Big,Red
20260527099982752,1,Small,Green
20260527099982751,8,Big,Red
20260527099982750,7,Big,Green
20260527099982749,9,Big,Green
20260527099982748,5,Big,Green Violet
20260527099982747,3,Small,Green
20260527099982746,9,Big,Green
20260527099982745,1,Small,Green
20260527099982744,8,Big,Red
20260527099982743,5,Big,Green Violet
20260527099982742,6,Big,Red
20260527099982741,4,Small,Red
20260527099982740,5,Big,Green Violet
20260527099982739,4,Small,Red
20260527099982738,0,Small,Red Violet
20260527099982737,1,Small,Green
20260527099982736,6,Big,Red
20260527099982735,9,Big,Green
20260527099982734,7,Big,Green
20260527099982733,1,Small,Green
20260527099982732,1,Small,Green
20260527099982731,2,Small,Red
20260527099982730,9,Big,Green
20260527099982729,5,Big,Green Violet
20260527099982728,2,Small,Red
20260527099982727,4,Small,Red
20260527099982726,2,Small,Red
20260527099982725,1,Small,Green
20260527099982724,7,Big,Green
20260527099982723,3,Small,Green
20260527099982722,4,Small,Red
20260527099982721,9,Big,Green
20260527099982720,9,Big,Green
20260527099982719,8,Big,Red
20260527099982718,8,Big,Red
20260527099982717,8,Big,Red
20260527099982716,2,Small,Red
20260527099982715,2,Small,Red
20260527099982714,2,Small,Red
20260527099982713,9,Big,Green
20260527099982712,8,Big,Red
20260527099982711,9,Big,Green
20260527099982710,5,Big,Green Violet
20260527099982709,9,Big,Green
20260527099982708,8,Big,Red
20260527099982707,2,Small,Red
20260527099982706,2,Small,Red
20260527099982705,9,Big,Green
20260527099982704,1,Small,Green
20260527099982703,9,Big,Green
20260527099982702,1,Small,Green
20260527099982701,8,Big,Red
20260527099982700,9,Big,Green
20260527099982699,3,Small,Green
20260527099982698,0,Small,Red Violet
20260527099982697,8,Big,Red
20260527099982696,7,Big,Green
20260527099982695,7,Big,Green
20260527099982694,4,Small,Red
20260527099982693,3,Small,Green
20260527099982692,8,Big,Red
20260527099982691,0,Small,Red Violet
20260527099982690,8,Big,Red
20260527099982689,8,Big,Red
20260527099982688,1,Small,Green
20260527099982687,5,Big,Green Violet
20260527099982686,2,Small,Red
20260527099982685,5,Big,Green Violet
20260527099982684,8,Big,Red
20260527099982683,9,Big,Green
20260527099982682,4,Small,Red
20260527099982681,8,Big,Red
20260527099982680,2,Small,Red
20260527099982679,9,Big,Green
20260527099982678,7,Big,Green
20260527099982677,4,Small,Red
20260527099982676,8,Big,Red
20260527099982675,1,Small,Green
20260527099982674,7,Big,Green
20260527099982673,2,Small,Red
20260527099982672,6,Big,Red
20260527099982671,4,Small,Red
20260527099982670,1,Small,Green
20260527099982669,7,Big,Green
20260527099982668,4,Small,Red
20260527099982667,7,Big,Green
20260527099982666,9,Big,Green
20260527099982665,9,Big,Green
20260527099982664,1,Small,Green
20260527099982663,6,Big,Red
20260527099982662,8,Big,Red
20260527099982661,5,Big,Green Violet
20260527099982660,7,Big,Green
20260527099982659,6,Big,Red
20260527099982658,6,Big,Red
20260527099982657,1,Small,Green
20260527099982656,9,Big,Green
20260527099982655,2,Small,Red
20260527099982654,4,Small,Red
20260527099982653,1,Small,Green
20260527099982652,4,Small,Red
20260527099982651,8,Big,Red
20260527099982650,5,Big,Green Violet
20260527099982649,1,Small,Green
20260527099982648,1,Small,Green
20260527099982647,9,Big,Green
20260527099982646,3,Small,Green
20260527099982645,8,Big,Red
20260527099982644,1,Small,Green
20260527099982643,4,Small,Red
20260527099982642,2,Small,Red
20260527099982641,5,Big,Green Violet
20260527099982640,9,Big,Green
20260527099982639,5,Big,Green Violet
20260527099982638,3,Small,Green
20260527099982637,6,Big,Red
20260527099982636,2,Small,Red
20260527099982635,2,Small,Red
20260527099982634,6,Big,Red
20260527099982633,0,Small,Red Violet
20260527099982632,7,Big,Green
20260527099982631,6,Big,Red
20260527099982630,4,Small,Red
20260527099982629,3,Small,Green
20260527099982628,2,Small,Red
20260527099982627,5,Big,Green Violet
20260527099982626,3,Small,Green
20260527099982625,3,Small,Green
20260527099982624,0,Small,Red Violet
20260527099982623,8,Big,Red
20260527099982622,2,Small,Red
20260527099982621,7,Big,Green
20260527099982620,1,Small,Green
20260527099982619,1,Small,Green
20260527099982618,1,Small,Green
20260527099982617,1,Small,Green
20260527099982616,4,Small,Red
20260527099982615,2,Small,Red
20260527099982614,3,Small,Green
20260527099982613,1,Small,Green
20260527099982612,8,Big,Red
20260527099982611,8,Big,Red
20260527099982610,0,Small,Red Violet
20260527099982609,1,Small,Green
20260527099982608,1,Small,Green
20260527099982607,8,Big,Red
20260527099982606,7,Big,Green
20260527099982605,6,Big,Red
20260527099982604,2,Small,Red
20260527099982603,6,Big,Red
20260527099982602,4,Small,Red
20260527099982601,8,Big,Red
20260527099982600,7,Big,Green
20260527099982599,3,Small,Green
20260527099982598,3,Small,Green
20260527099982597,5,Big,Green Violet
20260527099982596,6,Big,Red
20260527099982595,7,Big,Green
20260527099982594,5,Big,Green Violet
20260527099982593,1,Small,Green
20260527099982592,7,Big,Green
20260527099982591,9,Big,Green
20260527099982590,7,Big,Green
20260527099982589,7,Big,Green
20260527099982588,9,Big,Green
20260527099982587,1,Small,Green
20260527099982586,9,Big,Green
20260527099982585,1,Small,Green
20260527099982584,4,Small,Red
20260527099982583,7,Big,Green
20260527099982582,0,Small,Red Violet
20260527099982581,1,Small,Green
20260527099982580,1,Small,Green
20260527099982579,0,Small,Red Violet
20260527099982578,2,Small,Red
20260527099982577,1,Small,Green
20260527099982576,4,Small,Red
20260527099982575,7,Big,Green
20260527099982574,7,Big,Green
20260527099982573,8,Big,Red
20260527099982572,0,Small,Red Violet
20260527099982571,3,Small,Green
20260527099982570,0,Small,Red Violet
20260527099982569,9,Big,Green
20260527099982568,1,Small,Green
20260527099982567,0,Small,Red Violet
20260527099982566,1,Small,Green
20260527099982565,6,Big,Red
20260527099982564,6,Big,Red
20260527099982563,0,Small,Red Violet
20260527099982562,1,Small,Green
20260527099982561,0,Small,Red Violet
20260527099982560,2,Small,Red
20260527099982559,8,Big,Red
20260527099982558,5,Big,Green Violet
20260527099982557,8,Big,Red
20260527099982556,1,Small,Green
20260527099982555,3,Small,Green
20260527099982554,2,Small,Red
20260527099982553,5,Big,Green Violet
20260527099982552,1,Small,Green
20260527099982551,2,Small,Red
20260527099982550,4,Small,Red
20260527099982549,2,Small,Red
20260527099982548,0,Small,Red Violet
20260527099982547,9,Big,Green
20260527099982546,5,Big,Green Violet
20260527099982545,8,Big,Red
20260527099982544,2,Small,Red
20260527099982543,4,Small,Red
20260527099982542,1,Small,Green
20260527099982541,3,Small,Green
20260527099982540,9,Big,Green
20260527099982539,5,Big,Green Violet
20260527099982538,7,Big,Green
20260527099982537,6,Big,Red
20260527099982536,4,Small,Red
20260527099982535,8,Big,Red
20260527099982534,6,Big,Red
20260527099982533,1,Small,Green
20260527099982532,1,Small,Green
20260527099982531,6,Big,Red
20260527099982530,7,Big,Green
20260527099982529,8,Big,Red
20260527099982528,7,Big,Green
20260527099982527,1,Small,Green
20260527099982526,7,Big,Green
20260527099982525,4,Small,Red
20260527099982524,0,Small,Red Violet
20260527099982523,0,Small,Red Violet
20260527099982522,0,Small,Red Violet
20260527099982521,2,Small,Red
20260527099982520,9,Big,Green
20260527099982519,8,Big,Red
20260527099982518,6,Big,Red
20260527099982517,8,Big,Red
20260527099982516,3,Small,Green
20260527099982515,9,Big,Green
20260527099982514,8,Big,Red
20260527099982513,6,Big,Red
20260527099982512,7,Big,Green
20260527099982511,3,Small,Green
20260527099982510,5,Big,Green Violet
20260527099982509,4,Small,Red
20260527099982508,4,Small,Red
20260527099982507,1,Small,Green
20260527099982506,0,Small,Red Violet
20260527099982505,5,Big,Green Violet
20260527099982504,0,Small,Red Violet
20260527099982503,7,Big,Green
20260527099982502,3,Small,Green
20260527099982501,9,Big,Green
20260527099982500,2,Small,Red
20260527099982499,2,Small,Red
20260527099982498,9,Big,Green
20260527099982497,6,Big,Red
20260527099982496,7,Big,Green
20260527099982495,3,Small,Green
20260527099982494,8,Big,Red
20260527099982493,5,Big,Green Violet
20260527099982492,7,Big,Green
20260527099982491,5,Big,Green Violet
20260527099982490,4,Small,Red
20260527099982489,5,Big,Green Violet
20260527099982488,9,Big,Green
20260527099982487,6,Big,Red
20260527099982486,3,Small,Green
20260527099982485,7,Big,Green
20260527099982484,3,Small,Green
20260527099982483,8,Big,Red
20260527099982482,3,Small,Green
20260527099982481,9,Big,Green
20260527099982480,0,Small,Red Violet
20260527099982479,6,Big,Red
20260527099982478,2,Small,Red
20260527099982477,4,Small,Red
20260527099982476,1,Small,Green
20260527099982475,3,Small,Green
20260527099982474,8,Big,Red
20260527099982473,3,Small,Green
20260527099982472,3,Small,Green
20260527099982471,7,Big,Green
20260527099982470,2,Small,Red
20260527099982469,7,Big,Green
20260527099982468,8,Big,Red
20260527099982467,4,Small,Red
20260527099982466,1,Small,Green
20260527099982465,4,Small,Red
20260527099982464,7,Big,Green
20260527099982463,3,Small,Green
20260527099982462,8,Big,Red
20260527099982461,2,Small,Red
20260527099982460,4,Small,Red
20260527099982459,8,Big,Red
20260527099982458,5,Big,Green Violet
20260527099982457,9,Big,Green
20260527099982456,9,Big,Green
20260527099982455,7,Big,Green
20260527099982454,4,Small,Red
20260527099982453,7,Big,Green
20260527099982452,0,Small,Red Violet
20260527099982451,2,Small,Red
20260527099982450,4,Small,Red
20260527099982449,9,Big,Green
20260527099982448,7,Big,Green
20260527099982447,1,Small,Green
20260527099982446,0,Small,Red Violet
20260527099982445,0,Small,Red Violet
20260527099982444,0,Small,Red Violet
20260527099982443,2,Small,Red
20260527099982442,2,Small,Red
20260527099982441,9,Big,Green
20260527099982440,4,Small,Red
20260527099982439,5,Big,Green Violet
20260527099982438,7,Big,Green
20260527099982437,2,Small,Red
20260527099982436,0,Small,Red Violet
20260527099982435,8,Big,Red
20260527099982434,5,Big,Green Violet
20260527099982433,9,Big,Green
20260527099982432,6,Big,Red
20260527099982431,0,Small,Red Violet
20260527099982430,5,Big,Green Violet
20260527099982429,3,Small,Green
20260527099982428,0,Small,Red Violet
20260527099982427,3,Small,Green
20260527099982426,3,Small,Green
20260527099982425,5,Big,Green Violet
20260527099982424,6,Big,Red
20260527099982423,8,Big,Red
20260527099982422,3,Small,Green
20260527099982421,0,Small,Red Violet
20260527099982420,6,Big,Red
20260527099982419,4,Small,Red
20260527099982418,3,Small,Green
20260527099982417,2,Small,Red
20260527099982416,2,Small,Red
20260527099982415,0,Small,Red Violet
20260527099982414,1,Small,Green
20260527099982413,3,Small,Green
20260527099982412,4,Small,Red
20260527099982411,1,Small,Green
20260527099982410,8,Big,Red
20260527099982409,5,Big,Green Violet
20260527099982408,7,Big,Green
20260527099982407,1,Small,Green
20260527099982406,5,Big,Green Violet
20260527099982405,8,Big,Red
20260527099982404,3,Small,Green
20260527099982403,2,Small,Red
20260527099982402,8,Big,Red
20260527099982401,1,Small,Green
20260527099982400,6,Big,Red
20260527099982399,0,Small,Red Violet
20260527099982398,7,Big,Green
20260527099982397,4,Small,Red
20260527099982396,9,Big,Green
20260527099982395,2,Small,Red
20260527099982394,5,Big,Green Violet
20260527099982393,1,Small,Green
20260527099982392,6,Big,Red
20260527099982391,0,Small,Red Violet
20260527099982390,1,Small,Green
20260527099982389,0,Small,Red Violet
20260527099982388,6,Big,Red
20260527099982387,8,Big,Red
20260527099982386,3,Small,Green
20260527099982385,8,Big,Red
20260527099982384,6,Big,Red
20260527099982383,7,Big,Green
20260527099982382,5,Big,Green Violet
20260527099982381,9,Big,Green
20260527099982380,6,Big,Red
20260527099982379,2,Small,Red
20260527099982378,3,Small,Green
20260527099982377,4,Small,Red
20260527099982376,1,Small,Green
20260527099982375,9,Big,Green
20260527099982374,2,Small,Red
20260527099982373,2,Small,Red
20260527099982372,7,Big,Green
20260527099982371,0,Small,Red Violet
20260527099982370,2,Small,Red
20260527099982369,2,Small,Red
20260527099982368,1,Small,Green
20260527099982367,9,Big,Green
20260527099982366,4,Small,Red
20260527099982365,3,Small,Green
20260527099982364,1,Small,Green
20260527099982363,6,Big,Red
20260527099982362,0,Small,Red Violet
20260527099982361,6,Big,Red
20260527099982360,9,Big,Green
20260527099982359,2,Small,Red
20260527099982358,5,Big,Green Violet
20260527099982357,2,Small,Red
20260527099982356,6,Big,Red
20260527099982355,5,Big,Green Violet
20260527099982354,2,Small,Red
20260527099982353,9,Big,Green
20260527099982352,8,Big,Red
20260527099982351,4,Small,Red
20260527099982350,3,Small,Green
20260527099982349,5,Big,Green Violet
20260527099982348,5,Big,Green Violet
20260527099982347,7,Big,Green
20260527099982346,1,Small,Green
20260527099982345,6,Big,Red
20260527099982344,8,Big,Red
20260527099982343,8,Big,Red
20260527099982342,9,Big,Green
20260527099982341,5,Big,Green Violet
20260527099982340,8,Big,Red
20260527099982339,5,Big,Green Violet
20260527099982338,4,Small,Red
20260527099982337,9,Big,Green
20260527099982336,2,Small,Red
20260527099982335,9,Big,Green
20260527099982334,4,Small,Red
20260527099982333,4,Small,Red
20260527099982332,9,Big,Green
20260527099982331,8,Big,Red
20260527099982330,9,Big,Green
20260527099982329,5,Big,Green Violet
20260527099982328,4,Small,Red
20260527099982327,4,Small,Red
20260527099982326,6,Big,Red
20260527099982325,3,Small,Green
20260527099982324,7,Big,Green
20260527099982323,3,Small,Green
20260527099982322,1,Small,Green
20260527099982321,9,Big,Green
20260527099982320,5,Big,Green Violet
20260527099982319,6,Big,Red
20260527099982318,5,Big,Green Violet
20260527099982317,4,Small,Red
20260527099982316,6,Big,Red
20260527099982315,8,Big,Red
20260527099982314,4,Small,Red
20260527099982313,1,Small,Green
20260527099982312,3,Small,Green
20260527099982311,9,Big,Green
20260527099982310,5,Big,Green Violet
20260527099982309,1,Small,Green
20260527099982308,2,Small,Red
20260527099982307,8,Big,Red
20260527099982306,1,Small,Green
20260527099982305,7,Big,Green
20260527099982304,2,Small,Red
20260527099982303,5,Big,Green Violet
20260527099982302,2,Small,Red
20260527099982301,2,Small,Red
20260527099982300,8,Big,Red
20260527099982299,2,Small,Red
20260527099982298,6,Big,Red
20260527099982297,7,Big,Green
20260527099982296,1,Small,Green
20260527099982295,4,Small,Red
20260527099982294,1,Small,Green
20260527099982293,7,Big,Green
20260527099982292,9,Big,Green
20260527099982291,9,Big,Green
20260527099982290,3,Small,Green
20260527099982289,1,Small,Green
20260527099982288,0,Small,Red Violet
20260527099982287,6,Big,Red
20260527099982286,4,Small,Red
20260527099982285,6,Big,Red
20260527099982284,6,Big,Red
20260527099982283,3,Small,Green
20260527099982282,8,Big,Red
20260527099982281,4,Small,Red
20260527099982280,6,Big,Red
20260527099982279,7,Big,Green
20260527099982278,7,Big,Green
20260527099982277,5,Big,Green Violet
20260527099982276,7,Big,Green
20260527099982275,6,Big,Red
20260527099982274,7,Big,Green
20260527099982273,3,Small,Green
20260527099982272,4,Small,Red
20260527099982271,3,Small,Green
20260527099982270,7,Big,Green
20260527099982269,9,Big,Green
20260527099982268,4,Small,Red
20260527099982267,9,Big,Green
20260527099982266,3,Small,Green
20260527099982265,9,Big,Green
20260527099982264,2,Small,Red
20260527099982263,0,Small,Red Violet
20260527099982262,2,Small,Red
20260527099982261,8,Big,Red
20260527099982260,3,Small,Green
20260527099982259,2,Small,Red
20260527099982258,4,Small,Red
20260527099982257,8,Big,Red
20260527099982256,0,Small,Red Violet
20260527099982255,9,Big,Green
20260527099982254,8,Big,Red
20260527099982253,1,Small,Green
20260527099982252,3,Small,Green
20260527099982251,9,Big,Green
20260527099982250,2,Small,Red
20260527099982249,0,Small,Red Violet
20260527099982248,1,Small,Green
20260527099982247,0,Small,Red Violet
20260527099982246,5,Big,Green Violet
20260527099982245,3,Small,Green
20260527099982244,3,Small,Green
20260527099982243,4,Small,Red
20260527099982242,6,Big,Red
20260527099982241,6,Big,Red
20260527099982240,8,Big,Red
20260527099982239,5,Big,Green Violet
20260527099982238,2,Small,Red
20260527099982237,6,Big,Red
20260527099982236,2,Small,Red
20260527099982235,1,Small,Green
20260527099982234,0,Small,Red Violet
20260527099982233,8,Big,Red
20260527099982232,7,Big,Green
20260527099982231,6,Big,Red
20260527099982230,3,Small,Green
20260527099982229,1,Small,Green
20260527099982228,4,Small,Red
20260527099982227,1,Small,Green
20260527099982226,2,Small,Red
20260527099982225,2,Small,Red
20260527099982224,6,Big,Red
20260527099982223,2,Small,Red
20260527099982222,9,Big,Green
20260527099982221,5,Big,Green Violet
20260527099982220,0,Small,Red Violet
20260527099982219,3,Small,Green
20260527099982218,5,Big,Green Violet
20260527099982217,1,Small,Green
20260527099982216,6,Big,Red
20260527099982215,1,Small,Green
20260527099982214,2,Small,Red
20260527099982213,0,Small,Red Violet
20260527099982212,1,Small,Green
20260527099982211,7,Big,Green
20260527099982210,1,Small,Green
20260527099982209,5,Big,Green Violet
20260527099982208,9,Big,Green
20260527099982207,5,Big,Green Violet
20260527099982206,9,Big,Green
20260527099982205,2,Small,Red
20260527099982204,7,Big,Green
20260527099982203,6,Big,Red
20260527099982202,8,Big,Red
20260527099982201,6,Big,Red
20260527099982200,8,Big,Red
20260527099982199,4,Small,Red
20260527099982198,3,Small,Green
20260527099982197,3,Small,Green
20260527099982196,5,Big,Green Violet
20260527099982195,6,Big,Red
20260527099982194,8,Big,Red
20260527099982193,7,Big,Green
20260527099982192,8,Big,Red
20260527099982191,3,Small,Green
20260527099982190,7,Big,Green
20260527099982189,8,Big,Red
20260527099982188,4,Small,Red
20260527099982187,6,Big,Red
20260527099982186,1,Small,Green
20260527099982185,8,Big,Red
20260527099982184,4,Small,Red
20260527099982183,2,Small,Red
20260527099982182,9,Big,Green
20260527099982181,7,Big,Green
20260527099982180,9,Big,Green
20260527099982179,8,Big,Red
20260527099982178,1,Small,Green
20260527099982177,0,Small,Red Violet
20260527099982176,3,Small,Green
20260527099982175,3,Small,Green
20260527099982174,4,Small,Red
20260527099982173,4,Small,Red
20260527099982172,8,Big,Red
20260527099982171,4,Small,Red
20260527099982170,0,Small,Red Violet
20260527099982169,1,Small,Green
20260527099982168,1,Small,Green
20260527099982167,9,Big,Green
20260527099982166,2,Small,Red
20260527099982165,6,Big,Red
20260527099982164,0,Small,Red Violet
20260527099982163,0,Small,Red Violet
20260527099982162,2,Small,Red
20260527099982161,6,Big,Red
20260527099982160,4,Small,Red
20260527099982159,4,Small,Red
20260527099982158,1,Small,Green
20260527099982157,4,Small,Red
20260527099982156,2,Small,Red
20260527099982155,0,Small,Red Violet
20260527099982154,8,Big,Red
20260527099982153,3,Small,Green
20260527099982152,0,Small,Red Violet
20260527099982151,0,Small,Red Violet
20260527099982150,4,Small,Red
20260527099982149,8,Big,Red
20260527099982148,0,Small,Red Violet
20260527099982147,7,Big,Green
20260527099982146,0,Small,Red Violet
20260527099982145,2,Small,Red
20260527099982144,5,Big,Green Violet
20260527099982143,1,Small,Green
20260527099982142,1,Small,Green
20260527099982141,8,Big,Red
20260527099982140,0,Small,Red Violet
20260527099982139,2,Small,Red
20260527099982138,8,Big,Red
20260527099982137,0,Small,Red Violet
20260527099982136,1,Small,Green
20260527099982135,3,Small,Green
20260527099982134,2,Small,Red
20260527099982133,0,Small,Red Violet
20260527099982132,7,Big,Green
20260527099982131,7,Big,Green
20260527099982130,9,Big,Green
20260527099982129,3,Small,Green
20260527099982128,9,Big,Green
20260527099982127,7,Big,Green
20260527099982126,9,Big,Green
20260527099982125,4,Small,Red
20260527099982124,8,Big,Red
20260527099982123,4,Small,Red
20260527099982122,8,Big,Red
20260527099982121,3,Small,Green
20260527099982120,0,Small,Red Violet
20260527099982119,5,Big,Green Violet
20260527099982118,6,Big,Red
20260527099982117,0,Small,Red Violet
20260527099982116,2,Small,Red
20260527099982115,2,Small,Red
20260527099982114,1,Small,Green
20260527099982113,6,Big,Red
20260527099982112,2,Small,Red
20260527099982111,7,Big,Green
20260527099982110,9,Big,Green
20260527099982109,9,Big,Green
20260527099982108,0,Small,Red Violet
20260527099982107,5,Big,Green Violet
20260527099982106,6,Big,Red
20260527099982105,9,Big,Green
20260527099982104,6,Big,Red
20260527099982103,1,Small,Green
20260527099982102,6,Big,Red
20260527099982101,0,Small,Red Violet
20260527099982100,1,Small,Green
20260527099982099,2,Small,Red
20260527099982098,7,Big,Green
20260527099982097,5,Big,Green Violet
20260527099982096,8,Big,Red
20260527099982095,2,Small,Red
20260527099982094,1,Small,Green
20260527099982093,7,Big,Green
20260527099982092,7,Big,Green
20260527099982091,4,Small,Red
20260527099982090,2,Small,Red
20260527099982089,9,Big,Green
20260527099982088,6,Big,Red
20260527099982087,8,Big,Red
20260527099982086,2,Small,Red
20260527099982085,8,Big,Red
20260527099982084,7,Big,Green
20260527099982083,8,Big,Red
20260527099982082,6,Big,Red
20260527099982081,1,Small,Green
20260527099982080,7,Big,Green
20260527099982079,3,Small,Green
20260527099982078,5,Big,Green Violet
20260527099982077,8,Big,Red
20260527099982076,7,Big,Green
20260527099982075,5,Big,Green Violet
20260527099982074,7,Big,Green
20260527099982073,6,Big,Red
20260527099982072,4,Small,Red
20260527099982071,0,Small,Red Violet
20260527099982070,1,Small,Green
20260527099982069,7,Big,Green
20260527099982068,1,Small,Green
20260527099982067,4,Small,Red
20260527099982066,8,Big,Red
20260527099982065,9,Big,Green
20260527099982064,3,Small,Green
20260527099982063,1,Small,Green
20260527099982062,7,Big,Green
20260527099982061,1,Small,Green
20260527099982060,7,Big,Green
20260527099982059,3,Small,Green
20260527099982058,7,Big,Green
20260527099982057,3,Small,Green
20260527099982056,4,Small,Red
20260527099982055,6,Big,Red
20260527099982054,7,Big,Green
20260527099982053,5,Big,Green Violet
20260527099982052,2,Small,Red
20260527099982051,9,Big,Green
20260527099982050,3,Small,Green
20260527099982049,4,Small,Red
20260527099982048,7,Big,Green
20260527099982047,1,Small,Green
20260527099982046,6,Big,Red
20260527099982045,8,Big,Red
20260527099982044,2,Small,Red
20260527099982043,8,Big,Red
20260527099982042,4,Small,Red
20260527099982041,8,Big,Red
20260527099982040,7,Big,Green
20260527099982039,0,Small,Red Violet
20260527099982038,6,Big,Red
20260527099982037,6,Big,Red
20260527099982036,8,Big,Red
20260527099982035,9,Big,Green
20260527099982034,8,Big,Red
20260527099982033,5,Big,Green Violet
20260527099982032,7,Big,Green
20260527099982031,1,Small,Green
20260527099982030,0,Small,Red Violet
20260527099982029,0,Small,Red Violet
20260527099982028,5,Big,Green Violet
20260527099982027,5,Big,Green Violet
20260527099982026,8,Big,Red
20260527099982025,8,Big,Red
20260527099982024,7,Big,Green
20260527099982023,2,Small,Red
20260527099982022,2,Small,Red
20260527099982021,8,Big,Red
20260527099982020,8,Big,Red
20260527099982019,9,Big,Green
20260527099982018,9,Big,Green
20260527099982017,6,Big,Red
20260527099982016,5,Big,Green Violet
20260527099982015,6,Big,Red
20260527099982014,4,Small,Red
20260527099982013,0,Small,Red Violet
20260527099982012,5,Big,Green Violet
20260527099982011,4,Small,Red
20260527099982010,0,Small,Red Violet
20260527099982009,4,Small,Red
20260527099982008,6,Big,Red
20260527099982007,1,Small,Green
20260527099982006,4,Small,Red
20260527099982005,6,Big,Red
20260527099982004,5,Big,Green Violet
20260527099982003,3,Small,Green
20260527099982002,0,Small,Red Violet
20260527099982001,0,Small,Red Violet
20260527099982000,7,Big,Green
20260527099981999,6,Big,Red
20260527099981998,3,Small,Green
20260527099981997,8,Big,Red
20260527099981996,5,Big,Green Violet
20260527099981995,6,Big,Red
20260527099981994,5,Big,Green Violet
20260527099981993,9,Big,Green
20260527099981992,6,Big,Red
20260527099981991,4,Small,Red
20260527099981990,5,Big,Green Violet
20260527099981989,9,Big,Green
20260527099981988,5,Big,Green Violet
20260527099981987,5,Big,Green Violet
20260527099981986,4,Small,Red
20260527099981985,0,Small,Red Violet
20260527099981984,2,Small,Red
20260527099981983,3,Small,Green
20260527099981982,5,Big,Green Violet
20260527099981981,1,Small,Green
20260527099981980,8,Big,Red
20260527099981979,3,Small,Green
20260527099981978,0,Small,Red Violet
20260527099981977,9,Big,Green
20260527099981976,8,Big,Red
20260527099981975,0,Small,Red Violet
20260527099981974,2,Small,Red
20260527099981973,4,Small,Red
20260527099981972,8,Big,Red
20260527099981971,9,Big,Green
20260527099981970,9,Big,Green
20260527099981969,6,Big,Red
20260527099981968,4,Small,Red
20260527099981967,3,Small,Green
20260527099981966,2,Small,Red
20260527099981965,3,Small,Green
20260527099981964,5,Big,Green Violet
20260527099981963,0,Small,Red Violet
20260527099981962,0,Small,Red Violet
20260527099981961,9,Big,Green
20260527099981960,9,Big,Green
20260527099981959,1,Small,Green
20260527099981958,0,Small,Red Violet
20260527099981957,6,Big,Red
20260527099981956,8,Big,Red
20260527099981955,7,Big,Green
20260527099981954,6,Big,Red
20260527099981953,0,Small,Red Violet
20260527099981952,9,Big,Green
20260527099981951,4,Small,Red
20260527099981950,0,Small,Red Violet
20260527099981949,8,Big,Red
20260527099981948,4,Small,Red
20260527099981947,9,Big,Green
20260527099981946,5,Big,Green Violet
20260527099981945,4,Small,Red
20260527099981944,1,Small,Green
20260527099981943,7,Big,Green
20260527099981942,7,Big,Green
20260527099981941,9,Big,Green
20260527099981940,9,Big,Green
20260527099981939,1,Small,Green
20260527099981938,6,Big,Red
20260527099981937,4,Small,Red
20260527099981936,0,Small,Red Violet
20260527099981935,7,Big,Green
20260527099981934,5,Big,Green Violet
20260527099981933,4,Small,Red
20260527099981932,6,Big,Red
20260527099981931,1,Small,Green
20260527099981930,5,Big,Green Violet
20260527099981929,2,Small,Red
20260527099981928,7,Big,Green
20260527099981927,7,Big,Green
20260527099981926,9,Big,Green
20260527099981925,7,Big,Green
20260527099981924,0,Small,Red Violet
20260527099981923,3,Small,Green
20260527099981922,9,Big,Green
20260527099981921,8,Big,Red
20260527099981920,7,Big,Green
20260527099981919,2,Small,Red
20260527099981918,0,Small,Red Violet
20260527099981917,8,Big,Red
20260527099981916,5,Big,Green Violet
20260527099981915,4,Small,Red
20260527099981914,4,Small,Red
20260527099981913,5,Big,Green Violet
20260527099981912,9,Big,Green
20260527099981911,1,Small,Green
20260527099981910,3,Small,Green
20260527099981909,8,Big,Red
20260527099981908,7,Big,Green
20260527099981907,0,Small,Red Violet
20260527099981906,2,Small,Red
20260527099981905,3,Small,Green
20260527099981904,2,Small,Red
20260527099981903,8,Big,Red
20260527099981902,2,Small,Red
20260527099981901,4,Small,Red
20260527099981900,7,Big,Green
20260527099981899,8,Big,Red
20260527099981898,2,Small,Red
20260527099981897,0,Small,Red Violet
20260527099981896,2,Small,Red
20260527099981895,6,Big,Red
20260527099981894,9,Big,Green
20260527099981893,1,Small,Green
20260527099981892,5,Big,Green Violet
20260527099981891,3,Small,Green
20260527099981890,4,Small,Red
20260527099981889,7,Big,Green
20260527099981888,1,Small,Green
20260527099981887,3,Small,Green
20260527099981886,5,Big,Green Violet
20260527099981885,8,Big,Red
20260527099981884,2,Small,Red
20260527099981883,9,Big,Green
20260527099981882,4,Small,Red
20260527099981881,7,Big,Green
20260527099981880,4,Small,Red
20260527099981879,4,Small,Red
20260527099981878,1,Small,Green
20260527099981877,4,Small,Red
20260527099981876,6,Big,Red
20260527099981875,4,Small,Red
20260527099981874,7,Big,Green
20260527099981873,6,Big,Red
20260527099981872,1,Small,Green
20260527099981871,5,Big,Green Violet
20260527099981870,8,Big,Red
20260527099981869,1,Small,Green
20260527099981868,9,Big,Green
20260527099981867,6,Big,Red
20260527099981866,9,Big,Green
20260527099981865,7,Big,Green
20260527099981864,6,Big,Red
20260527099981863,5,Big,Green Violet
20260527099981862,4,Small,Red
20260527099981861,8,Big,Red
20260527099981860,5,Big,Green Violet
20260527099981859,1,Small,Green
20260527099981858,5,Big,Green Violet
20260527099981857,9,Big,Green
20260527099981856,6,Big,Red
20260527099981855,5,Big,Green Violet
20260527099981854,2,Small,Red
20260527099981853,4,Small,Red
20260527099981852,4,Small,Red
20260527099981851,2,Small,Red
20260527099981850,8,Big,Red
20260527099981849,9,Big,Green
20260527099981848,5,Big,Green Violet
20260527099981847,7,Big,Green
20260527099981846,9,Big,Green
20260527099981845,9,Big,Green
20260527099981844,6,Big,Red
20260527099981843,5,Big,Green Violet
20260527099981842,9,Big,Green
20260527099981841,8,Big,Red
20260527099981840,7,Big,Green
20260527099981839,5,Big,Green Violet
20260527099981838,3,Small,Green
20260527099981837,5,Big,Green Violet
20260527099981836,3,Small,Green
20260527099981835,9,Big,Green
20260527099981834,7,Big,Green
20260527099981833,0,Small,Red Violet
20260527099981832,9,Big,Green
20260527099981831,4,Small,Red
20260527099981830,6,Big,Red
20260527099981829,7,Big,Green
20260527099981828,0,Small,Red Violet
20260527099981827,9,Big,Green
20260527099981826,0,Small,Red Violet
20260527099981825,3,Small,Green
20260527099981824,0,Small,Red Violet
20260527099981823,4,Small,Red
20260527099981822,4,Small,Red
20260527099981821,4,Small,Red
20260527099981820,5,Big,Green Violet
20260527099981819,5,Big,Green Violet
20260527099981818,8,Big,Red
20260527099981817,6,Big,Red
20260527099981816,3,Small,Green
20260527099981815,9,Big,Green
20260527099981814,3,Small,Green
20260527099981813,0,Small,Red Violet
20260527099981812,9,Big,Green
20260527099981811,9,Big,Green
20260527099981810,6,Big,Red
20260527099981809,9,Big,Green
20260527099981808,8,Big,Red
20260527099981807,6,Big,Red
20260527099981806,2,Small,Red
20260527099981805,3,Small,Green
20260527099981804,7,Big,Green
20260527099981803,3,Small,Green
20260527099981802,6,Big,Red
20260527099981801,8,Big,Red
20260527099981800,8,Big,Red
20260527099981799,2,Small,Red
20260527099981798,4,Small,Red
20260527099981797,1,Small,Green
20260527099981796,3,Small,Green
20260527099981795,1,Small,Green
20260527099981794,4,Small,Red
20260527099981793,1,Small,Green
20260527099981792,8,Big,Red
20260527099981791,9,Big,Green
20260527099981790,2,Small,Red
20260527099981789,9,Big,Green
20260527099981788,2,Small,Red
20260527099981787,7,Big,Green
20260527099981786,1,Small,Green
20260527099981785,7,Big,Green
20260527099981784,3,Small,Green
20260527099981783,1,Small,Green
20260527099981782,8,Big,Red
20260527099981781,5,Big,Green Violet
20260527099981780,6,Big,Red
20260527099981779,7,Big,Green
20260527099981778,2,Small,Red
20260527099981777,0,Small,Red Violet
20260527099981776,2,Small,Red
20260527099981775,2,Small,Red
20260527099981774,0,Small,Red Violet
20260527099981773,6,Big,Red
20260527099981772,4,Small,Red
20260527099981771,1,Small,Green
20260527099981770,4,Small,Red
20260527099981769,0,Small,Red Violet
20260527099981768,9,Big,Green
20260527099981767,5,Big,Green Violet
20260527099981766,8,Big,Red
20260527099981765,1,Small,Green
20260527099981764,3,Small,Green
20260527099981763,0,Small,Red Violet
20260527099981762,9,Big,Green
20260527099981761,0,Small,Red Violet
20260527099981760,5,Big,Green Violet
20260527099981759,4,Small,Red
20260527099981758,2,Small,Red
20260527099981757,6,Big,Red
20260527099981756,1,Small,Green
20260527099981755,7,Big,Green
20260527099981754,5,Big,Green Violet
20260527099981753,7,Big,Green
20260527099981752,7,Big,Green
20260527099981751,6,Big,Red
20260527099981750,2,Small,Red
20260527099981749,8,Big,Red
20260527099981748,3,Small,Green
20260527099981747,0,Small,Red Violet
20260527099981746,2,Small,Red
20260527099981745,3,Small,Green
20260527099981744,8,Big,Red
20260527099981743,2,Small,Red
20260527099981742,2,Small,Red
20260527099981741,7,Big,Green
20260527099981740,0,Small,Red Violet
20260527099981739,1,Small,Green
20260527099981738,1,Small,Green
20260527099981737,8,Big,Red
20260527099981736,5,Big,Green Violet
20260527099981735,7,Big,Green
20260527099981734,3,Small,Green
20260527099981733,1,Small,Green
20260527099981732,5,Big,Green Violet
20260527099981731,1,Small,Green
20260527099981730,4,Small,Red
20260527099981729,8,Big,Red
20260527099981728,7,Big,Green
20260527099981727,9,Big,Green
20260527099981726,2,Small,Red
20260527099981725,9,Big,Green
20260527099981724,0,Small,Red Violet
20260527099981723,7,Big,Green
20260527099981722,6,Big,Red
20260527099981721,6,Big,Red
20260527099981720,9,Big,Green
20260527099981719,7,Big,Green
20260527099981718,4,Small,Red
20260527099981717,3,Small,Green
20260527099981716,7,Big,Green
20260527099981715,2,Small,Red
20260527099981714,2,Small,Red
20260527099981713,7,Big,Green
20260527099981712,9,Big,Green
20260527099981711,1,Small,Green
20260527099981710,2,Small,Red
20260527099981709,2,Small,Red
20260527099981708,2,Small,Red
20260527099981707,5,Big,Green Violet
20260527099981706,9,Big,Green
20260527099981705,6,Big,Red
20260527099981704,9,Big,Green
20260527099981703,7,Big,Green
20260527099981702,2,Small,Red
20260527099981701,9,Big,Green
20260527099981700,7,Big,Green
20260527099981699,9,Big,Green
20260527099981698,5,Big,Green Violet
20260527099981697,2,Small,Red
20260527099981696,6,Big,Red
20260527099981695,5,Big,Green Violet
20260527099981694,9,Big,Green
20260527099981693,7,Big,Green
20260527099981692,7,Big,Green
20260527099981691,6,Big,Red
20260527099981690,4,Small,Red
20260527099981689,5,Big,Green Violet
20260527099981688,4,Small,Red
20260527099981687,1,Small,Green
20260527099981686,5,Big,Green Violet
20260527099981685,0,Small,Red Violet
20260527099981684,8,Big,Red
20260527099981683,0,Small,Red Violet
20260527099981682,6,Big,Red
20260527099981681,9,Big,Green
20260527099981680,7,Big,Green
20260527099981679,5,Big,Green Violet
20260527099981678,2,Small,Red
20260527099981677,1,Small,Green
20260527099981676,3,Small,Green
20260527099981675,1,Small,Green
20260527099981674,6,Big,Red
20260527099981673,2,Small,Red
20260527099981672,2,Small,Red
20260527099981671,6,Big,Red
20260527099981670,0,Small,Red Violet
20260527099981669,2,Small,Red
20260527099981668,0,Small,Red Violet
20260527099981667,8,Big,Red
20260527099981666,9,Big,Green
20260527099981665,9,Big,Green
20260527099981664,6,Big,Red
20260527099981663,9,Big,Green
20260527099981662,2,Small,Red
20260527099981661,7,Big,Green
20260527099981660,6,Big,Red
20260527099981659,5,Big,Green Violet
20260527099981658,4,Small,Red
20260527099981657,5,Big,Green Violet
20260527099981656,8,Big,Red
20260527099981655,6,Big,Red
20260527099981654,4,Small,Red
20260527099981653,6,Big,Red
20260527099981652,9,Big,Green
20260527099981651,5,Big,Green Violet
20260527099981650,7,Big,Green
20260527099981649,2,Small,Red
20260527099981648,5,Big,Green Violet
20260527099981647,0,Small,Red Violet
20260527099981646,0,Small,Red Violet
20260527099981645,7,Big,Green
20260527099981644,3,Small,Green
20260527099981643,4,Small,Red
20260527099981642,5,Big,Green Violet
20260527099981641,5,Big,Green Violet
20260527099981640,2,Small,Red
20260527099981639,6,Big,Red
20260527099981638,0,Small,Red Violet
20260527099981637,8,Big,Red
20260527099981636,5,Big,Green Violet
20260527099981635,0,Small,Red Violet
20260527099981634,3,Small,Green
20260527099981633,2,Small,Red
20260527099981632,7,Big,Green
20260527099981631,6,Big,Red
20260527099981630,3,Small,Green
20260527099981629,1,Small,Green
20260527099981628,9,Big,Green
20260527099981627,0,Small,Red Violet
20260527099981626,3,Small,Green
20260527099981625,2,Small,Red
20260527099981624,8,Big,Red
20260527099981623,8,Big,Red
20260527099981622,7,Big,Green
20260527099981621,4,Small,Red
20260527099981620,0,Small,Red Violet
20260527099981619,6,Big,Red
20260527099981618,9,Big,Green
20260527099981617,3,Small,Green
20260527099981616,7,Big,Green
20260527099981615,2,Small,Red
20260527099981614,4,Small,Red
20260527099981613,7,Big,Green
20260527099981612,5,Big,Green Violet
20260527099981611,5,Big,Green Violet
20260527099981610,6,Big,Red
20260527099981609,8,Big,Red
20260527099981608,8,Big,Red
20260527099981607,7,Big,Green
20260527099981606,1,Small,Green
20260527099981605,9,Big,Green
20260527099981604,3,Small,Green
20260527099981603,0,Small,Red Violet
20260527099981602,4,Small,Red
20260527099981601,0,Small,Red Violet
20260527099981600,0,Small,Red Violet
20260527099981599,7,Big,Green
20260527099981598,0,Small,Red Violet
20260527099981597,7,Big,Green
20260527099981596,1,Small,Green
20260527099981595,8,Big,Red
20260527099981594,3,Small,Green
20260527099981593,6,Big,Red
20260527099981592,0,Small,Red Violet
20260527099981591,4,Small,Red
20260527099981590,6,Big,Red
20260527099981589,4,Small,Red
20260527099981588,7,Big,Green
20260527099981587,5,Big,Green Violet
20260527099981586,1,Small,Green
20260527099981585,2,Small,Red
20260527099981584,5,Big,Green Violet
20260527099981583,3,Small,Green
20260527099981582,1,Small,Green
20260527099981581,2,Small,Red
20260527099981580,2,Small,Red
20260527099981579,9,Big,Green
20260527099981578,1,Small,Green
20260527099981577,0,Small,Red Violet
20260527099981576,3,Small,Green
20260527099981575,1,Small,Green
20260527099981574,5,Big,Green Violet
20260527099981573,2,Small,Red
20260527099981572,5,Big,Green Violet
20260527099981571,3,Small,Green
20260527099981570,6,Big,Red
20260527099981569,5,Big,Green Violet
20260527099981568,5,Big,Green Violet
20260527099981567,0,Small,Red Violet
20260527099981566,5,Big,Green Violet
20260527099981565,5,Big,Green Violet
20260527099981564,8,Big,Red
20260527099981563,4,Small,Red
20260527099981562,9,Big,Green
20260527099981561,5,Big,Green Violet
20260527099981560,6,Big,Red
20260527099981559,1,Small,Green
20260527099981558,5,Big,Green Violet
20260527099981557,6,Big,Red
20260527099981556,4,Small,Red
20260527099981555,8,Big,Red
20260527099981554,1,Small,Green
20260527099981553,1,Small,Green
20260527099981552,5,Big,Green Violet
20260527099981551,1,Small,Green
20260527099981550,7,Big,Green
20260527099981549,2,Small,Red
20260527099981548,0,Small,Red Violet
20260527099981547,6,Big,Red
20260527099981546,7,Big,Green
20260527099981545,5,Big,Green Violet
20260527099981544,7,Big,Green
20260527099981543,1,Small,Green
20260527099981542,7,Big,Green
20260527099981541,6,Big,Red
20260527099981540,5,Big,Green Violet
20260527099981539,9,Big,Green
20260527099981538,7,Big,Green
20260527099981537,1,Small,Green
20260527099981536,5,Big,Green Violet
20260527099981535,0,Small,Red Violet
20260527099981534,0,Small,Red Violet
20260527099981533,8,Big,Red
20260527099981532,2,Small,Red
20260527099981531,0,Small,Red Violet
20260527099981530,8,Big,Red
20260527099981529,3,Small,Green
20260527099981528,7,Big,Green
20260527099981527,0,Small,Red Violet
20260527099981526,9,Big,Green
20260527099981525,1,Small,Green
20260527099981524,3,Small,Green
20260527099981523,0,Small,Red Violet
20260527099981522,1,Small,Green
20260527099981521,7,Big,Green
20260527099981520,0,Small,Red Violet
20260527099981519,8,Big,Red
20260527099981518,5,Big,Green Violet
20260527099981517,8,Big,Red
20260527099981516,7,Big,Green
20260527099981515,6,Big,Red
20260527099981514,5,Big,Green Violet
20260527099981513,9,Big,Green
20260527099981512,9,Big,Green
20260527099981511,2,Small,Red
20260527099981510,6,Big,Red
20260527099981509,6,Big,Red
20260527099981508,0,Small,Red Violet
20260527099981507,7,Big,Green
20260527099981506,5,Big,Green Violet
20260527099981505,1,Small,Green
20260527099981504,2,Small,Red
20260527099981503,4,Small,Red
20260527099981502,9,Big,Green
20260527099981501,3,Small,Green
20260527099981500,6,Big,Red
20260527099981499,1,Small,Green
20260527099981498,2,Small,Red
20260527099981497,9,Big,Green
20260527099981496,5,Big,Green Violet
20260527099981495,7,Big,Green
20260527099981494,5,Big,Green Violet
20260527099981493,4,Small,Red
20260527099981492,4,Small,Red
20260527099981491,6,Big,Red
20260527099981490,2,Small,Red
20260527099981489,7,Big,Green
20260527099981488,6,Big,Red
20260527099981487,5,Big,Green Violet
20260527099981486,5,Big,Green Violet
20260527099981485,2,Small,Red
20260527099981484,4,Small,Red
20260527099981483,6,Big,Red
20260527099981482,4,Small,Red
20260527099981481,5,Big,Green Violet
20260527099981480,3,Small,Green
20260527099981479,8,Big,Red
20260527099981478,8,Big,Red
20260527099981477,4,Small,Red
20260527099981476,0,Small,Red Violet
20260527099981475,3,Small,Green
20260527099981474,4,Small,Red
20260527099981473,1,Small,Green
20260527099981472,9,Big,Green
20260527099981471,4,Small,Red
20260527099981470,2,Small,Red
20260527099981469,0,Small,Red Violet
20260527099981468,9,Big,Green
20260527099981467,0,Small,Red Violet
20260527099981466,7,Big,Green
20260527099981465,8,Big,Red
20260527099981464,8,Big,Red
20260527099981463,4,Small,Red
20260527099981462,3,Small,Green
20260527099981461,9,Big,Green
20260527099981460,5,Big,Green Violet
20260527099981459,0,Small,Red Violet
20260527099981458,3,Small,Green
20260527099981457,5,Big,Green Violet
20260527099981456,9,Big,Green
20260527099981455,0,Small,Red Violet
20260527099981454,5,Big,Green Violet
20260527099981453,9,Big,Green
20260527099981452,7,Big,Green
20260527099981451,4,Small,Red
20260527099981450,8,Big,Red
20260527099981449,5,Big,Green Violet
20260527099981448,9,Big,Green
20260527099981447,4,Small,Red
20260527099981446,2,Small,Red
20260527099981445,3,Small,Green
20260527099981444,7,Big,Green
20260527099981443,6,Big,Red
20260527099981442,6,Big,Red
20260527099981441,9,Big,Green
20260527099981440,3,Small,Green
20260527099981439,7,Big,Green
20260527099981438,4,Small,Red
20260527099981437,6,Big,Red
20260527099981436,1,Small,Green
20260527099981435,1,Small,Green
20260527099981434,4,Small,Red
20260527099981433,5,Big,Green Violet
20260527099981432,7,Big,Green
20260527099981431,4,Small,Red
20260527099981430,6,Big,Red
20260527099981429,3,Small,Green
20260527099981428,3,Small,Green
20260527099981427,3,Small,Green
20260527099981426,4,Small,Red
20260527099981425,9,Big,Green
20260527099981424,2,Small,Red
20260527099981423,6,Big,Red
20260527099981422,7,Big,Green
20260527099981421,3,Small,Green
20260527099981420,8,Big,Red
20260527099981419,2,Small,Red
20260527099981418,3,Small,Green
20260527099981417,7,Big,Green
20260527099981416,1,Small,Green
20260527099981415,1,Small,Green
20260527099981414,9,Big,Green
20260527099981413,6,Big,Red
20260527099981412,0,Small,Red Violet
20260527099981411,5,Big,Green Violet
20260527099981410,4,Small,Red
20260527099981409,4,Small,Red
20260527099981408,7,Big,Green
20260527099981407,2,Small,Red
20260527099981406,5,Big,Green Violet
20260527099981405,0,Small,Red Violet
20260527099981404,3,Small,Green
20260527099981403,3,Small,Green
20260527099981402,3,Small,Green
20260527099981401,9,Big,Green
20260527099981400,5,Big,Green Violet
20260527099981399,5,Big,Green Violet
20260527099981398,0,Small,Red Violet
20260527099981397,1,Small,Green
20260527099981396,4,Small,Red
20260527099981395,7,Big,Green
20260527099981394,4,Small,Red
20260527099981393,5,Big,Green Violet
20260527099981392,8,Big,Red
20260527099981391,3,Small,Green
20260527099981390,0,Small,Red Violet
20260527099981389,4,Small,Red
20260527099981388,6,Big,Red
20260527099981387,0,Small,Red Violet
20260527099981386,8,Big,Red
20260527099981385,0,Small,Red Violet
20260527099981384,0,Small,Red Violet
20260527099981383,4,Small,Red
20260527099981382,1,Small,Green
20260527099981381,4,Small,Red
20260527099981380,5,Big,Green Violet
20260527099981379,7,Big,Green
20260527099981378,3,Small,Green
20260527099981377,1,Small,Green
20260527099981376,0,Small,Red Violet
20260527099981375,1,Small,Green
20260527099981374,7,Big,Green
20260527099981373,4,Small,Red
20260527099981372,9,Big,Green
20260527099981371,1,Small,Green
20260527099981370,2,Small,Red
20260527099981369,6,Big,Red
20260527099981368,4,Small,Red
20260527099981367,8,Big,Red
20260527099981366,2,Small,Red
20260527099981365,4,Small,Red
20260527099981364,3,Small,Green
20260527099981363,4,Small,Red
20260527099981362,6,Big,Red
20260527099981361,6,Big,Red
20260527099981360,4,Small,Red
20260527099981359,4,Small,Red
20260527099981358,6,Big,Red
20260527099981357,4,Small,Red
20260527099981356,5,Big,Green Violet
20260527099981355,9,Big,Green
20260527099981354,4,Small,Red
20260527099981353,4,Small,Red
20260527099981352,6,Big,Red
20260527099981351,9,Big,Green
20260527099981350,1,Small,Green
20260527099981349,0,Small,Red Violet
20260527099981348,2,Small,Red
20260527099981347,7,Big,Green
20260527099981346,0,Small,Red Violet
20260527099981345,6,Big,Red
20260527099981344,5,Big,Green Violet
20260527099981343,4,Small,Red
20260527099981342,3,Small,Green
20260527099981341,7,Big,Green
20260527099981340,1,Small,Green
20260527099981339,5,Big,Green Violet
20260527099981338,6,Big,Red
20260527099981337,5,Big,Green Violet
20260527099981336,8,Big,Red
20260527099981335,1,Small,Green
20260527099981334,9,Big,Green
20260527099981333,4,Small,Red
20260527099981332,9,Big,Green
20260527099981331,3,Small,Green
20260527099981330,2,Small,Red
20260527099981329,6,Big,Red
20260527099981328,5,Big,Green Violet
20260527099981327,3,Small,Green
20260527099981326,7,Big,Green
20260527099981325,2,Small,Red
20260527099981324,6,Big,Red
20260527099981323,8,Big,Red
20260527099981322,3,Small,Green
20260527099981321,6,Big,Red
20260527099981320,7,Big,Green
20260527099981319,6,Big,Red
20260527099981318,1,Small,Green
20260527099981317,8,Big,Red
20260527099981316,5,Big,Green Violet
20260527099981315,8,Big,Red
20260527099981314,6,Big,Red
20260527099981313,3,Small,Green
20260527099981312,8,Big,Red
20260527099981311,3,Small,Green
20260527099981310,8,Big,Red
20260527099981309,9,Big,Green
20260527099981308,0,Small,Red Violet
20260527099981307,2,Small,Red
20260527099981306,8,Big,Red
20260527099981305,4,Small,Red
20260527099981304,0,Small,Red Violet
20260527099981303,2,Small,Red
20260527099981302,0,Small,Red Violet
20260527099981301,1,Small,Green
20260527099981300,0,Small,Red Violet
20260527099981299,3,Small,Green
20260527099981298,4,Small,Red
20260527099981297,4,Small,Red
20260527099981296,2,Small,Red
20260527099981295,2,Small,Red
20260527099981294,9,Big,Green
20260527099981293,8,Big,Red
20260527099981292,6,Big,Red
20260527099981291,4,Small,Red
20260527099981290,8,Big,Red
20260527099981289,4,Small,Red
20260527099981288,0,Small,Red Violet
20260527099981287,2,Small,Red
20260527099981286,6,Big,Red
20260527099981285,5,Big,Green Violet
20260527099981284,5,Big,Green Violet
20260527099981283,5,Big,Green Violet
20260527099981282,6,Big,Red
20260527099981281,7,Big,Green
20260527099981280,9,Big,Green
20260527099981279,2,Small,Red
20260527099981278,5,Big,Green Violet
20260527099981277,9,Big,Green
20260527099981276,6,Big,Red
20260527099981275,4,Small,Red
20260527099981274,7,Big,Green
20260527099981273,3,Small,Green
20260527099981272,4,Small,Red
20260527099981271,2,Small,Red
20260527099981270,1,Small,Green
20260527099981269,7,Big,Green
20260527099981268,0,Small,Red Violet
20260527099981267,6,Big,Red
20260527099981266,6,Big,Red
20260527099981265,4,Small,Red
20260527099981264,0,Small,Red Violet
20260527099981263,9,Big,Green
20260527099981262,6,Big,Red
20260527099981261,2,Small,Red
20260527099981260,9,Big,Green
20260527099981259,3,Small,Green
20260527099981258,1,Small,Green
20260527099981257,0,Small,Red Violet
20260527099981256,5,Big,Green Violet
20260527099981255,0,Small,Red Violet
20260527099981254,9,Big,Green
20260527099981253,6,Big,Red
20260527099981252,7,Big,Green
20260527099981251,8,Big,Red
20260527099981250,5,Big,Green Violet
20260527099981249,0,Small,Red Violet
20260527099981248,5,Big,Green Violet
20260527099981247,3,Small,Green
20260527099981246,8,Big,Red
20260527099981245,1,Small,Green
20260527099981244,5,Big,Green Violet
20260527099981243,4,Small,Red
20260527099981242,7,Big,Green
20260527099981241,9,Big,Green
20260527099981240,3,Small,Green
20260527099981239,5,Big,Green Violet
20260527099981238,3,Small,Green
20260527099981237,1,Small,Green
20260527099981236,3,Small,Green
20260527099981235,4,Small,Red
20260527099981234,7,Big,Green
20260527099981233,5,Big,Green Violet
20260527099981232,5,Big,Green Violet
20260527099981231,4,Small,Red
20260527099981230,3,Small,Green
20260527099981229,2,Small,Red
20260527099981228,3,Small,Green
20260527099981227,2,Small,Red
20260527099981226,2,Small,Red
20260527099981225,4,Small,Red
20260527099981224,1,Small,Green
20260527099981223,6,Big,Red
20260527099981222,4,Small,Red
20260527099981221,7,Big,Green
20260527099981220,1,Small,Green
20260527099981219,7,Big,Green
20260527099981218,3,Small,Green
20260527099981217,7,Big,Green
20260527099981216,2,Small,Red
20260527099981215,3,Small,Green
20260527099981214,7,Big,Green
20260527099981213,8,Big,Red
20260527099981212,6,Big,Red
20260527099981211,8,Big,Red
20260527099981210,2,Small,Red
20260527099981209,8,Big,Red
20260527099981208,9,Big,Green
20260527099981207,8,Big,Red
20260527099981206,6,Big,Red
20260527099981205,4,Small,Red
20260527099981204,1,Small,Green
20260527099981203,6,Big,Red
20260527099981202,4,Small,Red
20260527099981201,3,Small,Green
20260527099981200,9,Big,Green
20260527099981199,3,Small,Green
20260527099981198,4,Small,Red
20260527099981197,2,Small,Red
20260527099981196,3,Small,Green
20260527099981195,4,Small,Red
20260527099981194,7,Big,Green
20260527099981193,5,Big,Green Violet
20260527099981192,4,Small,Red
20260527099981191,7,Big,Green
20260527099981190,2,Small,Red
20260527099981189,0,Small,Red Violet
20260527099981188,9,Big,Green
20260527099981187,5,Big,Green Violet
20260527099981186,7,Big,Green
20260527099981185,1,Small,Green
20260527099981184,3,Small,Green
20260527099981183,2,Small,Red
20260527099981182,6,Big,Red
20260527099981181,0,Small,Red Violet
20260527099981180,1,Small,Green
20260527099981179,6,Big,Red
20260527099981178,1,Small,Green
20260527099981177,7,Big,Green
20260527099981176,2,Small,Red
20260527099981175,8,Big,Red
20260527099981174,2,Small,Red
20260527099981173,3,Small,Green
20260527099981172,0,Small,Red Violet
20260527099981171,6,Big,Red
20260527099981170,6,Big,Red
20260527099981169,2,Small,Red
20260527099981168,6,Big,Red
20260527099981167,6,Big,Red
20260527099981166,9,Big,Green
20260527099981165,6,Big,Red
20260527099981164,7,Big,Green
20260527099981163,3,Small,Green
20260527099981162,0,Small,Red Violet
20260527099981161,2,Small,Red
20260527099981160,9,Big,Green
20260527099981159,7,Big,Green
20260527099981158,1,Small,Green
20260527099981157,3,Small,Green
20260527099981156,7,Big,Green
20260527099981155,8,Big,Red
20260527099981154,3,Small,Green
20260527099981153,2,Small,Red
20260527099981152,5,Big,Green Violet
20260527099981151,3,Small,Green
20260527099981150,3,Small,Green
20260527099981149,9,Big,Green
20260527099981148,2,Small,Red
20260527099981147,9,Big,Green
20260527099981146,5,Big,Green Violet
20260527099981145,0,Small,Red Violet
20260527099981144,1,Small,Green
20260527099981143,5,Big,Green Violet
20260527099981142,8,Big,Red
20260527099981141,0,Small,Red Violet
20260527099981140,0,Small,Red Violet
20260527099981139,2,Small,Red
20260527099981138,3,Small,Green
20260527099981137,8,Big,Red
20260527099981136,0,Small,Red Violet
20260527099981135,2,Small,Red
20260527099981134,6,Big,Red
20260527099981133,5,Big,Green Violet
20260527099981132,7,Big,Green
20260527099981131,6,Big,Red
20260527099981130,9,Big,Green
20260527099981129,1,Small,Green
20260527099981128,9,Big,Green
20260527099981127,7,Big,Green
20260527099981126,5,Big,Green Violet
20260527099981125,0,Small,Red Violet
20260527099981124,4,Small,Red
20260527099981123,0,Small,Red Violet
20260527099981122,0,Small,Red Violet
20260527099981121,1,Small,Green
20260527099981120,3,Small,Green
20260527099981119,0,Small,Red Violet
20260527099981118,0,Small,Red Violet
20260527099981117,9,Big,Green
20260527099981116,9,Big,Green
20260527099981115,8,Big,Red
20260527099981114,5,Big,Green Violet
20260527099981113,7,Big,Green
20260527099981112,0,Small,Red Violet
20260527099981111,1,Small,Green
20260527099981110,4,Small,Red
20260527099981109,3,Small,Green
20260527099981108,5,Big,Green Violet
20260527099981107,0,Small,Red Violet
20260527099981106,2,Small,Red
20260527099981105,0,Small,Red Violet
20260527099981104,0,Small,Red Violet
20260527099981103,7,Big,Green
20260527099981102,6,Big,Red
20260527099981101,5,Big,Green Violet
20260527099981100,9,Big,Green
20260527099981099,6,Big,Red
20260527099981098,8,Big,Red
20260527099981097,8,Big,Red
20260527099981096,6,Big,Red
20260527099981095,1,Small,Green
20260527099981094,5,Big,Green Violet
20260527099981093,0,Small,Red Violet
20260527099981092,2,Small,Red
20260527099981091,9,Big,Green
20260527099981090,8,Big,Red
20260527099981089,5,Big,Green Violet
20260527099981088,7,Big,Green
20260527099981087,2,Small,Red
20260527099981086,9,Big,Green
20260527099981085,2,Small,Red
20260527099981084,4,Small,Red
20260527099981083,7,Big,Green
20260527099981082,7,Big,Green
20260527099981081,8,Big,Red
20260527099981080,9,Big,Green
20260527099981079,1,Small,Green
20260527099981078,7,Big,Green
20260527099981077,7,Big,Green
20260527099981076,9,Big,Green
20260527099981075,8,Big,Red
20260527099981074,9,Big,Green
20260527099981073,0,Small,Red Violet
20260527099981072,4,Small,Red
20260527099981071,2,Small,Red
20260527099981070,6,Big,Red
20260527099981069,6,Big,Red
20260527099981068,3,Small,Green
20260527099981067,7,Big,Green
20260527099981066,4,Small,Red
20260527099981065,1,Small,Green
20260527099981064,7,Big,Green
20260527099981063,7,Big,Green
20260527099981062,9,Big,Green
20260527099981061,3,Small,Green
20260527099981060,7,Big,Green
20260527099981059,3,Small,Green
20260527099981058,5,Big,Green Violet
20260527099981057,5,Big,Green Violet
20260527099981056,2,Small,Red
20260527099981055,1,Small,Green
20260527099981054,5,Big,Green Violet
20260527099981053,5,Big,Green Violet
20260527099981052,2,Small,Red
20260527099981051,4,Small,Red
20260527099981050,0,Small,Red Violet
20260527099981049,8,Big,Red
20260527099981048,0,Small,Red Violet
20260527099981047,5,Big,Green Violet
20260527099981046,9,Big,Green
20260527099981045,5,Big,Green Violet
20260527099981044,5,Big,Green Violet
20260527099981043,0,Small,Red Violet
20260527099981042,7,Big,Green
20260527099981041,2,Small,Red
20260527099981040,5,Big,Green Violet
20260527099981039,3,Small,Green
20260527099981038,6,Big,Red
20260527099981037,6,Big,Red
20260527099981036,4,Small,Red
20260527099981035,5,Big,Green Violet
20260527099981034,8,Big,Red
20260527099981033,4,Small,Red
20260527099981032,6,Big,Red
20260527099981031,6,Big,Red
20260527099981030,1,Small,Green
20260527099981029,4,Small,Red
20260527099981028,3,Small,Green
20260527099981027,2,Small,Red
20260527099981026,1,Small,Green
20260527099981025,1,Small,Green
20260527099981024,6,Big,Red
20260527099981023,8,Big,Red
20260527099981022,4,Small,Red
20260527099981021,6,Big,Red
20260527099981020,9,Big,Green
20260527099981019,4,Small,Red
20260527099981018,3,Small,Green
20260527099981017,3,Small,Green
20260527099981016,0,Small,Red Violet
20260527099981015,9,Big,Green
20260527099981014,4,Small,Red
20260527099981013,0,Small,Red Violet
20260527099981012,0,Small,Red Violet
20260527099981011,6,Big,Red
20260527099981010,6,Big,Red
20260527099981009,4,Small,Red
20260527099981008,1,Small,Green
20260527099981007,4,Small,Red
20260527099981006,6,Big,Red
20260527099981005,6,Big,Red
20260527099981004,3,Small,Green
20260527099981003,0,Small,Red Violet
20260527099981002,3,Small,Green
20260527099981001,5,Big,Green Violet
20260527099981000,2,Small,Red
20260527099980999,5,Big,Green Violet
20260527099980998,2,Small,Red
20260527099980997,5,Big,Green Violet
20260527099980996,4,Small,Red
20260527099980995,2,Small,Red
20260527099980994,9,Big,Green
20260527099980993,2,Small,Red
20260527099980992,9,Big,Green
20260527099980991,0,Small,Red Violet
20260527099980990,0,Small,Red Violet
20260527099980989,3,Small,Green
20260527099980988,9,Big,Green
20260527099980987,8,Big,Red
20260527099980986,4,Small,Red
20260527099980985,5,Big,Green Violet
20260527099980984,6,Big,Red
